Time(s), CPU%, Memory(MB)
1750389922.366862, 0.1, 2407.53125
1750389923.372024, 0.0, 2096.1875
1750389924.377096, 0.0, 2026.25
1750389925.382161, 0.0, 2026.25
1750389926.3872168, 0.0, 1984.515625
1750389927.392283, 0.1, 1837.453125
1750389928.3973382, 0.0, 1789.0
1750389929.40238, 0.0, 1710.15625
1750389930.408095, 0.0, 1655.90625
1750389931.413153, 0.0, 1655.734375
1750389932.4182022, 0.0, 1655.734375
1750389933.423251, 0.0, 1655.734375
1750389934.428294, 0.0, 1655.734375
1750389935.433336, 0.0, 1655.734375
1750389936.438376, 0.0, 1655.734375
1750389937.4436128, 0.0, 1655.734375
1750389938.448661, 0.0, 1655.734375
1750389939.453702, 0.0, 1655.734375
1750389940.458761, 0.0, 1655.734375
1750389941.468819, 0.0, 1655.734375
1750389942.4788852, 0.0, 1653.265625
1750389943.489173, 0.0, 1653.25
1750389944.499218, 0.0, 1653.25
1750389945.509265, 0.0, 1653.25
1750389946.519304, 0.0, 1653.25
1750389947.529343, 0.0, 1629.03125
1750389948.539391, 0.0, 1620.390625
1750389949.549432, 0.0, 1569.3125
1750389950.559508, 0.0, 1356.90625
1750389951.5695791, 0.0, 1321.984375
1750389952.579631, 0.0, 1301.125
1750389953.589678, 0.0, 1268.546875
1750389954.6004102, 0.0, 1224.21875
1750389955.610495, 0.0, 1160.125
1750389956.620537, 0.0, 1151.0
1750389957.630593, 0.0, 1111.25
1750389958.640693, 0.0, 884.640625
1750389959.650818, 0.0, 853.5625
1750389960.660885, 0.0, 773.609375
1750389961.670964, 0.0, 735.734375
1750389962.681026, 0.0, 696.796875
1750389963.691069, 0.0, 696.796875
1750389964.70112, 0.0, 696.796875
1750389965.7111611, 0.0, 696.796875
1750389966.721202, 0.0, 696.796875
1750389967.731235, 0.0, 696.796875
1750389968.7412732, 0.0, 696.796875
1750389969.751316, 0.0, 669.171875
1750389970.761358, 0.0, 669.171875
1750389971.77166, 0.0, 632.125
1750389972.781601, 0.0, 632.125
1750389973.7916439, 0.0, 590.296875
1750389974.802351, 0.0, 495.21875
1750389975.812384, 0.0, 389.65625
1750389976.822423, 0.0, 362.109375
1750389977.832463, 0.0, 220.015625
1750389978.8425002, 0.0, 168.03125
1750389979.852609, 0.0, 136.921875
1750389980.8626618, 0.0, 76.609375
1750389981.872729, 0.0, 73.390625
1750389982.882777, 0.0, 73.390625
1750389983.8928242, 0.0, 72.84375
1750389984.9029381, 0.0, 72.84375
1750389985.9129758, 0.0, 72.40625
1750389986.923014, 0.0, 72.40625
1750389987.9330509, 0.0, 72.046875
1750389988.943087, 0.0, 72.046875
1750389989.9531891, 0.0, 72.046875
1750389990.963223, 0.0, 71.96875
1750389991.973255, 0.0, 70.96875
1750389992.983299, 0.0, 70.640625
1750389993.993335, 0.0, 70.640625
1750389995.003438, 0.0, 70.640625
1750389996.013477, 0.0, 70.484375
1750389997.02351, 0.0, 70.484375
1750389998.033542, 0.0, 70.484375
1750389999.043582, 0.0, 70.484375
1750390000.0537841, 0.0, 70.484375
1750390001.0638232, 0.0, 70.484375
1750390002.073859, 0.0, 70.484375
1750390003.083903, 0.0, 70.484375
1750390004.093937, 0.0, 70.484375
1750390005.1039732, 0.9, 90.875
1750390006.114132, 0.0, 90.875
1750390007.124205, 0.0, 90.875
1750390008.134271, 0.0, 90.84375
1750390009.1443179, 0.0, 86.828125
1750390010.154384, 0.0, 68.0
1750390011.1644428, 0.0, 67.984375
1750390012.174674, 0.0, 67.984375
1750390013.184712, 0.0, 67.984375
1750390014.194752, 0.0, 67.984375
1750390015.2048059, 0.0, 67.796875
1750390016.209926, 0.0, 66.578125
1750390017.215091, 0.0, 64.609375
1750390018.2196338, 0.0, 60.875
1750390019.224734, 0.0, 56.203125
1750390020.229811, 0.0, 55.734375
1750390021.2348878, 0.0, 53.90625
1750390022.2401202, 0.0, 53.859375
1750390023.245207, 0.0, 53.859375
1750390024.250292, 0.0, 53.859375
1750390025.255351, 0.0, 53.859375
1750390026.260427, 0.0, 52.984375
1750390027.2609951, 0.0, 52.984375
1750390028.266191, 0.0, 52.984375
1750390029.271272, 0.0, 52.984375
1750390030.27634, 0.0, 49.375
1750390031.2814, 0.0, 32.859375
1750390032.286529, 0.0, 32.703125
1750390033.317923, 0.0, 32.703125
1750390034.321235, 0.0, 32.703125
1750390035.326139, 0.0, 32.703125
1750390036.33123, 0.0, 32.59375
1750390037.34577, 0.1, 35.25
1750390038.3510542, 0.0, 35.25
1750390039.3567429, 0.0, 35.25
1750390040.366824, 0.0, 36.078125
1750390041.372303, 0.0, 36.078125
1750390042.376569, 0.0, 36.078125
1750390043.382317, 0.0, 36.078125
1750390044.384953, 0.0, 36.078125
1750390045.39025, 0.0, 36.078125
1750390046.391144, 0.0, 36.078125
1750390047.397318, 0.0, 36.078125
1750390048.402973, 0.0, 36.078125
1750390049.4087548, 0.0, 36.078125
1750390050.4140701, 0.0, 36.078125
1750390051.4174888, 0.0, 36.078125
1750390052.42281, 0.0, 36.078125
1750390053.4281018, 0.0, 36.078125
1750390054.4381928, 0.0, 36.078125
1750390055.448931, 0.0, 36.078125
1750390056.454263, 0.0, 36.078125
1750390057.4595551, 0.0, 36.078125
1750390058.465025, 0.0, 36.078125
1750390059.4703429, 0.0, 36.078125
1750390060.4726138, 0.0, 36.078125
1750390061.477924, 0.0, 36.078125
1750390062.48235, 0.0, 36.078125
1750390063.48766, 0.0, 36.078125
1750390064.492807, 0.0, 36.078125
1750390065.498133, 0.0, 36.078125
1750390066.503523, 0.0, 36.078125
1750390067.5088232, 0.0, 36.078125
1750390068.518653, 0.0, 36.078125
1750390069.522836, 0.0, 36.078125
1750390070.5291982, 0.0, 36.078125
1750390071.534501, 0.0, 36.078125
1750390072.5398011, 0.0, 36.078125
1750390073.544692, 0.0, 36.078125
1750390074.5507042, 0.0, 36.078125
1750390075.557342, 0.0, 36.078125
1750390076.5644631, 0.0, 36.078125
1750390077.579539, 0.0, 36.078125
1750390078.5825632, 0.0, 36.078125
1750390079.587873, 0.0, 36.078125
1750390080.589482, 0.0, 36.078125
1750390081.59769, 0.0, 36.078125
1750390082.603828, 0.0, 36.078125
1750390083.618119, 0.0, 36.078125
1750390084.6253319, 0.0, 36.078125
1750390085.629157, 0.0, 36.078125
1750390086.6362739, 0.0, 36.078125
1750390087.64976, 0.0, 36.078125
1750390088.6618931, 0.0, 36.078125
1750390089.685727, 0.0, 36.078125
1750390090.6919522, 0.0, 36.078125
1750390091.699677, 0.0, 36.078125
1750390092.701323, 0.0, 36.078125
1750390093.708365, 0.0, 36.078125
1750390094.7166588, 0.0, 36.078125
1750390095.725004, 0.0, 36.078125
1750390096.727932, 0.0, 36.078125
1750390097.733241, 0.0, 36.078125
1750390098.736275, 0.0, 36.078125
1750390099.7456472, 0.0, 36.078125
1750390100.7519, 0.0, 36.078125
1750390101.765358, 0.0, 35.96875
1750390102.770595, 0.0, 35.96875
1750390103.772423, 0.0, 35.96875
1750390104.778931, 0.0, 35.96875
1750390105.793622, 0.0, 35.96875
1750390106.799371, 0.0, 35.96875
1750390107.8119879, 0.0, 35.96875
1750390108.816594, 0.0, 35.96875
1750390109.821895, 0.0, 35.96875
1750390110.830889, 0.0, 35.96875
1750390111.843755, 0.0, 35.96875
1750390112.8490329, 0.0, 35.96875
1750390113.850482, 0.0, 35.96875
1750390114.855767, 0.0, 35.96875
1750390115.86379, 0.0, 35.96875
1750390116.8688262, 0.0, 35.96875
1750390117.88289, 0.0, 35.96875
1750390118.895181, 0.0, 35.96875
1750390119.901213, 0.0, 34.265625
1750390120.906841, 0.0, 34.265625
1750390121.9245498, 0.0, 34.265625
1750390122.9324968, 0.0, 33.171875
1750390123.935949, 0.0, 32.359375
1750390124.941268, 0.0, 32.359375
1750390125.9501429, 0.0, 32.359375
1750390126.9624, 0.0, 32.359375
1750390127.96811, 0.0, 32.359375
1750390128.973421, 0.0, 32.359375
1750390129.978713, 0.0, 32.359375
1750390130.990221, 0.0, 32.359375
1750390132.000387, 0.0, 32.359375
1750390133.009024, 0.0, 32.359375
1750390134.0147488, 0.0, 32.359375
1750390135.02197, 0.0, 32.359375
1750390136.027478, 0.0, 32.359375
1750390137.033638, 0.0, 32.359375
1750390138.038945, 0.0, 32.359375
1750390139.040807, 0.0, 32.359375
1750390140.047415, 0.0, 32.359375
1750390141.0533319, 0.0, 32.359375
1750390142.065078, 0.0, 32.359375
1750390143.067704, 0.0, 32.359375
1750390144.071334, 0.0, 32.359375
1750390145.0842109, 0.0, 32.359375
1750390146.092392, 0.0, 32.359375
1750390147.101084, 0.0, 32.359375
1750390148.114008, 0.0, 32.359375
1750390149.124276, 0.0, 32.359375
1750390150.131812, 0.0, 32.359375
1750390151.136436, 0.0, 32.359375
1750390152.13888, 0.0, 32.359375
1750390153.1395059, 0.0, 32.359375
1750390154.140727, 0.0, 32.359375
1750390155.146442, 0.0, 32.359375
1750390156.1538591, 0.0, 32.359375
1750390157.15987, 0.0, 32.359375
1750390158.1657531, 0.0, 32.359375
1750390159.171071, 0.0, 32.359375
1750390160.1777, 0.0, 32.359375
1750390161.179501, 0.0, 32.359375
1750390162.185816, 0.0, 32.359375
1750390163.192522, 0.0, 32.359375
1750390164.200089, 0.0, 32.359375
1750390165.2045388, 0.0, 32.359375
1750390166.214207, 0.0, 32.359375
1750390167.219488, 0.0, 32.359375
1750390168.225512, 0.0, 32.359375
1750390169.231796, 0.0, 32.359375
1750390170.239674, 0.0, 32.359375
1750390171.245816, 0.0, 32.359375
1750390172.251452, 0.0, 32.359375
1750390173.255751, 0.0, 32.359375
1750390174.263995, 0.0, 32.359375
1750390175.2652748, 0.0, 32.359375
1750390176.2746701, 0.0, 32.359375
1750390177.2797692, 0.0, 32.359375
1750390178.285056, 0.0, 32.359375
1750390179.28667, 0.0, 32.359375
1750390180.2937548, 0.0, 32.359375
1750390181.3001049, 0.0, 32.359375
1750390182.308189, 0.0, 32.359375
1750390183.318629, 0.0, 32.359375
1750390184.319828, 0.0, 32.359375
1750390185.328127, 0.0, 32.359375
1750390186.33509, 0.0, 32.359375
1750390187.351326, 0.0, 32.359375
1750390188.3581781, 0.0, 32.359375
1750390189.362227, 0.0, 32.359375
1750390190.367887, 0.0, 32.359375
1750390191.375616, 0.0, 32.359375
1750390192.381375, 0.0, 32.359375
1750390193.38665, 0.0, 32.359375
1750390194.394014, 0.0, 32.359375
1750390195.4039161, 0.0, 32.359375
1750390196.4115572, 0.0, 32.359375
1750390197.416908, 0.0, 32.359375
1750390198.4322848, 0.0, 32.359375
1750390199.433254, 0.0, 32.359375
1750390200.437299, 0.0, 32.359375
1750390201.444652, 0.0, 32.359375
1750390202.448032, 0.0, 32.359375
1750390203.4546208, 0.0, 32.359375
1750390204.457939, 0.0, 32.359375
1750390205.466797, 0.0, 32.359375
1750390206.473304, 0.0, 32.359375
1750390207.482454, 0.0, 32.359375
1750390208.488116, 0.0, 32.359375
1750390209.49331, 0.0, 32.359375
1750390210.503489, 0.0, 32.359375
1750390211.513505, 0.0, 32.359375
1750390212.516577, 0.0, 32.359375
1750390213.517483, 0.0, 32.359375
1750390214.522798, 0.0, 32.359375
1750390215.528901, 0.0, 32.359375
1750390216.534184, 0.0, 32.359375
1750390217.540639, 0.0, 32.359375
1750390218.5468512, 0.0, 32.359375
1750390219.5637069, 0.0, 32.359375
1750390220.568948, 0.0, 32.359375
1750390221.5738502, 0.0, 32.359375
1750390222.576666, 0.0, 32.359375
1750390223.583078, 0.0, 32.359375
1750390224.58829, 0.0, 32.359375
1750390225.5988321, 0.0, 32.359375
1750390226.61285, 0.0, 32.359375
1750390227.620904, 0.0, 32.359375
1750390228.629498, 0.0, 32.359375
1750390229.636202, 0.0, 32.359375
1750390230.649654, 0.0, 32.359375
1750390231.657983, 0.0, 32.359375
1750390232.662616, 0.0, 32.359375
1750390233.665688, 0.0, 32.359375
1750390234.676878, 0.0, 32.359375
1750390235.682163, 0.0, 32.359375
1750390236.687181, 0.0, 32.359375
1750390237.692436, 0.0, 32.359375
1750390238.69774, 0.0, 32.359375
1750390239.7042072, 0.0, 32.359375
1750390240.711264, 0.0, 32.359375
1750390241.716518, 0.0, 32.359375
1750390242.722218, 0.0, 32.359375
1750390243.725544, 0.0, 32.359375
1750390244.730795, 0.0, 32.359375
1750390245.735929, 0.0, 32.359375
1750390246.741179, 0.0, 32.359375
1750390247.7464378, 0.0, 32.359375
1750390248.751709, 0.0, 32.359375
1750390249.757024, 0.0, 32.359375
1750390250.7666209, 0.0, 32.359375
1750390251.7722821, 0.0, 32.359375
1750390252.7775471, 0.0, 32.359375
1750390253.782795, 0.0, 32.359375
1750390254.7880452, 0.0, 32.359375
1750390255.7932348, 0.0, 32.359375
1750390256.798513, 0.0, 32.359375
1750390257.80118, 0.0, 32.359375
1750390258.806459, 0.0, 32.359375
1750390259.811736, 0.0, 32.359375
1750390260.816988, 0.0, 32.359375
1750390261.821544, 0.0, 32.359375
1750390262.826807, 0.0, 32.359375
1750390263.833556, 0.0, 32.359375
1750390264.838839, 0.0, 32.359375
1750390265.841509, 0.0, 32.359375
1750390266.8422909, 0.0, 32.359375
1750390267.8475661, 0.0, 32.359375
1750390268.849084, 0.0, 32.359375
1750390269.852145, 0.0, 32.359375
1750390270.857684, 0.0, 32.359375
1750390271.862937, 0.0, 32.359375
1750390272.867805, 0.0, 32.359375
1750390273.875833, 0.0, 32.359375
1750390274.881334, 0.0, 32.359375
1750390275.886625, 0.0, 32.359375
1750390276.89249, 0.0, 32.359375
1750390277.89776, 0.0, 32.359375
1750390278.908461, 0.0, 32.359375
1750390279.914467, 0.0, 32.359375
1750390280.917166, 0.0, 32.359375
1750390281.922386, 0.0, 32.359375
1750390282.9296908, 0.0, 32.359375
1750390283.935061, 0.0, 32.359375
1750390284.941907, 0.0, 32.359375
1750390285.969576, 0.0, 32.359375
1750390286.974784, 0.0, 32.359375
1750390287.976867, 0.0, 32.359375
1750390288.982185, 0.0, 32.359375
1750390289.9893062, 0.0, 32.359375
1750390290.9938612, 0.0, 32.359375
1750390291.99925, 0.0, 32.359375
1750390293.00492, 0.0, 32.359375
1750390294.0125382, 0.0, 32.359375
1750390295.0178041, 0.0, 32.359375
1750390296.0230122, 0.0, 32.359375
1750390297.0245702, 0.0, 32.359375
1750390298.02787, 0.0, 32.359375
1750390299.033149, 0.0, 32.359375
1750390300.041736, 0.0, 32.359375
1750390301.046046, 0.0, 32.359375
1750390302.0479329, 0.0, 32.359375
1750390303.0563982, 0.0, 32.359375
1750390304.057753, 0.0, 32.359375
1750390305.063099, 0.0, 32.359375
1750390306.065162, 0.0, 32.359375
1750390307.067252, 0.0, 32.359375
1750390308.072532, 0.0, 32.359375
1750390309.076417, 0.0, 32.359375
1750390310.081544, 0.0, 32.359375
1750390311.0866282, 0.0, 32.359375
1750390312.091784, 0.1, 34.625
1750390313.0974112, 0.0, 34.625
1750390314.1021981, 0.0, 34.625
1750390315.107471, 0.0, 34.625
1750390316.111635, 0.0, 34.625
1750390317.115325, 0.0, 34.625
1750390318.118932, 0.0, 34.625
1750390319.124228, 0.0, 34.625
1750390320.130412, 0.0, 34.625
1750390321.139647, 0.0, 34.625
1750390322.1489348, 0.0, 34.625
1750390323.150351, 0.0, 34.625
1750390324.155631, 0.0, 34.625
1750390325.160914, 0.0, 34.625
1750390326.163272, 0.0, 34.625
1750390327.169626, 0.0, 34.625
1750390328.175134, 0.0, 34.625
1750390329.180429, 0.0, 34.625
1750390330.1860511, 0.0, 34.625
1750390331.190999, 0.0, 34.625
1750390332.196327, 0.0, 34.625
1750390333.204625, 0.0, 34.625
1750390334.209913, 0.0, 34.625
1750390335.215212, 0.0, 34.625
1750390336.2204921, 0.0, 34.625
1750390337.2257988, 0.0, 34.625
1750390338.2327821, 0.0, 34.625
1750390339.2376928, 0.0, 34.625
1750390340.243003, 0.0, 34.625
1750390341.24832, 0.0, 34.625
1750390342.253644, 0.0, 34.625
1750390343.258951, 0.0, 34.625
1750390344.262542, 0.0, 34.625
1750390345.2634082, 0.0, 34.625
1750390346.2686841, 0.0, 34.625
1750390347.276041, 0.0, 34.625
1750390348.2813172, 0.0, 34.625
1750390349.287562, 0.0, 34.625
1750390350.2928672, 0.0, 34.625
1750390351.2986722, 0.0, 34.625
1750390352.303353, 0.0, 34.625
1750390353.306025, 0.0, 34.625
1750390354.311321, 0.0, 34.625
1750390355.313901, 0.0, 34.625
1750390356.3165061, 0.0, 34.625
1750390357.321783, 0.0, 34.625
1750390358.324954, 0.0, 34.625
1750390359.3374789, 0.0, 34.625
1750390360.343937, 0.0, 34.625
1750390361.357486, 0.0, 34.625
1750390362.363266, 0.0, 34.625
1750390363.368547, 0.0, 34.625
1750390364.3745852, 0.0, 34.625
1750390365.379851, 0.0, 34.625
1750390366.382005, 0.0, 34.625
1750390367.392388, 0.0, 34.625
1750390368.395612, 0.0, 34.625
1750390369.4002528, 0.0, 34.625
1750390370.405529, 0.0, 34.625
1750390371.41019, 0.0, 34.625
1750390372.415471, 0.0, 34.625
1750390373.420757, 0.0, 34.625
1750390374.426034, 0.0, 34.625
1750390375.431319, 0.0, 34.625
1750390376.4337301, 0.0, 34.625
1750390377.439038, 0.0, 34.625
1750390378.444661, 0.0, 34.625
1750390379.4533498, 0.0, 34.625
1750390380.455043, 0.0, 34.625
1750390381.457095, 0.0, 34.625
1750390382.4610162, 0.0, 34.625
1750390383.466285, 0.0, 34.625
1750390384.471564, 0.0, 34.625
1750390385.477936, 0.0, 34.625
1750390386.485316, 0.0, 34.625
1750390387.4905899, 0.0, 34.625
1750390388.4926999, 0.0, 34.625
1750390389.497983, 0.0, 34.625
1750390390.505812, 0.0, 34.625
1750390391.511128, 0.0, 34.625
1750390392.519606, 0.0, 34.625
1750390393.524514, 0.0, 34.625
1750390394.535519, 0.0, 34.625
1750390395.540918, 0.0, 34.625
1750390396.546231, 0.0, 34.625
1750390397.55297, 0.0, 34.625
1750390398.558242, 0.0, 34.625
1750390399.559115, 0.0, 34.625
1750390400.5647202, 0.0, 34.625
1750390401.570018, 0.0, 34.625
1750390402.57538, 0.0, 34.625
1750390403.5761979, 0.0, 34.625
1750390404.584231, 0.0, 34.625
1750390405.589472, 0.0, 34.625
1750390406.602102, 0.0, 34.625
1750390407.6093729, 0.0, 34.625
1750390408.614651, 0.0, 34.625
1750390409.619945, 0.0, 34.625
1750390410.6281862, 0.0, 34.625
1750390411.633467, 0.0, 34.625
1750390412.638788, 0.0, 34.625
1750390413.644066, 0.0, 34.625
1750390414.652297, 0.0, 34.625
1750390415.658714, 0.0, 34.625
1750390416.659416, 0.0, 34.625
1750390417.6646788, 0.0, 34.625
1750390418.671144, 0.0, 34.625
1750390419.676726, 0.0, 34.625
1750390420.687225, 0.0, 34.625
1750390421.693356, 0.0, 34.625
1750390422.699693, 0.0, 34.625
1750390423.704989, 0.0, 34.625
1750390424.707587, 0.0, 34.625
1750390425.7122738, 0.0, 34.625
1750390426.7129102, 0.0, 34.625
1750390427.713839, 0.0, 34.625
1750390428.716218, 0.0, 34.625
1750390429.721896, 0.0, 34.625
1750390430.727187, 0.0, 34.625
1750390431.730443, 0.0, 34.625
1750390432.7353659, 0.0, 34.625
1750390433.7369459, 0.0, 34.625
1750390434.740423, 0.0, 34.625
1750390435.7414799, 0.0, 34.625
1750390436.746739, 0.0, 34.625
1750390437.752022, 0.0, 34.625
1750390438.7572842, 0.0, 34.625
1750390439.762532, 0.0, 34.625
1750390440.765582, 0.0, 34.625
1750390441.769251, 0.0, 34.625
1750390442.771046, 0.0, 34.625
1750390443.7762828, 0.0, 34.625
1750390444.776926, 0.0, 34.625
1750390445.782185, 0.0, 34.625
1750390446.78748, 0.0, 34.625
1750390447.792734, 0.0, 34.625
1750390448.798008, 0.0, 34.625
1750390449.8032901, 0.0, 34.625
1750390450.8085551, 0.0, 34.625
1750390451.813792, 0.0, 34.625
1750390452.815041, 0.0, 34.625
1750390453.815816, 0.0, 34.625
1750390454.821054, 0.0, 34.625
1750390455.822805, 0.0, 34.625
1750390456.828002, 0.0, 34.625
1750390457.828236, 0.0, 34.625
1750390458.833369, 0.0, 34.625
1750390459.838448, 0.0, 34.625
1750390460.843509, 0.0, 34.625
1750390461.848594, 0.0, 34.625
1750390462.853725, 0.0, 34.625
1750390463.864416, 0.0, 34.703125
1750390464.869619, 0.0, 34.703125
1750390465.877322, 0.0, 34.703125
1750390466.884446, 0.0, 34.703125
1750390467.8897321, 0.0, 34.703125
1750390468.89396, 0.0, 34.703125
1750390469.896529, 0.0, 34.703125
1750390470.899284, 0.0, 34.703125
1750390471.900417, 0.0, 34.703125
1750390472.909054, 0.0, 34.703125
1750390473.912307, 0.0, 34.703125
1750390474.9157481, 0.0, 34.703125
1750390475.9209101, 0.0, 34.703125
1750390476.9204988, 0.0, 34.703125
1750390477.92474, 0.0, 34.703125
1750390478.928491, 0.0, 34.703125
1750390479.932792, 0.0, 34.703125
1750390480.935522, 0.0, 34.703125
1750390481.939554, 0.0, 34.703125
1750390482.9436858, 0.0, 34.703125
1750390483.948121, 0.0, 34.703125
1750390484.958055, 0.0, 34.703125
1750390485.962759, 0.0, 34.703125
1750390487.013081, 0.0, 34.703125
1750390488.0175638, 0.0, 34.703125
1750390489.020158, 0.0, 34.703125
1750390490.0265112, 0.0, 34.703125
1750390491.0310469, 0.0, 34.703125
1750390492.035722, 0.0, 34.703125
1750390493.040389, 0.0, 34.703125
1750390494.0486841, 0.0, 34.703125
1750390495.0510342, 0.0, 34.703125
1750390496.055787, 0.0, 34.703125
1750390497.064706, 0.0, 34.703125
1750390498.069712, 0.0, 34.703125
1750390499.074574, 0.0, 34.703125
1750390500.079448, 0.0, 34.703125
1750390501.080877, 0.0, 34.703125
1750390502.0825331, 0.0, 34.703125
1750390503.08364, 0.0, 34.703125
1750390504.0887911, 0.0, 34.703125
1750390505.089222, 0.0, 34.703125
1750390506.0913842, 0.0, 34.703125
1750390507.0971148, 0.0, 34.703125
1750390508.1021628, 0.0, 34.703125
1750390509.104349, 0.0, 34.703125
1750390510.107857, 0.0, 34.703125
1750390511.112997, 0.0, 34.703125
1750390512.118432, 0.0, 34.703125
1750390513.1271071, 0.0, 34.703125
1750390514.1322198, 0.0, 34.703125
1750390515.137356, 0.0, 34.703125
1750390516.140469, 0.0, 34.703125
1750390517.147975, 0.0, 34.703125
1750390518.1497521, 0.0, 34.703125
1750390519.150244, 0.0, 34.703125
1750390520.155448, 0.0, 34.703125
1750390521.162616, 0.0, 34.703125
1750390522.167707, 0.0, 34.703125
1750390523.1728718, 0.0, 34.703125
1750390524.175711, 0.0, 34.703125
1750390525.180906, 0.0, 34.703125
1750390526.1812322, 0.0, 34.703125
1750390527.187446, 0.0, 34.703125
1750390528.194368, 0.0, 34.703125
1750390529.200245, 0.0, 34.703125
1750390530.205472, 0.0, 34.703125
1750390531.210695, 0.0, 34.703125
1750390532.219423, 0.0, 34.703125
1750390533.225674, 0.0, 34.703125
1750390534.230915, 0.0, 34.703125
1750390535.236135, 0.0, 34.703125
1750390536.241366, 0.0, 34.703125
1750390537.246706, 0.0, 34.703125
1750390538.251957, 0.0, 34.703125
1750390539.2534778, 0.0, 34.703125
1750390540.2587469, 0.0, 34.703125
1750390541.2678158, 0.0, 34.703125
1750390542.269835, 0.0, 34.703125
1750390543.276614, 0.0, 34.703125
1750390544.281346, 0.0, 34.703125
1750390545.282527, 0.0, 34.703125
1750390546.287797, 0.0, 34.703125
1750390547.2936351, 0.0, 34.703125
1750390548.29919, 0.0, 34.703125
1750390549.304093, 0.0, 34.703125
1750390550.30864, 0.0, 34.703125
1750390551.31421, 0.0, 34.703125
1750390552.319718, 0.0, 34.703125
1750390553.3275468, 0.0, 34.703125
1750390554.332407, 0.0, 34.703125
1750390555.342906, 0.0, 34.703125
1750390556.348166, 0.0, 34.703125
1750390557.3534322, 0.0, 34.703125
1750390558.359013, 0.0, 34.703125
1750390559.364723, 0.0, 34.703125
1750390560.370796, 0.0, 34.703125
1750390561.374045, 0.0, 34.703125
1750390562.379321, 0.0, 34.703125
1750390563.384587, 0.0, 34.703125
1750390564.3932202, 0.0, 34.703125
1750390565.398486, 0.0, 34.703125
1750390566.403748, 0.0, 34.703125
1750390567.411137, 0.0, 34.703125
1750390568.416477, 0.0, 34.703125
1750390569.420575, 0.0, 34.703125
1750390570.427608, 0.0, 34.703125
1750390571.432898, 0.0, 34.703125
1750390572.436331, 0.0, 34.703125
1750390573.438543, 0.0, 34.703125
1750390574.444031, 0.0, 34.703125
1750390575.447343, 0.0, 34.703125
1750390576.453661, 0.0, 34.703125
1750390577.458685, 0.0, 34.703125
1750390578.4639611, 0.0, 34.703125
1750390579.466169, 0.0, 34.703125
1750390580.471437, 0.0, 34.703125
1750390581.476678, 0.0, 34.703125
1750390582.4805388, 0.0, 34.703125
1750390583.485813, 0.0, 34.703125
1750390584.491096, 0.0, 34.703125
1750390585.4963672, 0.0, 34.703125
1750390586.5019698, 0.0, 34.703125
1750390587.506013, 0.0, 34.703125
1750390588.5112882, 0.0, 34.703125
1750390589.517465, 0.0, 34.703125
1750390590.521445, 0.0, 34.703125
1750390591.529848, 0.0, 34.703125
1750390592.530914, 0.0, 34.703125
1750390593.537944, 0.0, 34.703125
1750390594.5435321, 0.0, 34.703125
1750390595.5553422, 0.0, 34.703125
1750390596.5606248, 0.0, 34.703125
1750390597.565891, 0.0, 34.703125
1750390598.5718951, 0.0, 34.703125
1750390599.578552, 0.0, 34.703125
1750390600.581354, 0.0, 34.703125
1750390601.586645, 0.0, 34.703125
1750390602.5903842, 0.0, 34.703125
1750390603.5956538, 0.0, 34.703125
1750390604.600713, 0.0, 34.703125
1750390605.606733, 0.0, 34.703125
1750390606.612013, 0.0, 34.703125
1750390607.616868, 0.0, 34.703125
1750390608.622182, 0.0, 34.703125
1750390609.625746, 0.0, 34.703125
1750390610.631006, 0.0, 34.703125
1750390611.636789, 0.0, 34.703125
1750390612.6420832, 0.0, 34.703125
1750390613.6473641, 0.0, 34.703125
1750390614.652645, 0.0, 34.703125
1750390615.6603022, 0.0, 34.703125
1750390616.6674922, 0.0, 34.703125
1750390617.672779, 0.0, 34.703125
1750390618.683418, 0.0, 34.703125
1750390619.689398, 0.0, 34.703125
1750390620.693663, 0.0, 34.703125
1750390621.698951, 0.0, 34.703125
1750390622.7042508, 0.0, 34.703125
1750390623.706178, 0.0, 34.703125
1750390624.707853, 0.0, 34.703125
1750390625.7090611, 0.0, 34.703125
1750390626.710112, 0.0, 34.703125
1750390627.715652, 0.0, 34.703125
1750390628.720748, 0.0, 34.703125
1750390629.7212439, 0.0, 34.703125
1750390630.725708, 0.0, 34.703125
1750390631.730934, 0.0, 34.703125
1750390632.733428, 0.0, 34.703125
1750390633.738603, 0.0, 34.703125
1750390634.7437088, 0.0, 34.703125
1750390635.748799, 0.0, 34.703125
1750390636.753862, 0.0, 34.703125
1750390637.758922, 0.0, 34.703125
1750390638.7639759, 0.0, 34.703125
1750390639.769027, 0.0, 34.703125
1750390640.774082, 0.0, 34.703125
1750390641.779168, 0.0, 34.703125
1750390642.781884, 0.0, 34.71875
1750390643.791184, 0.0, 34.71875
1750390644.79458, 0.0, 34.71875
1750390645.802182, 0.0, 34.71875
1750390646.804532, 0.0, 34.71875
1750390647.809788, 0.0, 34.71875
1750390648.814177, 0.0, 34.71875
1750390649.816778, 0.0, 34.71875
1750390650.820887, 0.0, 34.71875
1750390651.830552, 0.0, 34.71875
1750390652.835844, 0.0, 34.71875
1750390653.841144, 0.0, 34.71875
1750390654.846439, 0.0, 34.71875
1750390655.8517199, 0.0, 34.71875
1750390656.852768, 0.0, 34.71875
1750390657.860904, 0.0, 34.71875
1750390658.865293, 0.0, 34.71875
1750390659.870584, 0.0, 34.71875
1750390660.875929, 0.0, 34.71875
1750390661.881351, 0.0, 34.71875
1750390662.88666, 0.0, 34.71875
1750390663.891906, 0.0, 34.71875
1750390664.8971572, 0.0, 34.71875
1750390665.90243, 0.0, 34.71875
1750390666.907485, 0.0, 34.71875
1750390667.912742, 0.0, 34.71875
1750390668.91798, 0.0, 34.71875
1750390669.9183202, 0.0, 34.71875
1750390670.922545, 0.0, 34.71875
1750390671.927837, 0.0, 34.71875
1750390672.933131, 0.0, 34.71875
1750390673.9385312, 0.0, 34.71875
1750390674.947138, 0.0, 34.71875
1750390675.947988, 0.0, 34.71875
1750390676.952665, 0.0, 34.71875
1750390677.957912, 0.0, 34.71875
1750390678.963202, 0.0, 34.71875
1750390679.968459, 0.0, 34.71875
1750390680.9737, 0.0, 34.71875
1750390681.976864, 0.0, 34.71875
1750390682.982123, 0.0, 34.71875
1750390683.987394, 0.0, 34.71875
1750390684.992843, 0.0, 34.71875
1750390685.998122, 0.0, 34.71875
1750390687.005499, 0.0, 34.71875
1750390688.0112891, 0.0, 34.71875
1750390689.016556, 0.0, 34.71875
1750390690.0218282, 0.0, 34.71875
1750390691.0271091, 0.0, 34.71875
1750390692.032363, 0.0, 34.71875
1750390693.035626, 0.0, 34.71875
1750390694.041014, 0.0, 34.71875
1750390695.050657, 0.0, 34.71875
1750390696.05587, 0.0, 34.71875
1750390697.06894, 0.0, 34.71875
1750390698.074172, 0.0, 34.71875
1750390699.079425, 0.0, 34.71875
1750390700.085738, 0.0, 34.71875
1750390701.091012, 0.0, 34.71875
1750390702.096252, 0.0, 34.71875
1750390703.097336, 0.0, 34.71875
1750390704.102592, 0.0, 34.71875
1750390705.107487, 0.0, 34.71875
1750390706.112124, 0.0, 34.71875
1750390707.1174002, 0.0, 34.71875
1750390708.119093, 0.0, 34.71875
1750390709.124371, 0.0, 34.71875
1750390710.129636, 0.0, 34.71875
1750390711.134878, 0.0, 34.71875
1750390712.140654, 0.0, 34.71875
1750390713.143069, 0.0, 34.71875
1750390714.1445792, 0.0, 34.71875
1750390715.150541, 0.0, 34.71875
1750390716.153118, 0.0, 34.71875
1750390717.15837, 0.0, 34.71875
1750390718.163985, 0.0, 34.71875
1750390719.16936, 0.0, 34.71875
1750390720.172881, 0.0, 34.71875
1750390721.181812, 0.0, 34.71875
1750390722.188417, 0.0, 34.71875
1750390723.1962821, 0.0, 34.71875
1750390724.198831, 0.0, 34.71875
1750390725.2041101, 0.0, 34.71875
1750390726.2097101, 0.0, 34.71875
1750390727.214989, 0.0, 34.71875
1750390728.221295, 0.0, 34.71875
1750390729.2265868, 0.0, 34.71875
1750390730.232397, 0.0, 34.71875
1750390731.237469, 0.0, 34.71875
1750390732.2441988, 0.0, 34.71875
1750390733.2494469, 0.0, 34.71875
1750390734.2524102, 0.0, 34.71875
1750390735.2544708, 0.0, 34.71875
1750390736.259139, 0.0, 34.71875
1750390737.259434, 0.0, 34.71875
1750390738.26173, 0.0, 34.71875
1750390739.266996, 0.0, 34.71875
1750390740.272264, 0.0, 34.71875
1750390741.277567, 0.0, 34.71875
1750390742.2828622, 0.0, 34.71875
1750390743.283473, 0.0, 34.71875
1750390744.288791, 0.0, 34.71875
1750390745.294112, 0.0, 34.71875
1750390746.2956128, 0.0, 34.71875
1750390747.300885, 0.0, 34.71875
1750390748.30353, 0.0, 34.71875
1750390749.310207, 0.0, 34.71875
1750390750.317399, 0.0, 34.71875
1750390751.322649, 0.0, 34.71875
1750390752.328896, 0.0, 34.71875
1750390753.334224, 0.0, 34.71875
1750390754.343084, 0.0, 34.71875
1750390755.348368, 0.0, 34.71875
1750390756.353622, 0.0, 34.71875
1750390757.3584352, 0.0, 34.71875
1750390758.3637629, 0.0, 34.71875
1750390759.366067, 0.0, 34.71875
1750390760.3713238, 0.0, 34.71875
1750390761.377602, 0.0, 34.71875
1750390762.380408, 0.0, 34.71875
1750390763.385663, 0.0, 34.71875
1750390764.390943, 0.0, 34.71875
1750390765.396579, 0.0, 34.71875
1750390766.40045, 0.0, 34.71875
1750390767.4033139, 0.0, 34.71875
1750390768.409003, 0.0, 34.71875
1750390769.411733, 0.0, 34.71875
1750390770.417397, 0.0, 34.71875
1750390771.419949, 0.0, 34.71875
1750390772.4252312, 0.0, 34.71875
1750390773.430542, 0.0, 34.71875
1750390774.435831, 0.0, 34.71875
1750390775.439266, 0.0, 34.71875
1750390776.444524, 0.0, 34.71875
1750390777.449484, 0.0, 34.71875
1750390778.454745, 0.0, 34.71875
1750390779.46, 0.0, 34.71875
1750390780.461746, 0.0, 34.71875
1750390781.467007, 0.0, 34.71875
1750390782.47227, 0.0, 34.71875
1750390783.479077, 0.0, 34.71875
1750390784.484402, 0.0, 34.71875
1750390785.495286, 0.0, 34.71875
1750390786.502916, 0.0, 34.71875
1750390787.503834, 0.0, 34.71875
1750390788.504992, 0.0, 34.71875
1750390789.509475, 0.0, 34.71875
1750390790.514734, 0.0, 34.71875
1750390791.5157812, 0.0, 34.71875
1750390792.521034, 0.0, 34.71875
1750390793.523236, 0.0, 34.71875
1750390794.5326731, 0.0, 34.71875
1750390795.537932, 0.0, 34.71875
1750390796.5396118, 0.0, 34.71875
1750390797.54487, 0.0, 34.71875
1750390798.550116, 0.0, 34.71875
1750390799.5524821, 0.0, 34.71875
1750390800.554369, 0.0, 34.71875
1750390801.559618, 0.0, 34.71875
1750390802.5613031, 0.0, 34.71875
1750390803.5646348, 0.0, 34.71875
1750390804.5698502, 0.0, 34.71875
1750390805.575063, 0.0, 34.71875
1750390806.580608, 0.0, 34.71875
1750390807.5839932, 0.0, 34.71875
1750390808.585789, 0.0, 34.71875
1750390809.590971, 0.0, 34.71875
1750390810.596075, 0.0, 34.71875
1750390811.60116, 0.0, 34.71875
1750390812.606227, 0.0, 34.71875
1750390813.611285, 0.0, 34.71875
1750390814.616343, 0.0, 34.71875
1750390815.6213918, 0.0, 34.71875
1750390816.6264472, 0.0, 34.71875
1750390817.631505, 0.0, 34.71875
1750390818.6365619, 0.0, 34.71875
1750390819.641706, 0.0, 34.734375
1750390820.647331, 0.0, 34.734375
1750390821.648333, 0.0, 34.734375
1750390822.653583, 0.0, 34.734375
1750390823.6588328, 0.0, 34.734375
1750390824.6641018, 0.0, 34.734375
1750390825.667501, 0.0, 34.734375
1750390826.676806, 0.0, 34.734375
1750390827.681516, 0.0, 34.734375
1750390828.68511, 0.0, 34.734375
1750390829.6903691, 0.0, 34.734375
1750390830.69563, 0.0, 34.734375
1750390831.7008939, 0.0, 34.734375
1750390832.7061498, 0.0, 34.734375
1750390833.7088041, 0.0, 34.734375
1750390834.714059, 0.0, 34.734375
1750390835.7193248, 0.0, 34.734375
1750390836.7205179, 0.0, 34.734375
1750390837.7257621, 0.0, 34.734375
1750390838.7323751, 0.0, 34.734375
1750390839.736226, 0.0, 34.734375
1750390840.739697, 0.0, 34.734375
1750390841.741311, 0.0, 34.734375
1750390842.7424152, 0.0, 34.734375
1750390843.746606, 0.0, 34.734375
1750390844.7514439, 0.0, 34.734375
1750390845.7567308, 0.0, 34.734375
1750390846.759222, 0.0, 34.734375
1750390847.7645068, 0.0, 34.734375
1750390848.770912, 0.0, 34.734375
1750390849.776204, 0.0, 34.734375
1750390850.781499, 0.0, 34.734375
1750390851.786751, 0.0, 34.734375
1750390852.7910578, 0.0, 34.734375
1750390853.7963352, 0.0, 34.734375
1750390854.799965, 0.0, 34.734375
1750390855.805196, 0.0, 34.734375
1750390856.810478, 0.0, 34.734375
1750390857.815746, 0.0, 34.734375
1750390858.820985, 0.0, 34.734375
1750390859.824691, 0.0, 34.734375
1750390860.8312268, 0.0, 34.734375
1750390861.836712, 0.0, 34.734375
1750390862.847957, 0.0, 34.734375
1750390863.8532228, 0.0, 34.734375
1750390864.8584719, 0.0, 34.734375
1750390865.859854, 0.0, 34.734375
1750390866.8652182, 0.0, 34.734375
1750390867.866678, 0.0, 34.734375
1750390868.874547, 0.0, 34.734375
1750390869.878036, 0.0, 34.734375
1750390870.8811462, 0.0, 34.734375
1750390871.882495, 0.0, 34.734375
1750390872.889698, 0.0, 34.734375
1750390873.898616, 0.0, 34.734375
1750390874.900094, 0.0, 34.734375
1750390875.90537, 0.0, 34.734375
1750390876.910323, 0.0, 34.734375
1750390877.91418, 0.0, 34.734375
1750390878.9194722, 0.0, 34.734375
1750390879.9212139, 0.0, 34.734375
1750390880.926473, 0.0, 34.734375
1750390881.9312892, 0.0, 34.734375
1750390882.9410949, 0.0, 34.734375
1750390883.9499059, 0.0, 34.734375
1750390884.954936, 0.0, 34.734375
1750390885.959163, 0.0, 34.734375
1750390886.964428, 0.0, 34.734375
1750390887.9697092, 0.0, 34.734375
1750390888.9739132, 0.0, 34.734375
1750390889.979181, 0.0, 34.734375
1750390890.984431, 0.0, 34.734375
1750390891.989682, 0.0, 34.734375
1750390892.992507, 0.0, 34.734375
1750390893.995085, 0.0, 34.734375
1750390894.999212, 0.0, 34.734375
1750390896.0044758, 0.0, 34.734375
1750390897.0097458, 0.0, 34.734375
1750390898.0107808, 0.0, 34.734375
1750390899.016161, 0.0, 34.734375
1750390900.0214028, 0.0, 34.734375
1750390901.02284, 0.0, 34.734375
1750390902.0281081, 0.0, 34.734375
1750390903.0334148, 0.0, 34.734375
1750390904.041041, 0.0, 34.734375
1750390905.0468302, 0.0, 34.734375
1750390906.052324, 0.0, 34.734375
1750390907.057544, 0.0, 34.734375
1750390908.059716, 0.0, 34.734375
1750390909.066905, 0.0, 34.734375
1750390910.072155, 0.0, 34.734375
1750390911.077385, 0.0, 34.734375
1750390912.0826612, 0.0, 34.734375
1750390913.084726, 0.0, 34.734375
1750390914.0882921, 0.0, 34.734375
1750390915.0954309, 0.0, 34.734375
1750390916.103673, 0.0, 34.734375
1750390917.108927, 0.0, 34.734375
1750390918.1129339, 0.0, 34.734375
1750390919.120435, 0.0, 34.734375
1750390920.1256719, 0.0, 34.734375
1750390921.130914, 0.0, 34.734375
1750390922.1361768, 0.0, 34.734375
1750390923.141456, 0.0, 34.734375
1750390924.146731, 0.0, 34.734375
1750390925.150717, 0.0, 34.734375
1750390926.151764, 0.0, 34.734375
1750390927.156754, 0.0, 34.734375
1750390928.1620018, 0.0, 34.734375
1750390929.167253, 0.0, 34.734375
1750390930.169687, 0.0, 34.734375
1750390931.175618, 0.0, 34.734375
1750390932.180884, 0.0, 34.734375
1750390933.1862242, 0.0, 34.734375
1750390934.191461, 0.0, 34.734375
1750390935.1967628, 0.0, 34.734375
1750390936.203043, 0.0, 34.734375
1750390937.208294, 0.0, 34.734375
1750390938.2138822, 0.0, 34.734375
1750390939.221102, 0.0, 34.734375
1750390940.223891, 0.0, 34.734375
1750390941.229441, 0.0, 34.734375
1750390942.234962, 0.0, 34.734375
1750390943.2358851, 0.0, 34.734375
1750390944.2411351, 0.0, 34.734375
1750390945.246388, 0.0, 34.734375
1750390946.25197, 0.0, 34.734375
1750390947.258006, 0.0, 34.734375
1750390948.2632551, 0.0, 34.734375
1750390949.2664242, 0.0, 34.734375
1750390950.268595, 0.0, 34.734375
1750390951.273879, 0.0, 34.734375
1750390952.2745202, 0.0, 34.734375
1750390953.277173, 0.0, 34.734375
1750390954.282442, 0.0, 34.734375
1750390955.288848, 0.0, 34.734375
1750390956.2941031, 0.0, 34.734375
1750390957.3008618, 0.0, 34.734375
1750390958.3061178, 0.0, 34.734375
1750390959.311371, 0.0, 34.734375
1750390960.316611, 0.0, 34.734375
1750390961.324276, 0.0, 34.734375
1750390962.3286772, 0.0, 34.734375
1750390963.333979, 0.0, 34.734375
1750390964.33922, 0.0, 34.734375
1750390965.3505101, 0.0, 34.734375
1750390966.355784, 0.0, 34.734375
1750390967.363391, 0.0, 34.734375
1750390968.370084, 0.0, 34.734375
1750390969.372396, 0.0, 34.734375
1750390970.3776598, 0.0, 34.734375
1750390971.378057, 0.0, 34.734375
1750390972.3791308, 0.0, 34.734375
1750390973.384379, 0.0, 34.734375
1750390974.389621, 0.0, 34.734375
1750390975.394829, 0.0, 34.734375
1750390976.399999, 0.0, 34.734375
1750390977.405102, 0.0, 34.734375
1750390978.410184, 0.0, 34.734375
1750390979.415246, 0.0, 34.734375
1750390980.4203038, 0.0, 34.734375
1750390981.425361, 0.0, 34.734375
1750390982.4304152, 0.0, 34.734375
1750390983.435562, 0.0, 34.734375
1750390984.441113, 0.0, 34.734375
1750390985.4464, 0.0, 34.734375
1750390986.4531798, 0.0, 34.734375
1750390987.458519, 0.0, 34.734375
1750390988.4633029, 0.0, 34.734375
1750390989.468577, 0.0, 34.734375
1750390990.469808, 0.0, 34.734375
1750390991.475074, 0.0, 34.734375
1750390992.480351, 0.0, 34.734375
1750390993.485613, 0.0, 34.734375
1750390994.49087, 0.0, 34.734375
1750390995.491648, 0.0, 34.734375
1750390996.4987462, 0.0, 34.734375
1750390997.504064, 0.0, 34.734375
1750390998.5093818, 0.0, 34.734375
1750390999.519669, 0.0, 34.734375
1750391000.525551, 0.0, 34.734375
1750391001.535799, 0.0, 34.734375
1750391002.545221, 0.0, 34.734375
1750391003.5534809, 0.0, 34.734375
1750391004.558552, 0.0, 34.734375
1750391005.568775, 0.0, 34.734375
1750391006.57711, 0.0, 34.734375
1750391007.588168, 0.0, 34.734375
1750391008.598079, 0.0, 34.734375
1750391009.601411, 0.0, 34.734375
1750391010.605731, 0.0, 34.734375
1750391011.609735, 0.0, 34.734375
1750391012.6263628, 0.0, 34.734375
1750391013.6378381, 0.0, 34.734375
1750391014.649413, 0.0, 34.734375
1750391015.653132, 0.0, 34.734375
1750391016.6633759, 0.0, 34.734375
1750391017.67115, 0.0, 34.734375
1750391018.682606, 0.0, 34.734375
1750391019.6916292, 0.0, 34.734375
1750391020.7020411, 0.0, 34.734375
1750391021.7118778, 0.0, 34.734375
1750391022.722209, 0.0, 34.734375
1750391023.737, 0.0, 34.734375
1750391024.742443, 0.0, 34.734375
1750391025.744878, 0.0, 34.734375
1750391026.7552261, 0.0, 34.734375
1750391027.765602, 0.0, 34.734375
1750391028.771735, 0.0, 34.734375
1750391029.784538, 0.0, 34.734375
1750391030.793521, 0.0, 34.734375
1750391031.801025, 0.0, 34.734375
1750391032.811292, 0.0, 34.734375
1750391033.82094, 0.0, 34.734375
1750391034.835649, 0.0, 34.734375
1750391035.843821, 0.0, 34.734375
1750391036.8540878, 0.0, 34.734375
1750391037.8685849, 0.0, 34.734375
1750391038.876341, 0.0, 34.734375
1750391039.881572, 0.0, 34.734375
1750391040.888737, 0.0, 34.734375
1750391041.899922, 0.0, 34.734375
1750391042.910187, 0.0, 34.734375
1750391043.920477, 0.0, 34.734375
1750391044.934494, 0.0, 34.734375
1750391045.944768, 0.0, 34.734375
1750391046.955029, 0.0, 34.734375
1750391047.9659898, 0.0, 34.734375
1750391048.969089, 0.0, 34.734375
1750391049.982177, 0.0, 34.734375
1750391050.986204, 0.0, 34.734375
1750391052.001494, 0.0, 34.734375
1750391053.0118852, 0.0, 34.734375
1750391054.02027, 0.0, 34.734375
1750391055.03525, 0.0, 34.734375
1750391056.048497, 0.0, 34.734375
1750391057.0596569, 0.0, 34.734375
1750391058.066248, 0.0, 34.734375
1750391059.076514, 0.0, 34.734375
1750391060.081701, 0.0, 34.734375
1750391061.091943, 0.0, 34.734375
1750391062.094851, 0.0, 34.734375
1750391063.102703, 0.0, 34.734375
1750391064.114649, 0.0, 34.734375
1750391065.116909, 0.0, 34.734375
1750391066.118492, 0.0, 34.734375
1750391067.1310542, 0.0, 34.734375
1750391068.132681, 0.0, 34.734375
1750391069.134939, 0.0, 34.734375
1750391070.1489139, 0.0, 34.734375
1750391071.1591659, 0.0, 34.734375
1750391072.170336, 0.0, 34.734375
1750391073.18542, 0.0, 34.734375
1750391074.195683, 0.0, 34.734375
1750391075.206109, 0.0, 34.734375
1750391076.2065642, 0.0, 34.734375
1750391077.216819, 0.0, 34.734375
1750391078.230387, 0.0, 34.734375
1750391079.240632, 0.0, 34.734375
1750391080.247957, 0.0, 34.734375
1750391081.250577, 0.0, 34.734375
1750391082.2628741, 0.0, 34.734375
1750391083.27366, 0.0, 34.734375
1750391084.2855191, 0.0, 34.734375
1750391085.297363, 0.0, 34.734375
1750391086.307641, 0.0, 34.734375
1750391087.317922, 0.0, 34.734375
1750391088.3298, 0.0, 34.734375
1750391089.340074, 0.0, 34.734375
1750391090.340974, 0.0, 34.734375
1750391091.3459241, 0.0, 34.734375
1750391092.356302, 0.0, 34.734375
1750391093.3665018, 0.0, 34.734375
1750391094.378776, 0.0, 34.734375
1750391095.3845289, 0.0, 34.734375
1750391096.4003, 0.0, 34.734375
1750391097.412401, 0.0, 34.734375
1750391098.422667, 0.0, 34.734375
1750391099.432929, 0.0, 34.734375
1750391100.436225, 0.0, 34.734375
1750391101.43736, 0.0, 34.734375
1750391102.438064, 0.0, 34.734375
1750391103.448328, 0.0, 34.734375
1750391104.450124, 0.0, 34.734375
1750391105.465326, 0.0, 34.734375
1750391106.466381, 0.0, 34.734375
1750391107.4766562, 0.0, 34.734375
1750391108.490443, 0.0, 34.734375
1750391109.4966028, 0.0, 34.734375
1750391110.501997, 0.0, 34.734375
1750391111.513224, 0.0, 34.734375
1750391112.517226, 0.0, 34.734375
1750391113.530494, 0.0, 34.734375
1750391114.540409, 0.0, 34.734375
1750391115.5496619, 0.0, 34.734375
1750391116.556065, 0.0, 34.734375
1750391117.562647, 0.0, 34.734375
1750391118.5702772, 0.0, 34.734375
1750391119.579541, 0.0, 34.734375
1750391120.592604, 0.0, 34.734375
1750391121.606333, 0.0, 34.734375
1750391122.614023, 0.0, 34.734375
1750391123.624115, 0.0, 34.734375
1750391124.633753, 0.0, 34.734375
1750391125.646616, 0.0, 34.734375
1750391126.650196, 0.0, 34.734375
1750391127.652373, 0.0, 34.734375
1750391128.662816, 0.0, 34.734375
1750391129.664715, 0.0, 34.734375
1750391130.6658828, 0.0, 34.734375
1750391131.668019, 0.0, 34.734375
1750391132.676575, 0.0, 34.734375
1750391133.68694, 0.0, 34.734375
1750391134.697251, 0.0, 34.734375
1750391135.704381, 0.0, 34.734375
1750391136.712333, 0.0, 34.734375
1750391137.712686, 0.0, 34.734375
1750391138.722789, 0.0, 34.734375
1750391139.732874, 0.0, 34.734375
1750391140.742944, 0.0, 34.734375
1750391141.75299, 0.0, 34.734375
1750391142.763157, 0.0, 34.734375
1750391143.774789, 0.0, 34.734375
1750391144.779624, 0.0, 34.734375
1750391145.783104, 0.0, 34.734375
1750391146.79582, 0.0, 34.734375
1750391147.804262, 0.0, 34.734375
1750391148.814537, 0.0, 34.734375
1750391149.824765, 0.0, 34.734375
1750391150.834972, 0.0, 34.734375
1750391151.850057, 0.0, 34.734375
1750391152.866844, 0.0, 34.734375
1750391153.8795772, 0.0, 34.734375
1750391154.884803, 0.0, 34.734375
1750391155.8950222, 0.0, 34.734375
1750391156.907765, 0.0, 34.734375
1750391157.917834, 0.0, 34.734375
1750391158.9280589, 0.0, 34.734375
1750391159.944343, 0.0, 34.734375
1750391160.961441, 0.0, 34.734375
1750391161.963615, 0.0, 34.734375
1750391162.974323, 0.0, 34.734375
1750391163.9846249, 0.0, 34.734375
1750391164.994863, 0.0, 34.734375
1750391165.99781, 0.0, 34.734375
1750391167.00546, 0.0, 34.734375
1750391168.011012, 0.0, 34.734375
1750391169.0153742, 0.0, 34.734375
1750391170.028498, 0.0, 34.734375
1750391171.040461, 0.0, 34.734375
1750391172.051866, 0.0, 34.734375
1750391173.062133, 0.0, 34.734375
1750391174.064727, 0.0, 34.734375
1750391175.080288, 0.0, 34.734375
1750391176.085713, 0.0, 34.734375
1750391177.093685, 0.0, 34.734375
1750391178.103922, 0.0, 34.734375
1750391179.1141791, 0.0, 34.734375
1750391180.12735, 0.0, 34.734375
1750391181.142459, 0.0, 34.734375
1750391182.145822, 0.0, 34.734375
1750391183.156088, 0.0, 34.734375
1750391184.161143, 0.0, 34.734375
1750391185.171402, 0.0, 34.734375
1750391186.174583, 0.0, 34.734375
1750391187.184887, 0.0, 34.734375
1750391188.195808, 0.0, 34.734375
1750391189.198445, 0.0, 34.734375
1750391190.210293, 0.0, 34.734375
1750391191.214004, 0.0, 34.734375
1750391192.221431, 0.0, 34.734375
1750391193.232071, 0.0, 34.734375
1750391194.241846, 0.0, 34.734375
1750391195.243977, 0.0, 34.734375
1750391196.255569, 0.0, 34.734375
1750391197.2660322, 0.0, 34.734375
1750391198.275591, 0.0, 34.734375
1750391199.285908, 0.0, 34.734375
1750391200.296179, 0.0, 34.734375
1750391201.302927, 0.0, 34.734375
1750391202.310784, 0.0, 34.734375
1750391203.324908, 0.0, 34.734375
1750391204.3351161, 0.0, 34.734375
1750391205.345549, 0.0, 34.734375
1750391206.349592, 0.0, 34.734375
1750391207.362615, 0.0, 34.734375
1750391208.37675, 0.0, 34.734375
1750391209.387943, 0.0, 34.734375
1750391210.400625, 0.0, 34.734375
1750391211.411819, 0.0, 34.734375
1750391212.412211, 0.0, 34.734375
1750391213.4245918, 0.0, 34.734375
1750391214.4253728, 0.0, 34.734375
1750391215.436024, 0.0, 34.734375
1750391216.4468591, 0.0, 34.734375
1750391217.45929, 0.0, 34.734375
1750391218.463081, 0.0, 34.734375
1750391219.474536, 0.0, 34.734375
1750391220.4857652, 0.0, 34.734375
1750391221.495735, 0.0, 34.734375
1750391222.504388, 0.0, 34.734375
1750391223.514156, 0.0, 34.734375
1750391224.5221162, 0.0, 34.734375
1750391225.5255659, 0.0, 34.734375
1750391226.536122, 0.0, 34.734375
1750391227.546646, 0.0, 34.734375
1750391228.562419, 0.0, 34.734375
1750391229.570635, 0.0, 34.734375
1750391230.576046, 0.0, 34.734375
1750391231.5863738, 0.0, 34.734375
1750391232.592544, 0.0, 34.734375
1750391233.602798, 0.0, 34.734375
1750391234.613348, 0.0, 34.734375
1750391235.625522, 0.0, 34.734375
1750391236.6285481, 0.0, 34.734375
1750391237.640169, 0.0, 34.734375
1750391238.650511, 0.0, 34.734375
1750391239.660807, 0.0, 34.734375
1750391240.667265, 0.0, 34.734375
1750391241.6774971, 0.0, 34.734375
1750391242.6920362, 0.0, 34.734375
1750391243.700557, 0.0, 34.734375
1750391244.7049532, 0.0, 34.734375
1750391245.708458, 0.0, 34.734375
1750391246.71873, 0.0, 34.734375
1750391247.729007, 0.0, 34.734375
1750391248.731371, 0.0, 34.734375
1750391249.741632, 0.0, 34.734375
1750391250.7518988, 0.0, 34.734375
1750391251.757966, 0.0, 34.734375
1750391252.773546, 0.0, 34.734375
1750391253.7883499, 0.0, 34.734375
1750391254.7944698, 0.0, 34.734375
1750391255.806565, 0.0, 34.734375
1750391256.817695, 0.0, 34.734375
1750391257.827939, 0.0, 34.734375
1750391258.8386629, 0.0, 34.734375
1750391259.84159, 0.0, 34.734375
1750391260.8470788, 0.0, 34.734375
1750391261.8496482, 0.0, 34.734375
1750391262.859895, 0.0, 34.734375
1750391263.86589, 0.0, 34.734375
1750391264.868337, 0.0, 34.734375
1750391265.870479, 0.0, 34.734375
1750391266.880867, 0.0, 34.734375
1750391267.892205, 0.0, 34.734375
1750391268.9015622, 0.0, 34.734375
1750391269.908841, 0.0, 34.734375
1750391270.9104588, 0.0, 34.734375
1750391271.923317, 0.0, 34.734375
1750391272.926202, 0.0, 34.734375
1750391273.9353018, 0.0, 34.734375
1750391274.9402728, 0.0, 34.734375
1750391275.951824, 0.0, 34.734375
1750391276.964267, 0.0, 34.734375
1750391277.965961, 0.0, 34.734375
1750391278.976219, 0.0, 34.734375
1750391279.984885, 0.0, 34.734375
1750391280.995125, 0.0, 34.734375
1750391282.009401, 0.0, 34.734375
1750391283.0231302, 0.0, 34.734375
1750391284.029515, 0.0, 34.734375
1750391285.042912, 0.0, 34.734375
1750391286.052777, 0.0, 34.734375
1750391287.0565171, 0.0, 34.734375
1750391288.067014, 0.0, 15.359375
1750391289.075451, 0.0, 14.9375
1750391290.0857658, 0.0, 15.234375
1750391291.09593, 0.0, 15.234375
1750391292.106148, 0.0, 15.234375
1750391293.1165729, 0.0, 15.234375
1750391294.12468, 0.0, 15.234375
1750391295.134099, 0.0, 15.234375
1750391296.144181, 0.0, 15.234375
1750391297.154277, 0.0, 15.234375
1750391298.164495, 0.0, 15.234375
1750391299.174609, 0.0, 15.234375
1750391300.184706, 0.0, 15.234375
1750391301.199156, 0.0, 15.65625
1750391302.209461, 0.0, 15.65625
1750391303.2149608, 0.0, 15.65625
1750391304.225416, 0.0, 15.65625
1750391305.226946, 0.0, 15.65625
1750391306.231425, 0.0, 15.65625
1750391307.241608, 0.0, 15.65625
1750391308.2510421, 0.0, 15.65625
1750391309.260614, 0.0, 15.65625
1750391310.266197, 0.0, 15.65625
1750391311.273262, 0.0, 15.65625
1750391312.276247, 0.0, 15.65625
1750391313.289181, 0.0, 15.65625
1750391314.293785, 0.0, 15.65625
1750391315.3064709, 0.0, 15.65625
1750391316.3167381, 0.0, 15.65625
1750391317.323097, 0.0, 15.65625
1750391318.3258328, 0.0, 15.65625
1750391319.336069, 0.0, 15.65625
1750391320.353327, 0.0, 15.65625
1750391321.359966, 0.0, 15.65625
1750391322.375773, 0.0, 15.65625
1750391323.380911, 0.0, 15.65625
1750391324.391178, 0.0, 15.65625
1750391325.398258, 0.0, 15.65625
1750391326.4011729, 0.0, 15.65625
1750391327.404881, 0.0, 15.65625
1750391328.407752, 0.0, 15.65625
1750391329.416555, 0.0, 15.65625
1750391330.4242828, 0.0, 15.65625
1750391331.438026, 0.0, 15.65625
1750391332.449606, 0.0, 15.65625
1750391333.459857, 0.0, 15.65625
1750391334.473109, 0.0, 15.65625
1750391335.47623, 0.0, 15.65625
1750391336.487096, 0.0, 15.65625
1750391337.497735, 0.0, 15.65625
1750391338.504151, 0.0, 15.65625
1750391339.513834, 0.0, 15.65625
1750391340.522843, 0.0, 15.65625
1750391341.533188, 0.0, 15.65625
1750391342.537802, 0.0, 15.65625
1750391343.5544739, 0.0, 15.65625
1750391344.5647528, 0.0, 15.65625
1750391345.572675, 0.0, 15.65625
1750391346.575737, 0.0, 15.65625
1750391347.587028, 0.0, 15.65625
1750391348.59727, 0.0, 15.65625
1750391349.6036239, 0.0, 15.65625
1750391350.6134348, 0.0, 15.65625
1750391351.629931, 0.0, 15.65625
1750391352.640563, 0.0, 15.65625
1750391353.656836, 0.0, 15.65625
1750391354.6691751, 0.0, 15.65625
1750391355.671263, 0.0, 15.65625
1750391356.673957, 0.0, 15.65625
1750391357.6866372, 0.0, 15.65625
1750391358.6971579, 0.0, 15.65625
1750391359.7108438, 0.0, 15.65625
1750391360.721102, 0.0, 15.65625
1750391361.733448, 0.0, 15.65625
1750391362.740076, 0.0, 15.65625
1750391363.746457, 0.0, 15.65625
1750391364.761826, 0.0, 15.65625
1750391365.7692149, 0.0, 15.65625
1750391366.775174, 0.0, 15.65625
1750391367.785735, 0.0, 15.65625
1750391368.796994, 0.0, 15.65625
1750391369.805814, 0.0, 15.65625
1750391370.816872, 0.0, 15.65625
1750391371.826483, 0.0, 15.65625
1750391372.840468, 0.0, 15.65625
1750391373.855069, 0.0, 15.65625
1750391374.86218, 0.0, 15.65625
1750391375.867448, 0.0, 15.65625
1750391376.8779242, 0.0, 15.65625
1750391377.88467, 0.0, 15.65625
1750391378.8897338, 0.0, 15.65625
1750391379.897168, 0.0, 15.65625
1750391380.9008, 0.0, 15.65625
1750391381.907093, 0.0, 15.65625
1750391382.911419, 0.0, 15.65625
1750391383.917396, 0.0, 15.65625
1750391384.927697, 0.0, 15.65625
1750391385.938169, 0.0, 15.65625
1750391386.948591, 0.0, 15.65625
1750391387.9538739, 0.0, 15.65625
1750391388.956682, 0.0, 15.65625
1750391389.9697568, 0.0, 15.65625
1750391390.983676, 0.0, 15.65625
1750391391.994105, 0.0, 15.65625
1750391393.004257, 0.0, 15.65625
1750391394.017369, 0.0, 15.65625
1750391395.0245109, 0.0, 15.65625
1750391396.0336928, 0.0, 15.65625
1750391397.036578, 0.0, 15.65625
1750391398.037597, 0.0, 15.65625
1750391399.0444531, 0.0, 15.65625
1750391400.055647, 0.0, 15.65625
1750391401.0651, 0.0, 15.65625
1750391402.0754979, 0.0, 15.65625
1750391403.085763, 0.0, 15.65625
1750391404.09604, 0.0, 15.65625
1750391405.100416, 0.0, 15.65625
1750391406.107965, 0.0, 15.65625
1750391407.117995, 0.0, 15.65625
1750391408.119724, 0.0, 15.65625
1750391409.129932, 0.0, 15.65625
1750391410.1308029, 0.0, 15.65625
1750391411.135875, 0.0, 15.65625
1750391412.146108, 0.0, 15.65625
1750391413.168873, 0.0, 15.65625
1750391414.179092, 0.0, 15.65625
1750391415.180802, 0.0, 15.65625
1750391416.18836, 0.0, 15.65625
1750391417.200861, 0.0, 15.65625
1750391418.212055, 0.0, 15.65625
1750391419.22261, 0.0, 15.65625
1750391420.238202, 0.0, 15.65625
1750391421.250329, 0.0, 15.65625
1750391422.251801, 0.0, 15.65625
1750391423.262075, 0.0, 15.65625
1750391424.272351, 0.0, 15.65625
1750391425.281184, 0.0, 15.65625
1750391426.287634, 0.0, 15.65625
1750391427.2966452, 0.0, 15.65625
1750391428.302729, 0.0, 15.65625
1750391429.306366, 0.0, 15.65625
1750391430.3193521, 0.0, 15.65625
1750391431.334045, 0.0, 15.65625
1750391432.3442822, 0.0, 15.65625
1750391433.3528829, 0.0, 15.65625
1750391434.366349, 0.0, 15.65625
1750391435.3776078, 0.0, 15.65625
1750391436.379311, 0.0, 15.65625
1750391437.3925629, 0.0, 15.65625
1750391438.398955, 0.0, 15.65625
1750391439.405393, 0.0, 15.65625
1750391440.409954, 0.0, 15.65625
1750391441.4212532, 0.0, 15.65625
1750391442.428878, 0.0, 15.65625
1750391443.436633, 0.0, 15.65625
1750391444.447635, 0.0, 15.65625
1750391445.4579709, 0.0, 15.65625
1750391446.467138, 0.0, 15.65625
1750391447.467901, 0.0, 15.65625
1750391448.478131, 0.0, 15.65625
1750391449.4824908, 0.0, 15.65625
1750391450.488755, 0.0, 15.65625
1750391451.4970849, 0.0, 15.65625
1750391452.5074182, 0.0, 15.65625
1750391453.508745, 0.0, 15.65625
1750391454.514476, 0.0, 15.65625
1750391455.517636, 0.0, 15.65625
1750391456.5238478, 0.0, 15.65625
1750391457.533969, 0.0, 15.65625
1750391458.5441961, 0.0, 15.65625
1750391459.6335402, 0.0, 15.65625
1750391460.643698, 0.0, 15.65625
1750391461.653923, 0.0, 15.6875
1750391462.666722, 0.0, 15.6875
1750391463.6735182, 0.0, 15.6875
1750391464.678085, 0.0, 15.6875
1750391465.679779, 0.0, 15.6875
1750391466.6946611, 0.0, 15.6875
1750391467.6957, 0.0, 15.6875
1750391468.706026, 0.0, 15.6875
1750391469.7116868, 0.0, 15.6875
1750391470.721859, 0.0, 15.6875
1750391471.734988, 0.0, 15.6875
1750391472.744233, 0.0, 15.6875
1750391473.7546911, 0.0, 15.6875
1750391474.761633, 0.0, 15.6875
1750391475.766052, 0.0, 15.6875
1750391476.769093, 0.0, 15.6875
1750391477.777913, 0.0, 15.6875
1750391478.7854772, 0.0, 15.6875
1750391479.795755, 0.0, 15.6875
1750391480.8012521, 0.0, 15.6875
1750391481.811521, 0.0, 15.6875
1750391482.820357, 0.0, 15.6875
1750391483.827574, 0.0, 15.6875
1750391484.838068, 0.0, 15.6875
1750391485.83985, 0.0, 15.6875
1750391486.854763, 0.0, 15.6875
1750391487.8666592, 0.0, 15.6875
1750391488.8754041, 0.0, 15.6875
1750391489.8845692, 0.0, 15.6875
1750391490.896678, 0.0, 15.6875
1750391491.904351, 0.0, 15.6875
1750391492.9171882, 0.0, 15.6875
1750391493.929376, 0.0, 15.6875
1750391494.9306, 0.0, 15.6875
1750391495.940852, 0.0, 15.6875
1750391496.951091, 0.0, 15.6875
1750391497.961354, 0.0, 15.6875
1750391498.970847, 0.0, 15.6875
1750391499.977031, 0.0, 15.6875
1750391500.9855402, 0.0, 15.6875
1750391502.001236, 0.0, 15.6875
1750391503.018465, 0.0, 15.6875
1750391504.038272, 0.0, 15.6875
1750391505.05819, 0.0, 15.6875
1750391506.0711832, 0.0, 15.6875
1750391507.0850801, 0.0, 15.6875
1750391508.100744, 0.0, 15.6875
1750391509.111027, 0.0, 15.6875
1750391510.114996, 0.0, 15.6875
1750391511.1274219, 0.0, 15.6875
1750391512.136843, 0.0, 15.6875
1750391513.150496, 0.0, 15.6875
1750391514.1607912, 0.0, 15.6875
1750391515.167733, 0.0, 15.6875
1750391516.17135, 0.0, 15.6875
1750391517.183203, 0.0, 15.6875
1750391518.194517, 0.0, 15.6875
1750391519.20636, 0.0, 15.6875
1750391520.2101219, 0.0, 15.6875
1750391521.21581, 0.0, 15.6875
1750391522.227264, 0.0, 15.6875
1750391523.2297, 0.0, 15.6875
1750391524.237111, 0.0, 15.6875
1750391525.238354, 0.0, 15.6875
1750391526.24, 0.0, 15.6875
1750391527.259177, 0.0, 15.6875
1750391528.267106, 0.0, 15.6875
1750391529.282806, 0.0, 15.6875
1750391530.292886, 0.0, 15.6875
1750391531.303105, 0.0, 15.6875
1750391532.315287, 0.0, 15.6875
1750391533.31949, 0.0, 15.6875
1750391534.323377, 0.0, 15.6875
1750391535.326515, 0.0, 15.6875
1750391536.329346, 0.0, 15.6875
1750391537.339614, 0.0, 15.6875
1750391538.350142, 0.0, 15.6875
1750391539.360401, 0.0, 15.6875
1750391540.3706932, 0.0, 15.6875
1750391541.382408, 0.0, 15.6875
1750391542.3887649, 0.0, 15.6875
1750391543.4001012, 0.0, 15.6875
1750391544.410403, 0.0, 15.6875
1750391545.4122329, 0.0, 15.6875
1750391546.422534, 0.0, 15.6875
1750391547.432266, 0.0, 15.6875
1750391548.4334972, 0.0, 15.6875
1750391549.442058, 0.0, 15.6875
1750391550.448981, 0.0, 15.6875
1750391551.459248, 0.0, 15.6875
1750391552.469484, 0.0, 15.6875
1750391553.48474, 0.0, 15.6875
1750391554.4883451, 0.0, 15.6875
1750391555.493071, 0.0, 15.6875
1750391556.50426, 0.0, 15.6875
1750391557.509946, 0.0, 15.6875
1750391558.511487, 0.0, 15.6875
1750391559.519628, 0.0, 15.6875
1750391560.523794, 0.0, 15.6875
1750391561.541287, 0.0, 15.6875
1750391562.551556, 0.0, 15.6875
1750391563.55858, 0.0, 15.6875
1750391564.570296, 0.0, 15.6875
1750391565.581753, 0.0, 15.6875
1750391566.587664, 0.0, 15.6875
1750391567.59793, 0.0, 15.6875
1750391568.599518, 0.0, 15.6875
1750391569.60415, 0.0, 15.6875
1750391570.614448, 0.0, 15.6875
1750391571.630854, 0.0, 15.6875
1750391572.637357, 0.0, 15.6875
1750391573.6490932, 0.0, 15.6875
1750391574.6588411, 0.0, 15.6875
1750391575.6660402, 0.0, 15.6875
1750391576.6762922, 0.0, 15.6875
1750391577.689931, 0.0, 15.6875
1750391578.701157, 0.0, 15.6875
1750391579.705558, 0.0, 15.6875
1750391580.70862, 0.0, 15.6875
1750391581.7107751, 0.0, 15.6875
1750391582.715567, 0.0, 15.6875
1750391583.720741, 0.0, 15.6875
1750391584.7314959, 0.0, 15.6875
1750391585.738569, 0.0, 15.6875
1750391586.747329, 0.0, 15.6875
1750391587.758712, 0.0, 15.6875
1750391588.7689788, 0.0, 15.6875
1750391589.778162, 0.0, 15.6875
1750391590.783335, 0.0, 15.6875
1750391591.79134, 0.0, 15.6875
1750391592.796222, 0.0, 15.6875
1750391593.807273, 0.0, 15.6875
1750391594.817534, 0.0, 15.6875
1750391595.83144, 0.0, 15.6875
1750391596.840609, 0.0, 15.6875
1750391597.850865, 0.0, 15.6875
1750391598.8655958, 0.0, 15.6875
1750391599.869029, 0.0, 15.6875
1750391600.881106, 0.0, 15.6875
1750391601.891361, 0.0, 15.6875
1750391602.89977, 0.0, 15.6875
1750391603.9196, 0.0, 15.6875
1750391604.926788, 0.0, 15.6875
1750391605.937066, 0.0, 15.6875
1750391606.947187, 0.0, 15.6875
1750391607.955731, 0.0, 15.6875
1750391608.966631, 0.0, 15.6875
1750391609.9724932, 0.0, 15.6875
1750391610.982781, 0.0, 15.6875
1750391611.9881868, 0.0, 15.6875
1750391612.991863, 0.0, 15.6875
1750391614.0021062, 0.0, 15.6875
1750391615.0100942, 0.0, 15.6875
1750391616.013401, 0.0, 15.6875
1750391617.0208871, 0.0, 15.6875
1750391618.031142, 0.0, 15.6875
1750391619.041413, 0.0, 15.6875
1750391620.051685, 0.0, 15.6875
1750391621.057976, 0.0, 15.6875
1750391622.059864, 0.0, 15.6875
1750391623.0716748, 0.0, 15.6875
1750391624.0806952, 0.0, 15.6875
1750391625.0911639, 0.0, 15.6875
1750391626.097735, 0.0, 15.6875
1750391627.1000361, 0.0, 15.6875
1750391628.104876, 0.0, 15.6875
1750391629.110682, 0.0, 15.6875
1750391630.120963, 0.0, 15.6875
1750391631.131233, 0.0, 15.6875
1750391632.142238, 0.0, 15.6875
1750391633.1549609, 0.0, 15.6875
1750391634.163441, 0.0, 15.6875
1750391635.16962, 0.0, 15.6875
1750391636.173837, 0.0, 15.6875
1750391637.184104, 0.0, 15.6875
1750391638.197024, 0.0, 15.6875
1750391639.202335, 0.0, 15.6875
1750391640.2154088, 0.0, 15.6875
1750391641.2236428, 0.0, 15.6875
1750391642.23117, 0.0, 15.6875
1750391643.2417011, 0.0, 15.6875
1750391644.25195, 0.0, 15.6875
1750391645.254702, 0.0, 15.6875
1750391646.260216, 0.0, 15.6875
1750391647.270514, 0.0, 15.6875
1750391648.273175, 0.0, 15.6875
1750391649.279886, 0.0, 15.6875
1750391650.29013, 0.0, 15.6875
1750391651.305856, 0.0, 15.6875
1750391652.316101, 0.0, 15.6875
1750391653.329422, 0.0, 15.6875
1750391654.339864, 0.0, 15.6875
1750391655.35587, 0.0, 15.6875
1750391656.365515, 0.0, 15.6875
1750391657.374403, 0.0, 15.6875
1750391658.376095, 0.0, 15.6875
1750391659.381079, 0.0, 15.6875
1750391660.382676, 0.0, 15.6875
1750391661.395968, 0.0, 15.6875
1750391662.400327, 0.0, 15.6875
1750391663.413173, 0.0, 15.6875
1750391664.428214, 0.0, 15.6875
1750391665.438373, 0.0, 15.6875
1750391666.443694, 0.0, 15.6875
1750391667.4480371, 0.0, 15.6875
1750391668.449512, 0.0, 15.6875
1750391669.462278, 0.0, 15.6875
1750391670.472275, 0.0, 15.6875
1750391671.482529, 0.0, 15.6875
1750391672.486258, 0.0, 15.6875
1750391673.491937, 0.0, 15.6875
1750391674.497948, 0.0, 15.6875
1750391675.5053031, 0.0, 15.6875
1750391676.515344, 0.0, 15.6875
1750391677.519168, 0.0, 15.6875
1750391678.529139, 0.0, 15.6875
1750391679.5393732, 0.0, 15.6875
1750391680.548827, 0.0, 15.6875
1750391681.5526621, 0.0, 15.6875
1750391682.5554738, 0.0, 15.6875
1750391683.5657349, 0.0, 15.6875
1750391684.578084, 0.0, 15.6875
1750391685.5786061, 0.0, 15.6875
1750391686.586262, 0.0, 15.6875
1750391687.5874739, 0.0, 15.6875
1750391688.596079, 0.0, 15.6875
1750391689.597707, 0.0, 15.6875
1750391690.609977, 0.0, 15.6875
1750391691.614892, 0.0, 15.6875
1750391692.6292338, 0.0, 15.6875
1750391693.641153, 0.0, 15.6875
1750391694.656557, 0.0, 15.6875
1750391695.669794, 0.0, 15.6875
1750391696.685599, 0.0, 15.6875
1750391697.6874099, 0.0, 15.6875
1750391698.6953018, 0.0, 15.6875
1750391699.702632, 0.0, 15.6875
1750391700.71117, 0.0, 15.6875
1750391701.714468, 0.0, 15.6875
1750391702.724709, 0.0, 15.6875
1750391703.7349892, 0.0, 15.6875
1750391704.74196, 0.0, 15.6875
1750391705.7454238, 0.0, 15.6875
1750391706.749155, 0.0, 15.6875
1750391707.764554, 0.0, 15.6875
1750391708.77728, 0.0, 15.6875
1750391709.794991, 0.0, 15.6875
1750391710.8015978, 0.0, 15.6875
1750391711.8152692, 0.0, 15.6875
1750391712.834215, 0.0, 15.6875
1750391713.852714, 0.0, 15.6875
1750391714.8607402, 0.0, 15.6875
1750391715.8679261, 0.0, 15.6875
1750391716.8781781, 0.0, 15.6875
1750391717.896422, 0.0, 15.6875
1750391718.910188, 0.0, 15.6875
1750391719.917661, 0.0, 15.6875
1750391720.929877, 0.0, 15.6875
1750391721.9455109, 0.0, 15.6875
1750391722.955138, 0.0, 15.6875
1750391723.960038, 0.0, 15.6875
1750391724.972716, 0.0, 15.6875
1750391725.9830148, 0.0, 15.6875
1750391726.99498, 0.0, 15.6875
1750391728.0052428, 0.0, 15.6875
1750391729.015569, 0.0, 15.6875
1750391730.029378, 0.0, 15.6875
1750391731.033826, 0.0, 15.6875
1750391732.0436008, 0.0, 15.6875
1750391733.049424, 0.0, 15.6875
1750391734.065121, 0.0, 15.6875
1750391735.0763469, 0.0, 15.6875
1750391736.086674, 0.0, 15.6875
1750391737.094243, 0.0, 15.6875
1750391738.1034482, 0.0, 15.6875
1750391739.1151109, 0.0, 15.6875
1750391740.123261, 0.0, 15.6875
1750391741.1335459, 0.0, 15.6875
1750391742.145636, 0.0, 15.6875
1750391743.155916, 0.0, 15.6875
1750391744.1662028, 0.0, 15.6875
1750391745.1780212, 0.0, 15.6875
1750391746.188304, 0.0, 15.6875
1750391747.19009, 0.0, 15.6875
1750391748.200346, 0.0, 15.6875
1750391749.2096121, 0.0, 15.6875
1750391750.2145522, 0.0, 15.6875
1750391751.229865, 0.0, 15.6875
1750391752.2425852, 0.0, 15.6875
1750391753.253883, 0.0, 15.6875
1750391754.264174, 0.0, 15.6875
1750391755.2762702, 0.0, 15.6875
1750391756.286536, 0.0, 15.6875
1750391757.2950022, 0.0, 15.6875
1750391758.30246, 0.0, 15.6875
1750391759.312886, 0.0, 15.6875
1750391760.321374, 0.0, 15.6875
1750391761.3316, 0.0, 15.6875
1750391762.3336818, 0.0, 15.6875
1750391763.342627, 0.0, 15.6875
1750391764.353303, 0.0, 15.6875
1750391765.356981, 0.0, 15.6875
1750391766.36016, 0.0, 15.6875
1750391767.370378, 0.0, 15.703125
1750391768.380651, 0.0, 15.703125
1750391769.393725, 0.0, 15.703125
1750391770.403991, 0.0, 15.703125
1750391771.415367, 0.0, 15.703125
1750391772.427872, 0.0, 15.703125
1750391773.43807, 0.0, 15.703125
1750391774.4483478, 0.0, 15.703125
1750391775.460205, 0.0, 15.703125
1750391776.463077, 0.0, 15.703125
1750391777.46704, 0.0, 15.703125
1750391778.477294, 0.0, 15.703125
1750391779.4866052, 0.0, 15.703125
1750391780.4892008, 0.0, 15.703125
1750391781.49823, 0.0, 15.703125
1750391782.509612, 0.0, 15.703125
1750391783.519875, 0.0, 15.703125
1750391784.521387, 0.0, 15.703125
1750391785.53164, 0.0, 15.703125
1750391786.548525, 0.0, 15.703125
1750391787.559618, 0.0, 15.703125
1750391788.5633159, 0.0, 15.703125
1750391789.569721, 0.0, 15.703125
1750391790.578325, 0.0, 15.703125
1750391791.585515, 0.0, 15.703125
1750391792.5859709, 0.0, 15.703125
1750391793.596229, 0.0, 15.703125
1750391794.609138, 0.0, 15.703125
1750391795.625144, 0.0, 15.703125
1750391796.6438022, 0.0, 15.703125
1750391797.6540742, 0.0, 15.703125
1750391798.664314, 0.0, 15.703125
1750391799.675427, 0.0, 15.703125
1750391800.687131, 0.0, 15.671875
1750391801.6977081, 0.0, 15.671875
1750391802.709174, 0.0, 15.671875
1750391803.724542, 0.0, 15.671875
1750391804.726451, 0.2, 20.140625
1750391805.736062, 0.0, 20.140625
1750391806.74527, 0.0, 20.140625
1750391807.747071, 0.0, 20.140625
1750391808.754986, 0.0, 20.140625
1750391809.765515, 0.0, 20.140625
1750391810.7690601, 0.0, 20.140625
1750391811.7793322, 0.0, 20.140625
1750391812.793796, 0.0, 20.140625
1750391813.794934, 0.0, 20.140625
1750391814.7975721, 0.0, 20.140625
1750391815.7981179, 0.0, 20.140625
1750391816.8109848, 0.0, 20.140625
1750391817.821265, 0.0, 20.140625
1750391818.8318489, 0.0, 20.140625
1750391819.8425658, 0.0, 20.140625
1750391820.8528168, 0.0, 20.140625
1750391821.8633442, 0.0, 20.140625
1750391822.8754508, 0.0, 20.140625
1750391823.88285, 0.0, 20.140625
1750391824.8931258, 0.0, 20.140625
1750391825.8999832, 0.0, 20.140625
1750391826.914748, 0.0, 20.140625
1750391827.915692, 0.0, 20.140625
1750391828.926666, 0.0, 20.140625
1750391829.9342048, 0.0, 20.140625
1750391830.9371169, 0.0, 20.140625
1750391831.941644, 0.0, 20.140625
1750391832.945228, 0.0, 20.140625
1750391833.9549599, 0.0, 20.140625
1750391834.9612532, 0.0, 20.140625
1750391835.9749389, 0.0, 20.140625
1750391836.985195, 0.0, 20.140625
1750391837.9954638, 0.0, 20.140625
1750391839.010578, 0.0, 20.140625
1750391840.0209122, 0.0, 20.140625
1750391841.027044, 0.0, 20.140625
1750391842.032574, 0.0, 20.140625
1750391843.0409322, 0.0, 20.140625
1750391844.044574, 0.0, 20.140625
1750391845.055944, 0.0, 20.140625
1750391846.067317, 0.0, 20.140625
1750391847.074084, 0.0, 20.140625
1750391848.080642, 0.0, 20.140625
1750391849.0855439, 0.0, 20.140625
1750391850.0943549, 0.0, 20.140625
1750391851.100582, 0.0, 20.140625
1750391852.110848, 0.0, 20.140625
1750391853.1197708, 0.0, 20.140625
1750391854.130028, 0.0, 20.140625
1750391855.145122, 0.0, 20.140625
1750391856.1553679, 0.0, 20.140625
1750391857.162167, 0.0, 20.140625
1750391858.17409, 0.0, 20.140625
1750391859.184345, 0.0, 20.140625
1750391860.1904058, 0.0, 20.140625
1750391861.1944802, 0.0, 20.140625
1750391862.209288, 0.0, 20.140625
1750391863.216851, 0.0, 20.140625
1750391864.227176, 0.0, 20.140625
1750391865.230752, 0.0, 20.140625
1750391866.239542, 0.0, 20.140625
1750391867.2498019, 0.0, 20.140625
1750391868.259288, 0.0, 20.140625
1750391869.262746, 0.0, 20.140625
1750391870.268942, 0.0, 20.140625
1750391871.278008, 0.0, 20.140625
1750391872.290976, 0.0, 20.140625
1750391873.301249, 0.0, 20.140625
1750391874.308705, 0.0, 20.140625
1750391875.318984, 0.0, 20.140625
1750391876.3260732, 0.0, 20.140625
1750391877.331916, 0.0, 20.140625
1750391878.342303, 0.0, 20.140625
1750391879.355092, 0.0, 20.140625
1750391880.365366, 0.0, 20.140625
1750391881.375633, 0.0, 20.140625
1750391882.3904982, 0.0, 20.140625
1750391883.3943748, 0.0, 20.140625
1750391884.406989, 0.0, 20.140625
1750391885.417085, 0.0, 20.140625
1750391886.41747, 0.0, 20.140625
1750391887.426375, 0.0, 20.140625
1750391888.436846, 0.0, 20.140625
1750391889.4417112, 0.0, 20.140625
1750391890.45196, 0.0, 20.140625
1750391891.462209, 0.0, 20.140625
1750391892.4700959, 0.0, 20.140625
1750391893.479977, 0.0, 20.140625
1750391894.483138, 0.0, 20.140625
1750391895.4935522, 0.0, 20.140625
1750391896.503835, 0.0, 20.140625
1750391897.512553, 0.0, 20.140625
1750391898.52282, 0.0, 20.140625
1750391899.5330582, 0.0, 20.140625
1750391900.543288, 0.0, 20.140625
1750391901.5538502, 0.0, 20.140625
1750391902.554852, 0.0, 20.140625
1750391903.565116, 0.0, 20.140625
1750391904.569338, 0.0, 20.140625
1750391905.579442, 0.0, 20.140625
1750391906.589549, 0.0, 20.140625
1750391907.598516, 0.0, 20.140625
1750391908.609063, 0.0, 20.140625
1750391909.619314, 0.0, 20.140625
1750391910.629573, 0.0, 20.140625
1750391911.641172, 0.0, 20.140625
1750391912.652819, 0.0, 20.140625
1750391913.657999, 0.0, 20.140625
1750391914.6658502, 0.0, 20.140625
1750391915.6760058, 0.0, 20.140625
1750391916.686325, 0.0, 20.140625
1750391917.699818, 0.0, 20.140625
1750391918.707375, 0.0, 20.140625
1750391919.7128818, 0.0, 20.140625
1750391920.723347, 0.0, 20.140625
1750391921.733109, 0.0, 20.140625
1750391922.739315, 0.0, 20.140625
1750391923.749316, 0.0, 20.140625
1750391924.7601228, 0.0, 20.140625
1750391925.766349, 0.0, 20.140625
1750391926.772091, 0.0, 20.140625
1750391927.776027, 0.0, 20.140625
1750391928.7914891, 0.0, 20.140625
1750391929.802058, 0.0, 20.140625
1750391930.806188, 0.0, 20.140625
1750391931.814894, 0.0, 20.140625
1750391932.825662, 0.0, 20.140625
1750391933.8354821, 0.0, 20.140625
1750391934.839812, 0.0, 20.140625
1750391935.850685, 0.0, 20.140625
1750391936.857365, 0.0, 20.140625
1750391937.862278, 0.0, 20.140625
1750391938.86853, 0.0, 20.140625
1750391939.8789592, 0.0, 20.140625
1750391940.889774, 0.0, 20.140625
1750391941.89884, 0.0, 20.140625
1750391942.9101079, 0.0, 20.140625
1750391943.917048, 0.0, 20.140625
1750391944.918838, 0.0, 20.140625
1750391945.9266071, 0.0, 20.140625
1750391946.9413178, 0.0, 20.140625
1750391947.9517891, 0.0, 20.140625
1750391948.962069, 0.0, 20.140625
1750391949.9632, 0.0, 20.140625
1750391950.9669209, 0.0, 20.140625
1750391951.977192, 0.0, 20.140625
1750391952.9820821, 0.0, 20.140625
1750391953.993581, 0.0, 20.140625
1750391955.007381, 0.0, 20.140625
1750391956.014316, 0.0, 20.140625
1750391957.024601, 0.0, 20.140625
1750391958.030764, 0.0, 20.140625
1750391959.0315351, 0.0, 20.140625
1750391960.0417569, 0.0, 20.140625
1750391961.043678, 0.0, 20.140625
1750391962.057117, 0.0, 20.140625
1750391963.0719738, 0.0, 20.140625
1750391964.087911, 0.0, 20.140625
1750391965.100925, 0.0, 20.140625
1750391966.106865, 0.0, 20.140625
1750391967.117141, 0.0, 20.140625
1750391968.1274009, 0.0, 20.140625
1750391969.137666, 0.0, 20.140625
1750391970.147926, 0.0, 20.140625
1750391971.1547992, 0.0, 20.140625
1750391972.159946, 0.0, 20.140625
1750391973.164997, 0.0, 20.140625
1750391974.170458, 0.0, 20.140625
1750391975.1797178, 0.0, 20.140625
1750391976.186916, 0.0, 20.140625
1750391977.194437, 0.0, 20.140625
1750391978.203715, 0.0, 20.140625
1750391979.213963, 0.0, 20.140625
1750391980.224205, 0.0, 20.140625
1750391981.230998, 0.0, 20.140625
1750391982.241245, 0.0, 20.140625
1750391983.243479, 0.0, 20.140625
1750391984.2581341, 0.0, 20.140625
1750391985.2626119, 0.0, 20.140625
1750391986.273036, 0.0, 20.140625
1750391987.286224, 0.0, 20.140625
1750391988.293625, 0.0, 20.140625
1750391989.294626, 0.0, 20.140625
1750391990.301976, 0.0, 20.140625
1750391991.3084219, 0.0, 20.140625
1750391992.320235, 0.0, 20.140625
1750391993.335922, 0.0, 20.140625
1750391994.346208, 0.0, 20.140625
1750391995.356199, 0.0, 20.140625
1750391996.366034, 0.0, 20.140625
1750391997.376298, 0.0, 20.140625
1750391998.386671, 0.0, 20.140625
1750391999.390563, 0.0, 20.140625
1750392000.40703, 0.0, 20.140625
1750392001.417312, 0.0, 20.140625
1750392002.424392, 0.0, 20.140625
1750392003.436926, 0.0, 20.140625
1750392004.447194, 0.0, 20.140625
1750392005.457609, 0.0, 20.140625
1750392006.471175, 0.0, 20.140625
1750392007.481427, 0.0, 20.140625
1750392008.491681, 0.0, 20.140625
1750392009.507652, 0.0, 20.140625
1750392010.5204532, 0.0, 20.140625
1750392011.5304892, 0.0, 20.140625
1750392012.539416, 0.0, 20.140625
1750392013.549691, 0.0, 20.140625
1750392014.557278, 0.0, 20.140625
1750392015.5692859, 0.0, 20.140625
1750392016.575595, 0.0, 20.140625
1750392017.584815, 0.0, 20.140625
1750392018.595273, 0.0, 20.140625
1750392019.6100428, 0.0, 20.140625
1750392020.6202838, 0.0, 20.140625
1750392021.629493, 0.0, 20.140625
1750392022.639761, 0.0, 20.140625
1750392023.6468842, 0.0, 20.140625
1750392024.657145, 0.0, 20.140625
1750392025.669678, 0.0, 20.140625
1750392026.685188, 0.0, 20.140625
1750392027.695462, 0.0, 20.140625
1750392028.7069361, 0.0, 20.140625
1750392029.709882, 0.0, 20.140625
1750392030.720208, 0.0, 20.140625
1750392031.7205539, 0.0, 20.140625
1750392032.730786, 0.0, 20.140625
1750392033.741009, 0.0, 20.140625
1750392034.75003, 0.0, 20.140625
1750392035.760148, 0.0, 20.140625
1750392036.770315, 0.0, 20.140625
1750392037.78061, 0.0, 20.140625
1750392038.790727, 0.0, 20.140625
1750392039.803736, 0.0, 20.140625
1750392040.812911, 0.0, 20.140625
1750392041.81426, 0.0, 20.140625
1750392042.824537, 0.0, 20.140625
1750392043.8418329, 0.0, 20.140625
1750392044.852579, 0.0, 20.140625
1750392045.863489, 0.0, 20.140625
1750392046.868663, 0.0, 20.140625
1750392047.87039, 0.0, 20.140625
1750392048.880678, 0.0, 20.140625
1750392049.8916879, 0.0, 20.140625
1750392050.903444, 0.0, 20.140625
1750392051.9136949, 0.0, 20.140625
1750392052.9203851, 0.0, 20.140625
1750392053.923554, 0.0, 20.140625
1750392054.936042, 0.0, 20.140625
1750392055.941556, 0.0, 20.140625
1750392056.9536262, 0.0, 20.140625
1750392057.957354, 0.0, 20.140625
1750392058.9704041, 0.0, 20.140625
1750392059.980711, 0.0, 20.140625
1750392060.990957, 0.0, 20.140625
1750392062.003048, 0.0, 20.140625
1750392063.0135412, 0.0, 20.140625
1750392064.015616, 0.0, 20.140625
1750392065.0191329, 0.0, 20.140625
1750392066.035179, 0.0, 20.140625
1750392067.0474281, 0.0, 20.140625
1750392068.058434, 0.0, 20.140625
1750392069.070592, 0.0, 20.140625
1750392070.071994, 0.0, 20.140625
1750392071.0824032, 0.0, 20.140625
1750392072.092698, 0.0, 20.140625
1750392073.100519, 0.0, 20.140625
1750392074.104693, 0.0, 20.140625
1750392075.1149461, 0.0, 20.140625
1750392076.119628, 0.0, 20.140625
1750392077.135199, 0.0, 20.140625
1750392078.14049, 0.0, 20.140625
1750392079.155909, 0.0, 20.140625
1750392080.166545, 0.0, 20.140625
1750392081.1788101, 0.0, 20.140625
1750392082.1891851, 0.0, 20.140625
1750392083.199266, 0.0, 20.140625
1750392084.211686, 0.0, 20.140625
1750392085.221935, 0.0, 20.140625
1750392086.2347388, 0.0, 20.140625
1750392087.245003, 0.0, 20.140625
1750392088.2552488, 0.0, 20.140625
1750392089.2670121, 0.0, 20.140625
1750392090.276047, 0.0, 20.140625
1750392091.285003, 0.0, 20.140625
1750392092.297178, 0.0, 20.140625
1750392093.3034391, 0.0, 20.140625
1750392094.3056278, 0.0, 20.140625
1750392095.3177102, 0.0, 20.140625
1750392096.3205152, 0.0, 20.140625
1750392097.330772, 0.0, 20.140625
1750392098.341332, 0.0, 20.140625
1750392099.35067, 0.0, 20.140625
1750392100.3586502, 0.0, 20.140625
1750392101.368901, 0.0, 20.140625
1750392102.374412, 0.0, 20.140625
1750392103.388761, 0.0, 20.140625
1750392104.398296, 0.0, 20.140625
1750392105.401855, 0.0, 20.140625
1750392106.4060328, 0.0, 20.140625
1750392107.41729, 0.0, 20.140625
1750392108.427588, 0.0, 20.140625
1750392109.4315891, 0.0, 20.140625
1750392110.441834, 0.0, 20.140625
1750392111.4476008, 0.0, 20.140625
1750392112.4537752, 0.0, 20.140625
1750392113.4665139, 0.0, 20.140625
1750392114.476754, 0.0, 20.140625
1750392115.480582, 0.0, 20.140625
1750392116.489158, 0.0, 20.140625
1750392117.49964, 0.0, 20.140625
1750392118.502552, 0.0, 20.140625
1750392119.5128021, 0.0, 20.140625
1750392120.5175521, 0.0, 20.140625
1750392121.52809, 0.0, 20.140625
1750392122.5297, 0.0, 20.140625
1750392123.539984, 0.0, 20.140625
1750392124.550095, 0.0, 20.140625
1750392125.556534, 0.0, 20.140625
1750392126.5600588, 0.0, 20.140625
1750392127.5703108, 0.0, 20.140625
1750392128.572175, 0.0, 20.140625
1750392129.584028, 0.0, 20.140625
1750392130.5898082, 0.0, 20.140625
1750392131.605382, 0.0, 20.140625
1750392132.6214652, 0.0, 20.140625
1750392133.637676, 0.0, 20.140625
1750392134.6427279, 0.0, 20.140625
1750392135.6498911, 0.0, 20.140625
1750392136.660495, 0.0, 20.140625
1750392137.667552, 0.0, 20.140625
1750392138.6839418, 0.0, 20.140625
1750392139.6913862, 0.0, 20.140625
1750392140.704465, 0.0, 20.140625
1750392141.71026, 0.0, 20.140625
1750392142.718194, 0.0, 20.140625
1750392143.7284648, 0.0, 20.140625
1750392144.7326798, 0.0, 20.140625
1750392145.7430751, 0.0, 20.140625
1750392146.7493901, 0.0, 20.140625
1750392147.7596438, 0.0, 20.140625
1750392148.7661781, 0.0, 20.140625
1750392149.774264, 0.0, 20.140625
1750392150.786484, 0.0, 20.140625
1750392151.798707, 0.0, 20.140625
1750392152.808976, 0.0, 20.140625
1750392153.816722, 0.0, 20.140625
1750392154.826963, 0.0, 20.140625
1750392155.832049, 0.0, 20.140625
1750392156.845407, 0.0, 20.140625
1750392157.8582752, 0.0, 20.140625
1750392158.86857, 0.0, 20.140625
1750392159.882061, 0.0, 20.140625
1750392160.8924139, 0.0, 20.140625
1750392161.902695, 0.0, 20.140625
1750392162.912019, 0.0, 20.140625
1750392163.918278, 0.0, 20.140625
1750392164.92852, 0.0, 20.140625
1750392165.936901, 0.0, 20.140625
1750392166.9470289, 0.0, 20.140625
1750392167.957122, 0.0, 20.140625
1750392168.9672031, 0.0, 20.140625
1750392169.977278, 0.0, 20.140625
1750392170.987348, 0.0, 20.140625
1750392172.000365, 0.0, 20.140625
1750392173.0046651, 0.0, 20.140625
1750392174.016543, 0.0, 20.140625
1750392175.0272498, 0.0, 20.140625
1750392176.035373, 0.0, 20.171875
1750392177.0456378, 0.0, 20.171875
1750392178.0504441, 0.0, 20.171875
1750392179.059532, 0.0, 20.171875
1750392180.066307, 0.0, 20.171875
1750392181.0711439, 0.0, 20.171875
1750392182.072505, 0.0, 20.171875
1750392183.082772, 0.0, 20.171875
1750392184.0940428, 0.0, 20.171875
1750392185.109547, 0.0, 20.171875
1750392186.119806, 0.0, 20.171875
1750392187.132304, 0.0, 20.171875
1750392188.134708, 0.0, 20.171875
1750392189.144964, 0.0, 20.171875
1750392190.145622, 0.0, 20.171875
1750392191.152617, 0.0, 20.171875
1750392192.157682, 0.0, 20.171875
1750392193.165905, 0.0, 20.171875
1750392194.177134, 0.0, 20.171875
1750392195.1837282, 0.0, 20.171875
1750392196.187319, 0.0, 20.171875
1750392197.199334, 0.0, 20.171875
1750392198.209592, 0.0, 20.171875
1750392199.2198532, 0.0, 20.171875
1750392200.2293398, 0.0, 20.171875
1750392201.232299, 0.0, 20.171875
1750392202.242949, 0.0, 20.171875
1750392203.2456121, 0.0, 20.171875
1750392204.255853, 0.0, 20.171875
1750392205.2651231, 0.0, 20.171875
1750392206.2753751, 0.0, 20.171875
1750392207.283071, 0.0, 20.171875
1750392208.297856, 0.0, 20.171875
1750392209.3081012, 0.0, 20.171875
1750392210.318024, 0.0, 20.171875
1750392211.330144, 0.0, 20.171875
1750392212.340416, 0.0, 20.171875
1750392213.350854, 0.0, 20.171875
1750392214.362483, 0.0, 20.171875
1750392215.372759, 0.0, 20.171875
1750392216.38414, 0.0, 20.171875
1750392217.390969, 0.0, 20.171875
1750392218.400768, 0.0, 20.171875
1750392219.4169931, 0.0, 20.171875
1750392220.4286861, 0.0, 20.171875
1750392221.442247, 0.0, 20.171875
1750392222.4524999, 0.0, 20.171875
1750392223.462092, 0.0, 20.171875
1750392224.472646, 0.0, 20.171875
1750392225.4809432, 0.0, 20.171875
1750392226.491169, 0.0, 20.171875
1750392227.498395, 0.0, 20.171875
1750392228.50865, 0.0, 20.171875
1750392229.513283, 0.0, 20.171875
1750392230.523906, 0.0, 20.171875
1750392231.534206, 0.0, 20.171875
1750392232.545401, 0.0, 20.171875
1750392233.5541928, 0.0, 20.171875
1750392234.564449, 0.0, 20.171875
1750392235.573035, 0.0, 20.171875
1750392236.5833, 0.0, 20.171875
1750392237.596116, 0.0, 20.171875
1750392238.60638, 0.0, 20.171875
1750392239.611234, 0.0, 20.171875
1750392240.620682, 0.0, 20.171875
1750392241.624063, 0.0, 20.171875
1750392242.631294, 0.0, 20.171875
1750392243.63975, 0.0, 20.171875
1750392244.640645, 0.0, 20.171875
1750392245.646503, 0.0, 20.171875
1750392246.653236, 0.0, 20.171875
1750392247.658782, 0.0, 20.171875
1750392248.668017, 0.0, 20.171875
1750392249.680767, 0.0, 20.171875
1750392250.6895192, 0.0, 20.171875
1750392251.694818, 0.0, 20.171875
1750392252.7047858, 0.0, 20.171875
1750392253.707121, 0.0, 20.171875
1750392254.714271, 0.0, 20.171875
1750392255.724538, 0.0, 20.171875
1750392256.7333791, 0.0, 20.171875
1750392257.748404, 0.0, 20.171875
1750392258.758673, 0.0, 20.171875
1750392259.768904, 0.0, 20.171875
1750392260.779876, 0.0, 20.171875
1750392261.784585, 0.0, 20.171875
1750392262.796135, 0.0, 20.171875
1750392263.800381, 0.0, 20.171875
1750392264.812108, 0.0, 20.171875
1750392265.8226418, 0.0, 20.171875
1750392266.832575, 0.0, 20.171875
1750392267.836555, 0.0, 20.171875
1750392268.847268, 0.0, 20.171875
1750392269.8517098, 0.0, 20.171875
1750392270.853835, 0.0, 20.171875
1750392271.8576891, 0.0, 20.171875
1750392272.867935, 0.0, 20.171875
1750392273.882155, 0.0, 20.171875
1750392274.892598, 0.0, 20.171875
1750392275.90535, 0.0, 20.171875
1750392276.9141939, 0.0, 20.171875
1750392277.916899, 0.0, 20.171875
1750392278.917563, 0.0, 20.171875
1750392279.93185, 0.0, 20.171875
1750392280.942121, 0.0, 20.171875
1750392281.946741, 0.0, 20.171875
1750392282.9570172, 0.0, 20.171875
1750392283.96453, 0.0, 20.171875
1750392284.970201, 0.0, 20.171875
1750392285.979527, 0.0, 20.171875
1750392286.9805162, 0.0, 20.171875
1750392287.982176, 0.0, 20.171875
1750392288.9923918, 0.0, 20.171875
1750392289.996253, 0.0, 20.171875
1750392291.006557, 0.0, 20.171875
1750392292.008487, 0.0, 20.171875
1750392293.0159051, 0.0, 20.171875
1750392294.0249689, 0.0, 20.171875
1750392295.029315, 0.0, 20.171875
1750392296.0321531, 0.0, 20.171875
1750392297.042339, 0.0, 20.171875
1750392298.046535, 0.0, 20.171875
1750392299.0566552, 0.0, 20.171875
1750392300.066787, 0.0, 20.171875
1750392301.0768902, 0.0, 20.171875
1750392302.0869708, 0.0, 20.171875
1750392303.09704, 0.0, 20.171875
1750392304.107102, 0.0, 20.171875
1750392305.11727, 0.0, 20.171875
1750392306.1296499, 0.0, 20.171875
1750392307.13704, 0.0, 20.171875
1750392308.149219, 0.0, 20.171875
1750392309.163011, 0.0, 20.171875
1750392310.167399, 0.0, 20.171875
1750392311.1791701, 0.0, 20.171875
1750392312.1884139, 0.0, 20.171875
1750392313.1966028, 0.0, 20.171875
1750392314.202942, 0.0, 20.171875
1750392315.206002, 0.0, 20.171875
1750392316.2088692, 0.0, 20.171875
1750392317.211736, 0.0, 20.171875
1750392318.225646, 0.0, 20.171875
1750392319.239821, 0.0, 20.171875
1750392320.245856, 0.0, 20.171875
1750392321.2561438, 0.0, 20.171875
1750392322.266857, 0.0, 20.171875
1750392323.2793212, 0.0, 20.171875
1750392324.2890172, 0.0, 20.171875
1750392325.299287, 0.0, 20.171875
1750392326.3122728, 0.0, 20.171875
1750392327.3230588, 0.0, 20.171875
1750392328.3283021, 0.0, 20.171875
1750392329.338547, 0.0, 20.171875
1750392330.341316, 0.0, 20.171875
1750392331.35074, 0.0, 20.171875
1750392332.36153, 0.0, 20.171875
1750392333.362029, 0.0, 20.171875
1750392334.3742259, 0.0, 20.171875
1750392335.377857, 0.0, 20.171875
1750392336.388129, 0.0, 20.171875
1750392337.399717, 0.0, 20.171875
1750392338.4020321, 0.0, 20.171875
1750392339.412288, 0.0, 20.171875
1750392340.421261, 0.0, 20.171875
1750392341.431226, 0.0, 20.171875
1750392342.432683, 0.0, 20.171875
1750392343.444142, 0.0, 20.171875
1750392344.454387, 0.0, 20.171875
1750392345.4617999, 0.0, 20.171875
1750392346.474006, 0.0, 20.171875
1750392347.48304, 0.0, 20.171875
1750392348.4893491, 0.0, 20.171875
1750392349.500768, 0.0, 20.171875
1750392350.503223, 0.0, 20.171875
1750392351.506689, 0.0, 20.171875
1750392352.510421, 0.0, 20.171875
1750392353.515573, 0.0, 20.171875
1750392354.52678, 0.0, 20.171875
1750392355.543575, 0.0, 20.171875
1750392356.553656, 0.0, 20.171875
1750392357.555691, 0.0, 20.171875
1750392358.5639832, 0.0, 20.171875
1750392359.571676, 0.0, 20.171875
1750392360.578341, 0.0, 20.171875
1750392361.578967, 0.0, 20.171875
1750392362.58924, 0.0, 20.171875
1750392363.590049, 0.0, 20.171875
1750392364.6002061, 0.0, 20.171875
1750392365.6035998, 0.0, 20.171875
1750392366.613788, 0.0, 20.171875
1750392367.624154, 0.0, 20.171875
1750392368.6323478, 0.0, 20.171875
1750392369.642808, 0.0, 20.171875
1750392370.6464698, 0.0, 20.171875
1750392371.649152, 0.0, 20.171875
1750392372.658654, 0.0, 20.171875
1750392373.6689112, 0.0, 20.171875
1750392374.677408, 0.0, 20.171875
1750392375.687634, 0.0, 20.171875
1750392376.698106, 0.0, 20.171875
1750392377.704457, 0.0, 20.171875
1750392378.707233, 0.0, 20.171875
1750392379.7110558, 0.0, 20.171875
1750392380.721216, 0.0, 20.171875
1750392381.727128, 0.0, 20.171875
1750392382.7296078, 0.0, 20.171875
1750392383.7396622, 0.0, 20.171875
1750392384.7446358, 0.0, 20.171875
1750392385.750773, 0.0, 20.171875
1750392386.76571, 0.0, 20.171875
1750392387.776748, 0.0, 20.171875
1750392388.793638, 0.0, 20.171875
1750392389.7946649, 0.0, 20.171875
1750392390.804936, 0.0, 20.171875
1750392391.808724, 0.0, 20.171875
1750392392.819564, 0.0, 20.171875
1750392393.829559, 0.0, 20.171875
1750392394.8321111, 0.0, 20.171875
1750392395.8435771, 0.0, 20.171875
1750392396.8538399, 0.0, 20.171875
1750392397.864097, 0.0, 20.171875
1750392398.875988, 0.0, 20.171875
1750392399.886587, 0.0, 20.171875
1750392400.8902771, 0.0, 20.171875
1750392401.897671, 0.0, 20.171875
1750392402.909029, 0.0, 20.171875
1750392403.917108, 0.0, 20.171875
1750392404.9279318, 0.0, 20.171875
1750392405.935775, 0.0, 20.171875
1750392406.946753, 0.0, 20.171875
1750392407.959151, 0.0, 20.171875
1750392408.9693818, 0.0, 20.171875
1750392409.97963, 0.0, 20.171875
1750392410.991872, 0.0, 20.171875
1750392412.004008, 0.0, 20.171875
1750392413.0142741, 0.0, 20.171875
1750392414.024724, 0.0, 20.171875
1750392415.034965, 0.0, 20.171875
1750392416.0426629, 0.0, 20.171875
1750392417.0479019, 0.0, 20.171875
1750392418.061376, 0.0, 20.171875
1750392419.0750961, 0.0, 20.171875
1750392420.0853949, 0.0, 20.171875
1750392421.1495, 0.0, 20.171875
1750392422.159869, 0.0, 20.171875
1750392423.161386, 0.0, 20.171875
1750392424.169634, 0.0, 20.171875
1750392425.178216, 0.0, 20.171875
1750392426.1796439, 0.0, 20.171875
1750392427.182761, 0.0, 20.15625
1750392428.184463, 0.0, 20.15625
1750392429.1929998, 0.0, 20.15625
1750392430.198081, 0.0, 20.15625
1750392431.201462, 0.0, 20.15625
1750392432.2115798, 0.0, 20.15625
1750392433.2216818, 0.0, 20.15625
1750392434.231767, 0.0, 20.15625
1750392435.241845, 0.0, 20.15625
1750392436.252372, 0.0, 20.15625
1750392437.265101, 0.0, 20.15625
1750392438.2747772, 0.0, 20.15625
1750392439.286554, 0.0, 20.15625
1750392440.2899919, 0.0, 20.15625
1750392441.300265, 0.0, 20.15625
1750392442.304048, 0.0, 20.15625
1750392443.314739, 0.0, 20.15625
1750392444.326711, 0.0, 20.15625
1750392445.335006, 0.0, 20.15625
1750392446.353358, 0.0, 20.15625
1750392447.3644931, 0.0, 20.15625
1750392448.374748, 0.0, 20.15625
1750392449.379573, 0.0, 20.15625
1750392450.3898702, 0.0, 20.15625
1750392451.400162, 0.0, 20.15625
1750392452.407636, 0.0, 20.15625
1750392453.417927, 0.0, 20.15625
1750392454.430751, 0.0, 20.15625
1750392455.44102, 0.0, 20.15625
1750392456.4519172, 0.0, 20.15625
1750392457.4585788, 0.0, 20.15625
1750392458.468858, 0.0, 20.15625
1750392459.4814389, 0.0, 20.15625
1750392460.49139, 0.0, 20.15625
1750392461.506347, 0.0, 20.15625
1750392462.5144918, 0.0, 20.15625
1750392463.5160189, 0.0, 20.15625
1750392464.526264, 0.0, 20.15625
1750392465.529433, 0.0, 20.15625
1750392466.539732, 0.0, 20.15625
1750392467.550037, 0.0, 20.15625
1750392468.556759, 0.0, 20.15625
1750392469.5670311, 0.0, 20.15625
1750392470.574369, 0.0, 20.15625
1750392471.578045, 0.0, 20.15625
1750392472.581546, 0.0, 20.15625
1750392473.5866702, 0.0, 20.15625
1750392474.5954041, 0.0, 20.15625
1750392475.600796, 0.0, 20.15625
1750392476.613178, 0.0, 20.15625
1750392477.622957, 0.0, 20.15625
1750392478.633504, 0.0, 20.15625
1750392479.643976, 0.0, 20.15625
1750392480.6546612, 0.0, 20.15625
1750392481.668315, 0.0, 20.15625
1750392482.6821692, 0.0, 20.15625
1750392483.6825442, 0.0, 20.15625
1750392484.692808, 0.0, 20.15625
1750392485.701767, 0.0, 20.15625
1750392486.710461, 0.0, 20.15625
1750392487.716995, 0.0, 20.15625
1750392488.721283, 0.0, 20.15625
1750392489.731488, 0.0, 20.15625
1750392490.747135, 0.0, 20.15625
1750392491.763676, 0.0, 20.15625
1750392492.7698932, 0.0, 20.15625
1750392493.7828412, 0.0, 20.15625
1750392494.7931, 0.0, 20.15625
1750392495.8013499, 0.0, 20.15625
1750392496.811701, 0.0, 20.15625
1750392497.826698, 0.0, 20.15625
1750392498.834352, 0.0, 20.15625
1750392499.847125, 0.0, 20.15625
1750392500.8586261, 0.0, 20.15625
1750392501.8644931, 0.0, 20.15625
1750392502.8747652, 0.0, 20.15625
1750392503.881493, 0.0, 20.15625
1750392504.88305, 0.0, 20.15625
1750392505.896319, 0.0, 20.15625
1750392506.906602, 0.0, 20.15625
1750392507.917453, 0.0, 20.15625
1750392508.930339, 0.0, 20.15625
1750392509.9405959, 0.0, 20.15625
1750392510.947011, 0.0, 20.15625
1750392511.9572852, 0.0, 20.15625
1750392512.9627771, 0.0, 20.15625
1750392513.9726248, 0.0, 20.15625
1750392514.983677, 0.0, 20.15625
1750392515.9977448, 0.0, 20.15625
1750392517.012331, 0.0, 20.15625
1750392518.0183208, 0.0, 20.15625
1750392519.0330958, 0.0, 20.15625
1750392520.050996, 0.0, 20.15625
1750392521.072308, 0.0, 20.15625
1750392522.081548, 0.0, 20.15625
1750392523.091846, 0.0, 20.15625
1750392524.102139, 0.0, 20.15625
1750392525.112917, 0.0, 20.15625
1750392526.123209, 0.0, 20.15625
1750392527.133505, 0.0, 20.15625
1750392528.14524, 0.0, 20.15625
1750392529.1535969, 0.0, 20.15625
1750392530.162452, 0.0, 20.15625
1750392531.1728551, 0.0, 20.15625
1750392532.183125, 0.0, 20.15625
1750392533.192708, 0.0, 20.15625
1750392534.2003121, 0.0, 20.15625
1750392535.217265, 0.0, 20.15625
1750392536.225919, 0.0, 20.15625
1750392537.239321, 0.0, 20.15625
1750392538.249591, 0.0, 20.15625
1750392539.2549188, 0.0, 20.15625
1750392540.263052, 0.0, 20.15625
1750392541.278007, 0.0, 20.15625
1750392542.2838972, 0.0, 20.15625
1750392543.292879, 0.0, 20.15625
1750392544.305832, 0.0, 20.15625
1750392545.312804, 0.0, 20.15625
1750392546.315824, 0.0, 20.15625
1750392547.329512, 0.0, 20.15625
1750392548.334612, 0.0, 20.15625
1750392549.345999, 0.0, 20.15625
1750392550.352478, 0.0, 20.15625
1750392551.353357, 0.0, 20.15625
1750392552.354795, 0.0, 20.15625
1750392553.362221, 0.0, 20.15625
1750392554.365154, 0.0, 20.15625
1750392555.370204, 0.0, 20.15625
1750392556.372952, 0.0, 20.15625
1750392557.383182, 0.0, 20.15625
1750392558.386781, 0.0, 20.15625
1750392559.3970041, 0.0, 20.15625
1750392560.404165, 0.0, 20.15625
1750392561.4051788, 0.0, 20.15625
1750392562.415398, 0.0, 20.15625
1750392563.4205198, 0.0, 20.15625
1750392564.430683, 0.0, 20.15625
1750392565.440781, 0.0, 20.15625
1750392566.4509451, 0.0, 20.15625
1750392567.462761, 0.0, 20.15625
1750392568.474806, 0.0, 20.15625
1750392569.4862561, 0.0, 20.15625
1750392570.489509, 0.0, 20.15625
1750392571.492325, 0.0, 20.15625
1750392572.4960341, 0.0, 20.15625
1750392573.504074, 0.0, 20.15625
1750392574.514347, 0.0, 20.15625
1750392575.5298612, 0.0, 20.15625
1750392576.540148, 0.0, 20.15625
1750392577.548137, 0.0, 20.15625
1750392578.5584939, 0.0, 20.15625
1750392579.568011, 0.0, 20.15625
1750392580.571877, 0.0, 20.15625
1750392581.588714, 0.0, 20.15625
1750392582.600673, 0.0, 20.15625
1750392583.611756, 0.0, 20.15625
1750392584.6164181, 0.0, 20.15625
1750392585.628593, 0.0, 20.15625
1750392586.6320992, 0.0, 20.15625
1750392587.642478, 0.0, 20.15625
1750392588.65274, 0.0, 20.15625
1750392589.654929, 0.0, 20.15625
1750392590.66589, 0.0, 20.15625
1750392591.679081, 0.0, 20.15625
1750392592.69034, 0.0, 20.15625
1750392593.701528, 0.0, 20.15625
1750392594.7088451, 0.0, 20.15625
1750392595.7191129, 0.0, 20.15625
1750392596.720649, 0.0, 20.15625
1750392597.729245, 0.0, 20.15625
1750392598.746485, 0.0, 20.15625
1750392599.746829, 0.0, 20.15625
1750392600.7517922, 0.0, 20.15625
1750392601.762042, 0.0, 20.15625
1750392602.772286, 0.0, 20.15625
1750392603.7785869, 0.0, 20.15625
1750392604.7831879, 0.0, 20.15625
1750392605.795902, 0.0, 20.15625
1750392606.796631, 0.0, 20.15625
1750392607.806891, 0.0, 20.15625
1750392608.817365, 0.0, 20.15625
1750392609.8285198, 0.0, 20.15625
1750392610.833014, 0.0, 20.15625
1750392611.8494642, 0.0, 20.15625
1750392612.856686, 0.0, 20.15625
1750392613.862719, 0.0, 20.15625
1750392614.8658612, 0.0, 20.15625
1750392615.878433, 0.0, 20.15625
1750392616.882136, 0.0, 20.15625
1750392617.894536, 0.0, 20.15625
1750392618.906375, 0.0, 20.15625
1750392619.911475, 0.0, 20.15625
1750392620.9161441, 0.0, 20.15625
1750392621.927291, 0.0, 20.15625
1750392622.927857, 0.0, 20.15625
1750392623.9329548, 0.0, 20.15625
1750392624.943661, 0.0, 20.15625
1750392625.9481258, 0.0, 20.15625
1750392626.959101, 0.0, 20.15625
1750392627.969019, 0.0, 20.15625
1750392628.9770691, 0.0, 20.15625
1750392629.9873888, 0.0, 20.15625
1750392630.995122, 0.0, 20.15625
1750392631.997108, 0.0, 20.15625
1750392633.008205, 0.0, 20.15625
1750392634.010911, 0.0, 20.15625
1750392635.021178, 0.0, 20.15625
1750392636.0314481, 0.0, 20.15625
1750392637.0432901, 0.0, 20.15625
1750392638.05354, 0.0, 20.15625
1750392639.0629709, 0.0, 20.15625
1750392640.074115, 0.0, 20.15625
1750392641.084398, 0.0, 20.15625
1750392642.094672, 0.0, 20.15625
1750392643.104106, 0.0, 20.15625
1750392644.114154, 0.0, 20.15625
1750392645.1302478, 0.0, 20.15625
1750392646.1409721, 0.0, 20.15625
1750392647.143509, 0.0, 20.15625
1750392648.153774, 0.0, 20.15625
1750392649.164032, 0.0, 20.15625
1750392650.179838, 0.0, 20.15625
1750392651.193207, 0.0, 20.15625
1750392652.202209, 0.0, 20.15625
1750392653.212487, 0.0, 20.15625
1750392654.226238, 0.0, 20.15625
1750392655.236512, 0.0, 20.15625
1750392656.248478, 0.0, 20.15625
1750392657.252518, 0.0, 20.15625
1750392658.263784, 0.0, 20.15625
1750392659.2759051, 0.0, 20.15625
1750392660.286166, 0.0, 20.15625
1750392661.296731, 0.0, 20.15625
1750392662.30651, 0.0, 20.15625
1750392663.3167732, 0.0, 20.15625
1750392664.3313138, 0.0, 20.15625
1750392665.334506, 0.0, 20.15625
1750392666.3470771, 0.0, 20.15625
1750392667.3610828, 0.0, 20.15625
1750392668.3636632, 0.0, 20.15625
1750392669.3702888, 0.0, 20.15625
1750392670.377158, 0.0, 20.15625
1750392671.38186, 0.0, 20.15625
1750392672.390244, 0.0, 20.15625
1750392673.393909, 0.0, 20.15625
1750392674.404199, 0.0, 20.15625
1750392675.410124, 0.0, 20.15625
1750392676.412808, 0.0, 20.15625
1750392677.4231, 0.0, 20.15625
1750392678.433446, 0.0, 20.15625
1750392679.4437609, 0.0, 20.15625
1750392680.454049, 0.0, 20.15625
1750392681.4560041, 0.0, 20.15625
1750392682.45718, 0.0, 20.15625
1750392683.4649038, 0.0, 20.15625
1750392684.475052, 0.0, 20.15625
1750392685.485247, 0.0, 20.15625
1750392686.495403, 0.0, 20.15625
1750392687.5055091, 0.0, 20.15625
1750392688.5155919, 0.0, 20.15625
1750392689.5256672, 0.0, 20.15625
1750392690.5357409, 0.0, 20.15625
1750392691.5459042, 0.0, 20.15625
1750392692.562155, 0.0, 20.15625
1750392693.568098, 0.0, 20.15625
1750392694.5797708, 0.0, 20.15625
1750392695.581961, 0.0, 20.15625
1750392696.593647, 0.0, 20.15625
1750392697.6038961, 0.0, 20.15625
1750392698.6113, 0.0, 20.15625
1750392699.621207, 0.0, 20.15625
1750392700.636586, 0.0, 20.15625
1750392701.64685, 0.0, 20.15625
1750392702.652152, 0.0, 20.15625
1750392703.659883, 0.0, 20.15625
1750392704.664937, 0.0, 20.15625
1750392705.676507, 0.0, 20.15625
1750392706.682105, 0.0, 20.15625
1750392707.6952362, 0.0, 20.15625
1750392708.697414, 0.0, 20.15625
1750392709.710443, 0.0, 20.15625
1750392710.718355, 0.0, 20.15625
1750392711.726487, 0.0, 20.15625
1750392712.745677, 0.0, 20.15625
1750392713.755947, 0.0, 20.15625
1750392714.767781, 0.0, 20.15625
1750392715.777045, 0.0, 20.15625
1750392716.7818902, 0.0, 20.15625
1750392717.796438, 0.0, 20.15625
1750392718.8103979, 0.0, 20.15625
1750392719.822433, 0.0, 20.15625
1750392720.834153, 0.0, 20.15625
1750392721.8444319, 0.0, 20.15625
1750392722.845917, 0.0, 20.15625
1750392723.856231, 0.0, 20.15625
1750392724.8601542, 0.0, 20.15625
1750392725.8610911, 0.0, 20.15625
1750392726.863054, 0.0, 20.15625
1750392727.875134, 0.0, 20.15625
1750392728.878578, 0.0, 20.15625
1750392729.888862, 0.0, 20.15625
1750392730.896223, 0.0, 20.15625
1750392731.902784, 0.0, 20.15625
1750392732.913044, 0.0, 20.15625
1750392733.925668, 0.0, 20.15625
1750392734.935928, 0.0, 20.15625
1750392735.943104, 0.0, 20.15625
1750392736.9533901, 0.0, 20.15625
1750392737.962154, 0.0, 20.15625
1750392738.974902, 0.0, 20.15625
1750392739.9851809, 0.0, 20.15625
1750392740.99382, 0.0, 20.15625
1750392742.0004401, 0.0, 20.15625
1750392743.009351, 0.0, 20.15625
1750392744.019596, 0.0, 20.15625
1750392745.025332, 0.0, 20.15625
1750392746.0322921, 0.0, 20.15625
1750392747.0425742, 0.0, 20.15625
1750392748.0528362, 0.0, 20.15625
1750392749.061558, 0.0, 20.15625
1750392750.062033, 0.0, 20.15625
1750392751.0750048, 0.0, 20.15625
1750392752.077801, 0.0, 20.15625
1750392753.085155, 0.0, 20.15625
1750392754.095428, 0.0, 20.15625
1750392755.101183, 0.0, 20.15625
1750392756.111455, 0.0, 20.15625
1750392757.122609, 0.0, 20.15625
1750392758.1322508, 0.0, 20.15625
1750392759.144447, 0.0, 20.15625
1750392760.1545348, 0.0, 20.15625
1750392761.170495, 0.0, 20.15625
1750392762.181151, 0.0, 20.15625
1750392763.19083, 0.0, 20.15625
1750392764.1953778, 0.0, 20.15625
1750392765.2002199, 0.0, 20.15625
1750392766.210856, 0.0, 20.15625
1750392767.220345, 0.0, 20.15625
1750392768.2265742, 0.0, 20.15625
1750392769.2281768, 0.0, 20.15625
1750392770.240679, 0.0, 20.15625
1750392771.250947, 0.0, 20.15625
1750392772.261481, 0.0, 20.15625
1750392773.2775948, 0.0, 20.15625
1750392774.2928839, 0.0, 20.15625
1750392775.303916, 0.0, 20.15625
1750392776.309588, 0.0, 20.15625
1750392777.311857, 0.0, 20.15625
1750392778.323522, 0.0, 20.15625
1750392779.3338199, 0.0, 20.15625
1750392780.342106, 0.0, 20.15625
1750392781.352373, 0.0, 20.15625
1750392782.360737, 0.0, 20.15625
1750392783.364295, 0.0, 20.15625
1750392784.366039, 0.0, 20.15625
1750392785.375349, 0.0, 20.15625
1750392786.3808582, 0.0, 20.15625
1750392787.388344, 0.0, 20.15625
1750392788.391358, 0.0, 20.15625
1750392789.4017448, 0.0, 20.15625
1750392790.412, 0.0, 20.15625
1750392791.413815, 0.0, 20.15625
1750392792.4239109, 0.0, 20.15625
1750392793.4297569, 0.0, 20.15625
1750392794.4406242, 0.0, 20.15625
1750392795.450212, 0.0, 20.15625
1750392796.45216, 0.0, 20.15625
1750392797.462399, 0.0, 20.15625
1750392798.472648, 0.0, 20.15625
1750392799.4833338, 0.0, 20.15625
1750392800.4911518, 0.0, 20.15625
1750392801.493162, 0.0, 20.15625
1750392802.4983659, 0.0, 20.15625
1750392803.5042748, 0.0, 20.15625
1750392804.514585, 0.0, 20.15625
1750392805.5248299, 0.0, 20.15625
1750392806.5350862, 0.0, 20.15625
1750392807.545367, 0.0, 20.15625
1750392808.555671, 0.0, 20.15625
1750392809.5586638, 0.0, 20.15625
1750392810.56653, 0.0, 20.15625
1750392811.57362, 0.0, 20.15625
1750392812.5837288, 0.0, 20.15625
1750392813.5938098, 0.0, 20.15625
1750392814.603882, 0.0, 20.15625
1750392815.6139572, 0.0, 20.15625
1750392816.6261902, 0.0, 20.15625
1750392817.636487, 0.0, 20.15625
1750392818.6414359, 0.0, 20.15625
1750392819.6522791, 0.0, 20.15625
1750392820.66255, 0.0, 20.15625
1750392821.664546, 0.0, 20.15625
1750392822.674606, 0.0, 20.15625
1750392823.679573, 0.0, 20.15625
1750392824.692469, 0.0, 20.15625
1750392825.702741, 0.0, 20.15625
1750392826.70919, 0.0, 20.15625
1750392827.7234602, 0.0, 20.15625
1750392828.7338722, 0.0, 20.15625
1750392829.744119, 0.0, 20.15625
1750392830.757486, 0.0, 20.15625
1750392831.761285, 0.0, 20.15625
1750392832.768269, 0.0, 20.15625
1750392833.776054, 0.0, 20.15625
1750392834.7866461, 0.0, 20.15625
1750392835.790845, 0.0, 20.15625
1750392836.801119, 0.0, 20.15625
1750392837.807351, 0.0, 20.15625
1750392838.8122041, 0.0, 20.15625
1750392839.824919, 0.0, 20.15625
1750392840.8286521, 0.0, 20.15625
1750392841.836502, 0.0, 20.15625
1750392842.846883, 0.0, 20.15625
1750392843.849232, 0.0, 20.15625
1750392844.857436, 0.0, 20.15625
1750392845.867722, 0.0, 20.15625
1750392846.874104, 0.0, 20.15625
1750392847.877944, 0.0, 20.15625
1750392848.885845, 0.0, 20.15625
1750392849.8922849, 0.0, 20.15625
1750392850.902591, 0.0, 20.15625
1750392851.913224, 0.0, 20.15625
1750392852.9277592, 0.0, 20.15625
1750392853.941063, 0.0, 20.15625
1750392854.947407, 0.0, 20.15625
1750392855.957685, 0.0, 20.15625
1750392856.968052, 0.0, 20.15625
1750392857.9748302, 0.0, 20.15625
1750392858.990481, 0.0, 20.15625
1750392860.000745, 0.0, 20.15625
1750392861.011022, 0.0, 20.15625
1750392862.0236, 0.0, 20.15625
1750392863.027513, 0.0, 20.15625
1750392864.039886, 0.0, 20.15625
1750392865.043652, 0.0, 20.15625
1750392866.0527081, 0.0, 20.15625
1750392867.059977, 0.0, 20.15625
1750392868.071716, 0.0, 20.15625
1750392869.0787761, 0.0, 20.15625
1750392870.080998, 0.0, 20.15625
1750392871.082261, 0.0, 20.15625
1750392872.092521, 0.0, 20.15625
1750392873.102784, 0.0, 20.15625
1750392874.1130428, 0.0, 20.15625
1750392875.123351, 0.0, 20.15625
1750392876.127469, 0.0, 20.15625
1750392877.129718, 0.0, 20.15625
1750392878.136628, 0.0, 20.15625
1750392879.144429, 0.0, 20.15625
1750392880.1571012, 0.0, 20.15625
1750392881.165847, 0.0, 20.15625
1750392882.16844, 0.0, 20.15625
1750392883.1778402, 0.0, 20.15625
1750392884.182351, 0.0, 20.15625
1750392885.192673, 0.0, 20.15625
1750392886.2077901, 0.0, 20.15625
1750392887.214032, 0.0, 20.15625
1750392888.222816, 0.0, 20.15625
1750392889.2257369, 0.0, 20.15625
1750392890.2387352, 0.0, 20.15625
1750392891.2427251, 0.0, 20.15625
1750392892.255195, 0.0, 20.15625
1750392893.272326, 0.0, 20.15625
1750392894.284242, 0.0, 20.15625
1750392895.292151, 0.0, 20.15625
1750392896.303606, 0.0, 20.15625
1750392897.313879, 0.0, 20.15625
1750392898.321701, 0.0, 20.15625
1750392899.3394291, 0.0, 20.15625
1750392900.349685, 0.0, 20.15625
1750392901.35427, 0.0, 20.15625
1750392902.364546, 0.0, 20.15625
1750392903.374816, 0.0, 20.15625
1750392904.385207, 0.0, 20.15625
1750392905.386303, 0.0, 20.15625
1750392906.3905191, 0.0, 20.15625
1750392907.406581, 0.0, 20.15625
1750392908.416857, 0.0, 20.15625
1750392909.427144, 0.0, 20.15625
1750392910.446342, 0.0, 20.15625
1750392911.449145, 0.0, 20.15625
1750392912.45238, 0.0, 20.15625
1750392913.465354, 0.0, 20.15625
1750392914.475625, 0.0, 20.15625
1750392915.4893901, 0.0, 20.15625
1750392916.493085, 0.0, 20.15625
1750392917.5055418, 0.0, 20.15625
1750392918.515753, 0.0, 20.15625
1750392919.5253608, 0.0, 20.15625
1750392920.535578, 0.0, 20.15625
1750392921.54001, 0.0, 20.15625
1750392922.550635, 0.0, 20.15625
1750392923.5611362, 0.0, 20.15625
1750392924.5719628, 0.0, 20.15625
1750392925.58626, 0.0, 20.15625
1750392926.596855, 0.0, 20.15625
1750392927.6047559, 0.0, 20.15625
1750392928.6078641, 0.0, 20.15625
1750392929.6110039, 0.0, 20.15625
1750392930.621417, 0.0, 20.15625
1750392931.630801, 0.0, 20.15625
1750392932.638598, 0.0, 20.15625
1750392933.649158, 0.0, 20.15625
1750392934.650357, 0.0, 20.15625
1750392935.654707, 0.0, 20.15625
1750392936.6566038, 0.0, 20.15625
1750392937.658915, 0.0, 20.15625
1750392938.668051, 0.0, 20.15625
1750392939.6764412, 0.0, 20.15625
1750392940.6866639, 0.0, 20.15625
1750392941.696547, 0.0, 20.15625
1750392942.706645, 0.0, 20.15625
1750392943.716807, 0.0, 20.15625
1750392944.727061, 0.0, 20.15625
1750392945.738965, 0.0, 20.15625
1750392946.741148, 0.0, 20.15625
1750392947.7434602, 0.0, 20.15625
1750392948.7465541, 0.0, 20.15625
1750392949.755476, 0.0, 20.15625
1750392950.764126, 0.0, 20.15625
1750392951.773066, 0.0, 20.15625
1750392952.7833622, 0.0, 20.15625
1750392953.791925, 0.0, 20.15625
1750392954.8021388, 0.0, 20.15625
1750392955.8068109, 0.0, 20.15625
1750392956.822131, 0.0, 20.15625
1750392957.8325791, 0.0, 20.15625
1750392958.839783, 0.0, 20.15625
1750392959.850069, 0.0, 20.15625
1750392960.855375, 0.0, 20.15625
1750392961.865652, 0.0, 20.15625
1750392962.872101, 0.0, 20.15625
1750392963.8779662, 0.0, 20.15625
1750392964.882136, 0.0, 20.15625
1750392965.893707, 0.0, 20.15625
1750392966.9011788, 0.0, 20.15625
1750392967.912407, 0.0, 20.15625
1750392968.914269, 0.0, 20.15625
1750392969.924535, 0.0, 20.15625
1750392970.9310331, 0.0, 20.15625
1750392971.931962, 0.0, 20.15625
1750392972.938427, 0.0, 20.15625
1750392973.94155, 0.0, 20.15625
1750392974.9528809, 0.0, 20.15625
1750392975.961958, 0.0, 20.15625
1750392976.966917, 0.0, 20.15625
1750392977.971262, 0.0, 20.15625
1750392978.980652, 0.0, 20.15625
1750392979.991511, 0.0, 20.15625
1750392980.999968, 0.0, 20.15625
1750392982.0074282, 0.0, 20.15625
1750392983.0113769, 0.0, 20.15625
1750392984.014407, 0.0, 20.15625
1750392985.0219038, 0.0, 20.15625
1750392986.0270941, 0.0, 20.15625
1750392987.040095, 0.0, 19.96875
1750392988.0572128, 0.0, 19.96875
1750392989.058862, 0.0, 19.96875
1750392990.074126, 0.0, 19.96875
1750392991.084427, 0.0, 19.96875
1750392992.094156, 0.0, 19.96875
1750392993.104835, 0.0, 19.96875
1750392994.11443, 0.0, 19.96875
1750392995.1246982, 0.0, 19.96875
1750392996.128983, 0.0, 19.96875
1750392997.1392362, 0.0, 19.96875
1750392998.146503, 0.0, 19.96875
1750392999.156768, 0.0, 19.96875
1750393000.161389, 0.0, 19.96875
1750393001.1716568, 0.0, 19.96875
1750393002.174287, 0.0, 19.96875
1750393003.174911, 0.0, 19.96875
1750393004.187218, 0.0, 19.96875
1750393005.197514, 0.0, 19.96875
1750393006.207777, 0.0, 19.96875
1750393007.211645, 0.0, 19.96875
1750393008.220313, 0.0, 19.96875
1750393009.224635, 0.0, 19.96875
1750393010.237597, 0.0, 19.96875
1750393011.2478561, 0.0, 19.96875
1750393012.258111, 0.0, 19.96875
1750393013.261872, 0.0, 19.96875
1750393014.271412, 0.0, 19.96875
1750393015.275648, 0.0, 19.96875
1750393016.286905, 0.0, 19.96875
1750393017.296845, 0.0, 19.96875
1750393018.307113, 0.0, 19.96875
1750393019.319341, 0.0, 19.96875
1750393020.329639, 0.0, 19.96875
1750393021.338471, 0.0, 19.96875
1750393022.348008, 0.0, 19.96875
1750393023.358266, 0.0, 19.96875
1750393024.372138, 0.0, 19.96875
1750393025.3743901, 0.0, 19.96875
1750393026.388454, 0.0, 19.96875
1750393027.398716, 0.0, 19.96875
1750393028.408117, 0.0, 19.96875
1750393029.420833, 0.0, 19.96875
1750393030.430445, 0.0, 19.96875
1750393031.439561, 0.0, 19.96875
1750393032.4520729, 0.0, 19.96875
1750393033.4603388, 0.0, 19.96875
1750393034.471173, 0.0, 19.96875
1750393035.473244, 0.0, 19.96875
1750393036.480462, 0.0, 19.96875
1750393037.49071, 0.0, 19.96875
1750393038.492204, 0.0, 19.96875
1750393039.5055308, 0.0, 19.96875
1750393040.5158038, 0.0, 19.96875
1750393041.524312, 0.0, 19.96875
1750393042.539398, 0.0, 19.96875
1750393043.546376, 0.0, 19.96875
1750393044.5529459, 0.0, 19.96875
1750393045.569104, 0.0, 19.96875
1750393046.573316, 0.0, 19.96875
1750393047.58622, 0.0, 19.96875
1750393048.595448, 0.0, 19.96875
1750393049.6009731, 0.0, 19.96875
1750393050.611766, 0.0, 19.96875
1750393051.612907, 0.0, 19.96875
1750393052.623304, 0.0, 19.96875
1750393053.6351109, 0.0, 19.96875
1750393054.6455941, 0.0, 19.96875
1750393055.654565, 0.0, 19.96875
1750393056.662313, 0.0, 19.96875
1750393057.6725838, 0.0, 19.96875
1750393058.6849978, 0.0, 19.96875
1750393059.688283, 0.0, 19.96875
1750393060.689976, 0.0, 19.96875
1750393061.699075, 0.0, 19.96875
1750393062.706987, 0.0, 19.96875
1750393063.7116039, 0.0, 19.96875
1750393064.718934, 0.0, 19.96875
1750393065.7230039, 0.0, 19.96875
1750393066.729998, 0.0, 19.96875
1750393067.731193, 0.0, 19.96875
1750393068.7414389, 0.0, 19.96875
1750393069.7517, 0.0, 19.96875
1750393070.761881, 0.0, 19.96875
1750393071.7719932, 0.0, 19.96875
1750393072.779878, 0.0, 19.96875
1750393073.78941, 0.0, 19.96875
1750393074.799674, 0.0, 19.96875
1750393075.806329, 0.0, 19.96875
1750393076.819307, 0.0, 19.96875
1750393077.83173, 0.0, 19.96875
1750393078.83652, 0.0, 19.96875
1750393079.845512, 0.0, 19.96875
1750393080.8468869, 0.0, 19.96875
1750393081.857203, 0.0, 19.96875
1750393082.87249, 0.0, 19.96875
1750393083.8797472, 0.0, 19.96875
1750393084.888526, 0.0, 19.96875
1750393085.8906271, 0.0, 19.96875
1750393086.8995242, 0.0, 19.96875
1750393087.9018838, 0.0, 19.96875
1750393088.906514, 0.0, 19.96875
1750393089.908878, 0.0, 19.96875
1750393090.9194481, 0.0, 19.96875
1750393091.930437, 0.0, 19.96875
1750393092.940686, 0.0, 19.96875
1750393093.952044, 0.0, 19.96875
1750393094.962414, 0.0, 19.96875
1750393095.968215, 0.0, 19.96875
1750393096.9713879, 0.0, 19.96875
1750393097.978266, 0.0, 19.96875
1750393098.988072, 0.0, 19.96875
1750393100.002361, 0.0, 19.96875
1750393101.008755, 0.0, 19.96875
1750393102.015367, 0.0, 19.96875
1750393103.0256588, 0.0, 19.96875
1750393104.037856, 0.0, 19.96875
1750393105.044184, 0.0, 19.96875
1750393106.055093, 0.0, 19.96875
1750393107.0570931, 0.0, 19.96875
1750393108.0686238, 0.0, 19.96875
1750393109.0793622, 0.0, 19.96875
1750393110.089643, 0.0, 19.96875
1750393111.102071, 0.0, 19.96875
1750393112.105667, 0.0, 19.96875
1750393113.1120691, 0.0, 19.96875
1750393114.122354, 0.0, 19.96875
1750393115.137804, 0.0, 19.96875
1750393116.139324, 0.0, 19.96875
1750393117.149487, 0.0, 19.96875
1750393118.161619, 0.0, 19.96875
1750393119.17037, 0.0, 19.96875
1750393120.171795, 0.0, 19.96875
1750393121.184233, 0.0, 19.96875
1750393122.196115, 0.0, 19.96875
1750393123.2038841, 0.0, 19.96875
1750393124.2076101, 0.0, 19.96875
1750393125.219403, 0.0, 19.96875
1750393126.227421, 0.0, 19.96875
1750393127.235432, 0.0, 19.96875
1750393128.2414021, 0.0, 19.96875
1750393129.250962, 0.0, 19.96875
1750393130.259456, 0.0, 19.96875
1750393131.2697651, 0.0, 19.96875
1750393132.2709508, 0.0, 19.96875
1750393133.2831109, 0.0, 19.96875
1750393134.2944582, 0.0, 19.96875
1750393135.304735, 0.0, 19.96875
1750393136.31984, 0.0, 19.96875
1750393137.321024, 0.0, 19.96875
1750393138.337312, 0.0, 19.96875
1750393139.3504598, 0.0, 19.96875
1750393140.363173, 0.0, 19.96875
1750393141.374269, 0.0, 19.96875
1750393142.387348, 0.0, 19.96875
1750393143.397633, 0.0, 19.96875
1750393144.398454, 0.0, 19.96875
1750393145.408482, 0.0, 19.96875
1750393146.418734, 0.0, 19.96875
1750393147.4298291, 0.0, 19.96875
1750393148.438515, 0.0, 19.96875
1750393149.444823, 0.0, 19.96875
1750393150.449319, 0.0, 19.96875
1750393151.4552262, 0.0, 19.96875
1750393152.461809, 0.0, 19.96875
1750393153.4717078, 0.0, 19.96875
1750393154.475148, 0.0, 19.96875
1750393155.484492, 0.0, 19.96875
1750393156.496046, 0.0, 19.96875
1750393157.501434, 0.0, 19.96875
1750393158.5111308, 0.0, 19.96875
1750393159.521756, 0.0, 19.96875
1750393160.523341, 0.0, 19.96875
1750393161.5344021, 0.0, 19.96875
1750393162.537229, 0.0, 19.96875
1750393163.541085, 0.0, 19.96875
1750393164.551361, 0.0, 19.96875
1750393165.5554612, 0.0, 19.96875
1750393166.573248, 0.0, 19.96875
1750393167.577693, 0.0, 19.96875
1750393168.5866308, 0.0, 19.96875
1750393169.5968919, 0.0, 19.96875
1750393170.6013389, 0.0, 19.96875
1750393171.6116211, 0.0, 19.96875
1750393172.621891, 0.0, 19.96875
1750393173.6338198, 0.0, 19.96875
1750393174.636745, 0.0, 19.96875
1750393175.640053, 0.0, 19.96875
1750393176.6525319, 0.0, 19.96875
1750393177.6545432, 0.0, 19.96875
1750393178.664962, 0.0, 19.96875
1750393179.6715362, 0.0, 19.96875
1750393180.6758988, 0.0, 19.96875
1750393181.680171, 0.0, 19.96875
1750393182.6904829, 0.0, 19.96875
1750393183.700768, 0.0, 19.96875
1750393184.712503, 0.0, 19.96875
1750393185.720464, 0.0, 19.96875
1750393186.733147, 0.0, 19.96875
1750393187.7369301, 0.0, 19.96875
1750393188.74342, 0.0, 19.96875
1750393189.7514188, 0.0, 19.96875
1750393190.761725, 0.0, 19.96875
1750393191.772016, 0.0, 19.96875
1750393192.776143, 0.0, 19.96875
1750393193.785534, 0.0, 19.96875
1750393194.78839, 0.0, 19.96875
1750393195.793461, 0.0, 19.96875
1750393196.803473, 0.0, 19.96875
1750393197.813712, 0.0, 19.96875
1750393198.818887, 0.0, 19.96875
1750393199.8290188, 0.0, 19.96875
1750393200.8391092, 0.0, 19.96875
1750393201.849183, 0.0, 19.96875
1750393202.8593678, 0.0, 19.96875
1750393203.8709838, 0.0, 19.96875
1750393204.88464, 0.0, 19.96875
1750393205.8946161, 0.0, 19.96875
1750393206.90094, 0.0, 19.96875
1750393207.911257, 0.0, 19.96875
1750393208.922128, 0.0, 19.96875
1750393209.9343228, 0.0, 19.96875
1750393210.947986, 0.0, 19.96875
1750393211.962854, 0.0, 19.96875
1750393212.97171, 0.0, 19.96875
1750393213.984427, 0.0, 19.96875
1750393214.995067, 0.0, 19.96875
1750393216.001083, 0.0, 19.96875
1750393217.011348, 0.0, 19.96875
1750393218.0133, 0.0, 19.96875
1750393219.0275, 0.0, 19.96875
1750393220.038641, 0.0, 19.96875
1750393221.0537019, 0.0, 19.96875
1750393222.06397, 0.0, 19.96875
1750393223.07729, 0.0, 19.96875
1750393224.091595, 0.0, 19.96875
1750393225.108934, 0.0, 19.96875
1750393226.1177652, 0.0, 19.96875
1750393227.1259992, 0.0, 19.96875
1750393228.1337862, 0.0, 19.96875
1750393229.140469, 0.0, 19.96875
1750393230.151074, 0.0, 19.96875
1750393231.1605718, 0.0, 19.96875
1750393232.35072, 0.0, 19.96875
1750393233.357934, 0.0, 19.96875
1750393234.360609, 0.0, 19.96875
1750393235.371124, 0.0, 19.96875
1750393236.375541, 0.0, 19.96875
1750393237.3808892, 0.0, 19.96875
1750393238.391493, 0.0, 19.96875
1750393239.4006422, 0.0, 19.96875
1750393240.403403, 0.0, 19.96875
1750393241.413652, 0.0, 19.96875
1750393242.423947, 0.0, 19.96875
1750393243.4361758, 0.0, 19.96875
1750393244.445345, 0.0, 19.96875
1750393245.4557471, 0.0, 19.96875
1750393246.470156, 0.0, 19.96875
1750393247.485266, 0.0, 19.96875
1750393248.487073, 0.0, 19.96875
1750393249.495935, 0.0, 19.96875
1750393250.507731, 0.0, 19.96875
1750393251.509943, 0.0, 19.96875
1750393252.521912, 0.0, 19.96875
1750393253.5325708, 0.0, 19.96875
1750393254.536444, 0.0, 19.96875
1750393255.5467079, 0.0, 19.96875
1750393256.552347, 0.0, 19.96875
1750393257.562628, 0.0, 19.96875
1750393258.572916, 0.0, 19.96875
1750393259.574839, 0.0, 19.96875
1750393260.5778298, 0.0, 19.96875
1750393261.588279, 0.0, 19.96875
1750393262.5985558, 0.0, 19.96875
1750393263.6098208, 0.0, 19.96875
1750393264.6200829, 0.0, 19.96875
1750393265.6312609, 0.0, 19.96875
1750393266.637852, 0.0, 19.96875
1750393267.64837, 0.0, 19.96875
1750393268.653104, 0.0, 19.96875
1750393269.662993, 0.0, 19.96875
1750393270.672161, 0.0, 19.96875
1750393271.683537, 0.0, 19.96875
1750393272.687079, 0.0, 19.96875
1750393273.694828, 0.0, 19.96875
1750393274.7094889, 0.0, 19.96875
1750393275.7116811, 0.0, 19.96875
1750393276.721205, 0.0, 19.96875
1750393277.731519, 0.0, 19.96875
1750393278.734642, 0.0, 19.96875
1750393279.740961, 0.0, 19.96875
1750393280.745533, 0.0, 19.96875
1750393281.755817, 0.0, 19.96875
1750393282.7661178, 0.0, 19.96875
1750393283.767293, 0.0, 19.96875
1750393284.785991, 0.0, 19.96875
1750393285.7949362, 0.0, 19.96875
1750393286.805505, 0.0, 19.96875
1750393287.815949, 0.0, 19.96875
1750393288.824532, 0.0, 19.96875
1750393289.832742, 0.0, 19.96875
1750393290.83675, 0.0, 19.96875
1750393291.849368, 0.0, 19.96875
1750393292.86139, 0.0, 19.96875
1750393293.8666298, 0.0, 19.96875
1750393294.876045, 0.0, 19.96875
1750393295.877711, 0.0, 19.96875
1750393296.888591, 0.0, 19.96875
1750393297.897184, 0.0, 19.96875
1750393298.908768, 0.0, 19.96875
1750393299.918313, 0.0, 19.96875
1750393300.92856, 0.0, 19.96875
1750393301.9327302, 0.0, 19.96875
1750393302.947453, 0.0, 19.96875
1750393303.95772, 0.0, 19.96875
1750393304.968, 0.0, 19.96875
1750393305.978265, 0.0, 19.96875
1750393306.987136, 0.0, 19.96875
1750393307.992197, 0.0, 19.96875
1750393309.002482, 0.0, 19.96875
1750393310.01565, 0.0, 19.96875
1750393311.021924, 0.0, 19.96875
1750393312.032182, 0.0, 19.96875
1750393313.034069, 0.0, 19.96875
1750393314.044718, 0.0, 19.96875
1750393315.051141, 0.0, 19.96875
1750393316.056826, 0.0, 19.96875
1750393317.061762, 0.0, 19.96875
1750393318.0700018, 0.0, 19.96875
1750393319.078331, 0.0, 19.96875
1750393320.089042, 0.0, 19.96875
1750393321.0992918, 0.0, 19.96875
1750393322.109497, 0.0, 19.96875
1750393323.1196082, 0.0, 19.96875
1750393324.129699, 0.0, 19.96875
1750393325.13979, 0.0, 19.96875
1750393326.1501172, 0.0, 19.96875
1750393327.160287, 0.0, 19.953125
1750393328.170568, 0.0, 19.953125
1750393329.175794, 0.0, 19.953125
1750393330.186074, 0.0, 19.953125
1750393331.200754, 0.0, 19.953125
1750393332.2110379, 0.0, 19.953125
1750393333.2263439, 0.0, 19.953125
1750393334.2320051, 0.0, 19.953125
1750393335.242239, 0.0, 19.953125
1750393336.252533, 0.0, 19.953125
1750393337.258465, 0.0, 19.953125
1750393338.271162, 0.0, 19.953125
1750393339.282103, 0.0, 19.953125
1750393340.2908502, 0.0, 19.953125
1750393341.301195, 0.0, 19.953125
1750393342.3090088, 0.0, 19.953125
1750393343.318976, 0.0, 19.953125
1750393344.331986, 0.0, 19.953125
1750393345.336132, 0.0, 19.953125
1750393346.353695, 0.0, 19.953125
1750393347.355438, 0.0, 19.953125
1750393348.366147, 0.0, 19.953125
1750393349.37923, 0.0, 19.953125
1750393350.393274, 0.0, 19.953125
1750393351.399934, 0.0, 19.953125
1750393352.407319, 0.0, 19.953125
1750393353.4179158, 0.0, 19.953125
1750393354.425771, 0.0, 19.953125
1750393355.437498, 0.0, 19.953125
1750393356.451265, 0.0, 19.953125
1750393357.461792, 0.0, 19.953125
1750393358.4715679, 0.0, 19.953125
1750393359.479464, 0.0, 19.953125
1750393360.493759, 0.0, 19.953125
1750393361.507715, 0.0, 19.953125
1750393362.519753, 0.0, 19.953125
1750393363.527241, 0.0, 19.953125
1750393364.5376902, 0.0, 19.953125
1750393365.552234, 0.0, 19.953125
1750393366.563997, 0.0, 19.953125
1750393367.575419, 0.0, 19.953125
1750393368.5862, 0.0, 19.953125
1750393369.58788, 0.0, 19.953125
1750393370.5967412, 0.0, 19.953125
1750393371.606681, 0.0, 19.953125
1750393372.609246, 0.0, 19.953125
1750393373.619859, 0.0, 19.953125
1750393374.622733, 0.0, 19.953125
1750393375.633012, 0.0, 19.953125
1750393376.6369238, 0.0, 19.953125
1750393377.647257, 0.0, 19.953125
1750393378.65781, 0.0, 19.953125
1750393379.66338, 0.0, 19.953125
1750393380.6762, 0.0, 19.953125
1750393381.687851, 0.0, 19.953125
1750393382.693768, 0.0, 19.953125
1750393383.709497, 0.0, 19.953125
1750393384.719862, 0.0, 19.953125
1750393385.7384331, 0.0, 19.953125
1750393386.748746, 0.0, 19.953125
1750393387.7592142, 0.0, 19.953125
1750393388.771432, 0.0, 19.953125
1750393389.7818098, 0.0, 19.953125
1750393390.7881851, 0.0, 19.953125
1750393391.799503, 0.0, 19.953125
1750393392.809818, 0.0, 19.953125
1750393393.814263, 0.0, 19.953125
1750393394.815592, 0.0, 19.953125
1750393395.825852, 0.0, 19.953125
1750393396.834622, 0.0, 19.953125
1750393397.8378859, 0.0, 19.953125
1750393398.854563, 0.0, 19.953125
1750393399.864841, 0.0, 19.953125
1750393400.869003, 0.0, 19.953125
1750393401.8739042, 0.0, 19.953125
1750393402.887788, 0.0, 19.953125
1750393403.9000509, 0.0, 19.953125
1750393404.9092102, 0.0, 19.953125
1750393405.920765, 0.0, 19.953125
1750393406.9310431, 0.0, 19.953125
1750393407.937087, 0.0, 19.953125
1750393408.944932, 0.0, 19.953125
1750393409.9552069, 0.0, 19.953125
1750393410.965796, 0.0, 19.953125
1750393411.974873, 0.0, 19.953125
1750393412.978719, 0.0, 19.953125
1750393413.9805892, 0.0, 19.953125
1750393414.988412, 0.0, 19.953125
1750393415.990516, 0.0, 19.953125
1750393417.002613, 0.0, 19.953125
1750393418.0124428, 0.0, 19.953125
1750393419.022762, 0.0, 19.953125
1750393420.030138, 0.0, 19.953125
1750393421.0381591, 0.0, 19.953125
1750393422.047408, 0.0, 19.953125
1750393423.0540001, 0.0, 19.953125
1750393424.064275, 0.0, 19.953125
1750393425.066726, 0.0, 19.953125
1750393426.078113, 0.0, 19.953125
1750393427.0783832, 0.0, 19.953125
1750393428.087147, 0.0, 19.953125
1750393429.097402, 0.0, 19.953125
1750393430.107918, 0.0, 19.953125
1750393431.1100008, 0.0, 19.953125
1750393432.113111, 0.0, 19.953125
1750393433.1233869, 0.0, 19.953125
1750393434.1364229, 0.0, 19.953125
1750393435.143054, 0.0, 19.953125
1750393436.146101, 0.0, 19.953125
1750393437.153604, 0.0, 19.953125
1750393438.160766, 0.0, 19.953125
1750393439.17111, 0.0, 19.953125
1750393440.181342, 0.0, 19.953125
1750393441.18414, 0.0, 19.953125
1750393442.189334, 0.0, 19.953125
1750393443.1913931, 0.0, 19.953125
1750393444.201653, 0.0, 19.953125
1750393445.202076, 0.0, 19.953125
1750393446.209159, 0.0, 19.953125
1750393447.219291, 0.0, 19.953125
1750393448.229378, 0.0, 19.953125
1750393449.239542, 0.0, 19.953125
1750393450.250108, 0.0, 19.953125
1750393451.2603881, 0.0, 19.953125
1750393452.2653608, 0.0, 19.953125
1750393453.271323, 0.0, 19.953125
1750393454.280051, 0.0, 19.953125
1750393455.290564, 0.0, 19.953125
1750393456.292417, 0.0, 19.953125
1750393457.307612, 0.0, 19.953125
1750393458.319922, 0.0, 19.953125
1750393459.32409, 0.0, 19.953125
1750393460.332792, 0.0, 19.953125
1750393461.343056, 0.0, 19.953125
1750393462.354296, 0.0, 19.953125
1750393463.358342, 0.0, 19.953125
1750393464.3725948, 0.0, 19.953125
1750393465.380553, 0.0, 19.953125
1750393466.39082, 0.0, 19.953125
1750393467.403562, 0.0, 19.953125
1750393468.414047, 0.0, 19.953125
1750393469.418541, 0.0, 19.953125
1750393470.42879, 0.0, 19.953125
1750393471.4390469, 0.0, 19.953125
1750393472.4515488, 0.0, 19.953125
1750393473.4611578, 0.0, 19.953125
1750393474.4714398, 0.0, 19.953125
1750393475.475788, 0.0, 19.953125
1750393476.488801, 0.0, 19.953125
1750393477.49907, 0.0, 19.953125
1750393478.5060759, 0.0, 19.953125
1750393479.516351, 0.0, 19.953125
1750393480.528944, 0.0, 19.953125
1750393481.537591, 0.0, 19.953125
1750393482.5478861, 0.0, 19.953125
1750393483.552843, 0.0, 19.953125
1750393484.569481, 0.0, 19.953125
1750393485.571019, 0.0, 19.953125
1750393486.581259, 0.0, 19.953125
1750393487.5915132, 0.0, 19.953125
1750393488.6046772, 0.0, 19.953125
1750393489.610687, 0.0, 19.953125
1750393490.6244612, 0.0, 19.953125
1750393491.637771, 0.0, 19.953125
1750393492.6480331, 0.0, 19.953125
1750393493.653224, 0.0, 19.953125
1750393494.6635048, 0.0, 19.953125
1750393495.6731231, 0.0, 19.953125
1750393496.6823812, 0.0, 19.953125
1750393497.686474, 0.0, 19.953125
1750393498.6967711, 0.0, 19.953125
1750393499.704268, 0.0, 19.953125
1750393500.7327309, 0.0, 19.953125
1750393501.742985, 0.0, 19.953125
1750393502.7501152, 0.0, 19.953125
1750393503.756535, 0.0, 19.953125
1750393504.769973, 0.0, 19.953125
1750393505.775616, 0.0, 19.953125
1750393506.7865868, 0.0, 19.953125
1750393507.797725, 0.0, 19.953125
1750393508.802667, 0.0, 19.953125
1750393509.813267, 0.0, 19.953125
1750393510.8227892, 0.0, 19.953125
1750393511.833618, 0.0, 19.953125
1750393512.843905, 0.0, 19.953125
1750393513.854218, 0.0, 19.953125
1750393514.862753, 0.0, 19.953125
1750393515.8705878, 0.0, 19.953125
1750393516.879807, 0.0, 19.953125
1750393517.88946, 0.0, 19.953125
1750393518.896228, 0.0, 19.953125
1750393519.904491, 0.0, 19.953125
1750393520.914769, 0.0, 19.953125
1750393521.9260118, 0.0, 19.953125
1750393522.9365911, 0.0, 19.953125
1750393523.94611, 0.0, 19.953125
1750393524.950222, 0.0, 19.953125
1750393525.962073, 0.0, 19.953125
1750393526.976647, 0.0, 19.953125
1750393527.982241, 0.0, 19.953125
1750393528.98847, 0.0, 19.953125
1750393529.991147, 0.0, 19.953125
1750393530.995313, 0.0, 19.953125
1750393532.0053601, 0.0, 19.953125
1750393533.0128891, 0.0, 19.953125
1750393534.0179908, 0.0, 19.953125
1750393535.0236108, 0.0, 19.953125
1750393536.030028, 0.0, 19.953125
1750393537.040315, 0.0, 19.953125
1750393538.053928, 0.0, 19.953125
1750393539.057169, 0.0, 19.953125
1750393540.062529, 0.0, 19.953125
1750393541.066251, 0.0, 19.953125
1750393542.0765052, 0.0, 19.953125
1750393543.085808, 0.0, 19.953125
1750393544.088636, 0.0, 19.953125
1750393545.101433, 0.0, 19.953125
1750393546.1061602, 0.0, 19.953125
1750393547.111431, 0.0, 19.953125
1750393548.121661, 0.0, 19.953125
1750393549.131253, 0.0, 19.953125
1750393550.1394508, 0.0, 19.953125
1750393551.1455948, 0.0, 19.953125
1750393552.151117, 0.0, 19.953125
1750393553.154101, 0.0, 19.953125
1750393554.156851, 0.0, 19.953125
1750393555.157578, 0.0, 19.953125
1750393556.161293, 0.0, 19.953125
1750393557.174169, 0.0, 19.953125
1750393558.1844149, 0.0, 19.953125
1750393559.204236, 0.0, 19.953125
1750393560.214499, 0.0, 19.953125
1750393561.224753, 0.0, 19.953125
1750393562.234968, 0.0, 19.953125
1750393563.2450838, 0.0, 19.953125
1750393564.255171, 0.0, 19.953125
1750393565.265366, 0.0, 19.953125
1750393566.275476, 0.0, 19.953125
1750393567.285565, 0.0, 19.953125
1750393568.295734, 0.0, 19.953125
1750393569.2981918, 0.0, 19.953125
1750393570.30832, 0.0, 19.953125
1750393571.319094, 0.0, 19.953125
1750393572.329361, 0.0, 19.953125
1750393573.3399491, 0.0, 19.953125
1750393574.3475351, 0.0, 19.953125
1750393575.357822, 0.0, 19.953125
1750393576.3690848, 0.0, 19.953125
1750393577.370521, 0.0, 19.953125
1750393578.373824, 0.0, 19.953125
1750393579.378419, 0.0, 19.953125
1750393580.386716, 0.0, 19.953125
1750393581.400987, 0.0, 19.953125
1750393582.404029, 0.0, 19.953125
1750393583.409389, 0.0, 19.953125
1750393584.4184792, 0.0, 19.953125
1750393585.4287791, 0.0, 19.953125
1750393586.439072, 0.0, 19.953125
1750393587.449174, 0.0, 19.953125
1750393588.453126, 0.0, 19.953125
1750393589.454752, 0.0, 19.953125
1750393590.4649339, 0.0, 19.953125
1750393591.478126, 0.0, 19.953125
1750393592.479268, 0.0, 19.953125
1750393593.489527, 0.0, 19.953125
1750393594.505995, 0.0, 19.953125
1750393595.51124, 0.0, 19.953125
1750393596.524319, 0.0, 19.953125
1750393597.5363462, 0.0, 19.953125
1750393598.539277, 0.0, 19.953125
1750393599.5516071, 0.0, 19.953125
1750393600.561856, 0.0, 19.953125
1750393601.57841, 0.0, 19.953125
1750393602.584987, 0.0, 19.953125
1750393603.594986, 0.0, 19.953125
1750393604.605272, 0.0, 19.953125
1750393605.611684, 0.1, 20.0
1750393606.614819, 0.0, 20.0
1750393607.623987, 0.0, 20.0
1750393608.6354089, 0.0, 20.0
1750393609.646699, 0.0, 20.0
1750393610.6531131, 0.0, 20.0
1750393611.6615412, 0.0, 20.0
1750393612.663775, 0.0, 20.0
1750393613.6723342, 0.0, 20.0
1750393614.682624, 0.0, 20.0
1750393615.6929312, 0.0, 20.0
1750393616.701132, 0.0, 20.0
1750393617.704913, 0.0, 20.0
1750393618.7146811, 0.0, 20.0
1750393619.7206762, 0.0, 20.0
1750393620.7281961, 0.0, 20.0
1750393621.734572, 0.0, 20.0
1750393622.743763, 0.0, 20.0
1750393623.752258, 0.0, 20.0
1750393624.755681, 0.0, 20.0
1750393625.768043, 0.0, 20.0
1750393626.776248, 0.0, 20.0
1750393627.786834, 0.0, 20.0
1750393628.79707, 0.0, 20.0
1750393629.80573, 0.0, 20.0
1750393630.8176541, 0.0, 20.0
1750393631.8282208, 0.0, 20.0
1750393632.839437, 0.0, 20.0
1750393633.853463, 0.0, 20.0
1750393634.863729, 0.0, 20.0
1750393635.875741, 0.0, 20.0
1750393636.884775, 0.0, 20.0
1750393637.894549, 0.0, 20.0
1750393638.9048, 0.0, 20.0
1750393639.914098, 0.0, 20.0
1750393640.920922, 0.0, 20.0
1750393641.934325, 0.0, 20.0
1750393642.944798, 0.0, 20.0
1750393643.9498692, 0.0, 20.0
1750393644.958307, 0.0, 20.0
1750393645.968562, 0.0, 20.0
1750393646.97705, 0.0, 20.0
1750393647.987333, 0.0, 20.0
1750393648.9913962, 0.0, 20.0
1750393650.001811, 0.0, 20.0
1750393651.0129962, 0.0, 20.0
1750393652.016612, 0.0, 20.0
1750393653.028138, 0.0, 20.0
1750393654.0393322, 0.0, 20.0
1750393655.0446038, 0.0, 20.0
1750393656.054358, 0.0, 20.0
1750393657.060987, 0.0, 20.0
1750393658.0675468, 0.0, 20.0
1750393659.075209, 0.0, 20.0
1750393660.078881, 0.0, 20.0
1750393661.083148, 0.0, 20.0
1750393662.09342, 0.0, 20.0
1750393663.1024268, 0.0, 20.0
1750393664.1100779, 0.0, 20.0
1750393665.12096, 0.0, 20.0
1750393666.131234, 0.0, 20.0
1750393667.140797, 0.0, 20.0
1750393668.159065, 0.0, 20.0
1750393669.164659, 0.0, 20.0
1750393670.167883, 0.0, 20.0
1750393671.1682189, 0.0, 20.0
1750393672.1688352, 0.0, 20.0
1750393673.1791549, 0.0, 20.0
1750393674.186521, 0.0, 20.0
1750393675.188133, 0.0, 20.0
1750393676.2006679, 0.0, 20.0
1750393677.2109451, 0.0, 20.0
1750393678.2136161, 0.0, 20.0
1750393679.215761, 0.0, 20.0
1750393680.225875, 0.0, 20.0
1750393681.2360818, 0.0, 20.0
1750393682.246176, 0.0, 20.0
1750393683.2562618, 0.0, 20.0
1750393684.2663429, 0.0, 20.0
1750393685.2764218, 0.0, 20.0
1750393686.2864919, 0.0, 20.0
1750393687.296561, 0.0, 20.0
1750393688.306748, 0.0, 20.0
1750393689.3173718, 0.0, 20.0
1750393690.328358, 0.0, 20.0
1750393691.3347561, 0.0, 20.0
1750393692.344479, 0.0, 20.0
1750393693.354744, 0.0, 20.0
1750393694.366724, 0.0, 20.0
1750393695.376988, 0.0, 20.0
1750393696.3802292, 0.0, 20.0
1750393697.39404, 0.0, 20.0
1750393698.4005408, 0.0, 20.0
1750393699.401746, 0.0, 20.0
1750393700.4069738, 0.0, 20.0
1750393701.417353, 0.0, 20.0
1750393702.426643, 0.0, 20.0
1750393703.427388, 0.0, 20.0
1750393704.43227, 0.0, 20.0
1750393705.4426398, 0.0, 20.0
1750393706.451435, 0.0, 20.0
1750393707.4616919, 0.0, 20.0
1750393708.4652631, 0.0, 20.0
1750393709.479021, 0.0, 20.0
1750393710.4827409, 0.0, 20.0
1750393711.4930198, 0.0, 20.0
1750393712.502788, 0.0, 20.0
1750393713.50945, 0.0, 20.0
1750393714.519719, 0.0, 20.0
1750393715.533074, 0.0, 20.0
1750393716.543175, 0.0, 20.0
1750393717.546496, 0.0, 20.0
1750393718.556851, 0.0, 20.0
1750393719.5674949, 0.0, 20.0
1750393720.577771, 0.0, 20.0
1750393721.584529, 0.0, 20.0
1750393722.593154, 0.0, 20.0
1750393723.603429, 0.0, 20.0
1750393724.6128268, 0.0, 20.0
1750393725.6218848, 0.0, 20.0
1750393726.623704, 0.0, 20.0
1750393727.626555, 0.0, 20.0
1750393728.636838, 0.0, 20.0
1750393729.648757, 0.0, 20.0
1750393730.653239, 0.0, 20.0
1750393731.6697211, 0.0, 20.0
1750393732.681359, 0.0, 20.0
1750393733.687988, 0.0, 20.0
1750393734.700994, 0.0, 20.0
1750393735.710955, 0.0, 20.0
1750393736.719511, 0.0, 20.0
1750393737.7254121, 0.0, 20.0
1750393738.735683, 0.0, 20.0
1750393739.74766, 0.0, 20.0
1750393740.7549188, 0.0, 20.0
1750393741.759605, 0.0, 20.0
1750393742.7698638, 0.0, 20.0
1750393743.782824, 0.0, 20.0
1750393744.786885, 0.0, 20.0
1750393745.799346, 0.0, 20.0
1750393746.802885, 0.0, 20.0
1750393747.8125598, 0.0, 20.0
1750393748.8180149, 0.0, 20.0
1750393749.828296, 0.0, 20.0
1750393750.832452, 0.0, 20.0
1750393751.842728, 0.0, 20.0
1750393752.848972, 0.0, 20.0
1750393753.8539362, 0.0, 20.0
1750393754.8680398, 0.0, 20.0
1750393755.879381, 0.0, 20.0
1750393756.889675, 0.0, 20.0
1750393757.90033, 0.0, 20.0
1750393758.903095, 0.0, 20.0
1750393759.910996, 0.0, 20.0
1750393760.9247859, 0.0, 20.0
1750393761.938733, 0.0, 20.0
1750393762.944932, 0.0, 20.0
1750393763.9565718, 0.0, 20.0
1750393764.9707289, 0.0, 20.0
1750393765.98318, 0.0, 20.0
1750393766.9936142, 0.0, 20.0
1750393767.996338, 0.0, 20.0
1750393769.007497, 0.0, 20.0
1750393770.017796, 0.0, 20.0
1750393771.03528, 0.0, 20.0
1750393772.0462132, 0.0, 20.0
1750393773.0548139, 0.0, 20.0
1750393774.065079, 0.0, 20.0
1750393775.0753589, 0.0, 20.0
1750393776.084438, 0.0, 20.0
1750393777.089739, 0.0, 20.0
1750393778.100019, 0.0, 20.0
1750393779.110282, 0.0, 20.0
1750393780.118336, 0.0, 20.0
1750393781.133642, 0.0, 20.0
1750393782.143896, 0.0, 20.0
1750393783.15476, 0.0, 20.0
1750393784.1595352, 0.0, 20.0
1750393785.173064, 0.0, 20.0
1750393786.184822, 0.0, 20.0
1750393787.194895, 0.0, 20.0
1750393788.200214, 0.0, 20.0
1750393789.210504, 0.0, 20.0
1750393790.218865, 0.0, 20.0
1750393791.231819, 0.0, 20.0
1750393792.24099, 0.0, 20.0
1750393793.2479181, 0.0, 20.0
1750393794.258186, 0.0, 20.0
1750393795.268416, 0.0, 20.0
1750393796.2794151, 0.0, 20.0
1750393797.293748, 0.0, 20.0
1750393798.304048, 0.0, 20.0
1750393799.313808, 0.0, 20.0
1750393800.3147142, 0.0, 20.0
1750393801.317983, 0.0, 20.0
1750393802.328226, 0.0, 20.0
1750393803.3384829, 0.0, 20.0
1750393804.33921, 0.0, 20.0
1750393805.3502378, 0.0, 20.0
1750393806.3565729, 0.0, 20.0
1750393807.3666718, 0.0, 20.0
1750393808.3767512, 0.0, 20.0
1750393809.386904, 0.0, 20.0
1750393810.39698, 0.0, 20.0
1750393811.4092932, 0.0, 20.0
1750393812.41604, 0.0, 20.0
1750393813.417724, 0.0, 20.0
1750393814.42801, 0.0, 20.0
1750393815.434344, 0.0, 20.0
1750393816.440863, 0.0, 20.0
1750393817.4470458, 0.0, 20.0
1750393818.4506712, 0.0, 20.0
1750393819.4596999, 0.0, 20.0
1750393820.4755552, 0.0, 20.0
1750393821.484587, 0.0, 20.0
1750393822.4913988, 0.0, 20.0
1750393823.494754, 0.0, 20.0
1750393824.506454, 0.0, 20.0
1750393825.518529, 0.0, 20.0
1750393826.526201, 0.0, 20.0
1750393827.5364869, 0.0, 20.0
1750393828.547654, 0.0, 20.0
1750393829.552863, 0.0, 20.0
1750393830.5557141, 0.0, 20.0
1750393831.565989, 0.0, 20.0
1750393832.568001, 0.0, 20.0
1750393833.581099, 0.0, 20.0
1750393834.5839932, 0.0, 20.0
1750393835.5974588, 0.0, 20.0
1750393836.6077068, 0.0, 20.0
1750393837.619528, 0.0, 20.0
1750393838.6317, 0.0, 20.0
1750393839.641954, 0.0, 20.0
1750393840.6520221, 0.0, 20.0
1750393841.664583, 0.0, 20.0
1750393842.671239, 0.0, 20.0
1750393843.6815, 0.0, 20.0
1750393844.691749, 0.0, 20.0
1750393845.7027159, 0.0, 20.0
1750393846.704349, 0.0, 20.0
1750393847.7162611, 0.0, 20.0
1750393848.723657, 0.0, 20.0
1750393849.733918, 0.0, 20.0
1750393850.747262, 0.0, 20.0
1750393851.750324, 0.0, 20.0
1750393852.76384, 0.0, 20.0
1750393853.772463, 0.0, 20.0
1750393854.7827258, 0.0, 20.0
1750393855.784003, 0.0, 20.0
1750393856.797179, 0.0, 20.0
1750393857.799733, 0.0, 20.0
1750393858.810005, 0.0, 20.0
1750393859.818028, 0.0, 20.0
1750393860.830366, 0.0, 20.0
1750393861.8410938, 0.0, 20.0
1750393862.849247, 0.0, 20.0
1750393863.859524, 0.0, 20.0
1750393864.864029, 0.0, 20.0
1750393865.8739562, 0.0, 20.0
1750393866.884268, 0.0, 20.0
1750393867.897247, 0.0, 20.0
1750393868.9007812, 0.0, 20.0
1750393869.913758, 0.0, 20.0
1750393870.924026, 0.0, 20.0
1750393871.933423, 0.0, 20.0
1750393872.9438982, 0.0, 20.0
1750393873.947155, 0.0, 20.0
1750393874.949322, 0.0, 20.0
1750393875.959611, 0.0, 20.0
1750393876.969919, 0.0, 20.0
1750393877.972808, 0.0, 20.0
1750393878.983147, 0.0, 20.0
1750393879.9899762, 0.0, 20.0
1750393880.9975748, 0.0, 20.0
1750393882.007849, 0.0, 20.0
1750393883.018114, 0.0, 20.0
1750393884.029017, 0.0, 20.0
1750393885.031019, 0.0, 20.0
1750393886.0496068, 0.0, 20.0
1750393887.060831, 0.0, 20.0
1750393888.071143, 0.0, 20.0
1750393889.0797791, 0.0, 20.0
1750393890.088307, 0.0, 20.0
1750393891.0986161, 0.0, 20.0
1750393892.101651, 0.0, 20.0
1750393893.113389, 0.0, 20.0
1750393894.116032, 0.0, 20.0
1750393895.12927, 0.0, 20.0
1750393896.135798, 0.0, 20.0
1750393897.143565, 0.0, 20.0
1750393898.151822, 0.0, 20.0
1750393899.163116, 0.0, 20.0
1750393900.173749, 0.0, 20.0
1750393901.1840441, 0.0, 20.0
1750393902.196566, 0.0, 20.0
1750393903.20123, 0.0, 20.0
1750393904.20652, 0.0, 20.0
1750393905.214877, 0.0, 20.0
1750393906.225132, 0.0, 20.0
1750393907.237677, 0.0, 20.0
1750393908.248798, 0.0, 20.0
1750393909.25145, 0.0, 20.0
1750393910.2596061, 0.0, 20.0
1750393911.269867, 0.0, 20.0
1750393912.279391, 0.0, 20.0
1750393913.2839592, 0.0, 20.0
1750393914.289403, 0.0, 20.0
1750393915.292326, 0.0, 20.0
1750393916.299254, 0.0, 20.0
1750393917.3009, 0.0, 20.0
1750393918.3101912, 0.0, 20.0
1750393919.320478, 0.0, 20.0
1750393920.330548, 0.0, 20.0
1750393921.338314, 0.0, 20.0
1750393922.3440819, 0.0, 20.0
1750393923.354383, 0.0, 20.0
1750393924.36468, 0.0, 20.0
1750393925.372819, 0.0, 20.0
1750393926.3781838, 0.0, 20.0
1750393927.388639, 0.0, 20.0
1750393928.398836, 0.0, 20.0
1750393929.400098, 0.0, 20.0
1750393930.4096482, 0.0, 20.0
1750393931.4198809, 0.0, 20.0
1750393932.4270551, 0.0, 20.0
1750393933.4375072, 0.0, 20.0
1750393934.447621, 0.0, 20.0
1750393935.4627619, 0.0, 20.0
1750393936.4679658, 0.0, 20.0
1750393937.4818811, 0.0, 20.0
1750393938.501705, 0.0, 20.0
1750393939.513742, 0.0, 20.0
1750393940.522512, 0.0, 20.0
1750393941.526062, 0.0, 20.0
1750393942.53882, 0.0, 20.0
1750393943.546308, 0.0, 20.0
1750393944.55248, 0.0, 20.0
1750393945.562999, 0.0, 20.0
1750393946.573258, 0.0, 20.0
1750393947.583793, 0.0, 20.0
1750393948.5898812, 0.0, 20.0
1750393949.60275, 0.0, 20.0
1750393950.613031, 0.0, 20.0
1750393951.6156569, 0.0, 20.0
1750393952.629475, 0.0, 20.0
1750393953.634015, 0.0, 20.0
1750393954.645507, 0.0, 20.0
1750393955.652469, 0.0, 20.0
1750393956.66274, 0.0, 20.0
1750393957.667504, 0.0, 20.0
1750393958.67587, 0.0, 20.0
1750393959.686133, 0.0, 20.0
1750393960.692443, 0.0, 20.0
1750393961.701162, 0.0, 20.0
1750393962.715698, 0.0, 20.0
1750393963.7256489, 0.0, 20.0
1750393964.7357419, 0.0, 20.0
1750393965.74593, 0.0, 20.0
1750393966.752533, 0.0, 20.0
1750393967.76279, 0.0, 20.0
1750393968.772317, 0.0, 20.0
1750393969.779221, 0.0, 20.0
1750393970.787714, 0.0, 20.0
1750393971.793352, 0.0, 20.0
1750393972.8084521, 0.0, 20.0
1750393973.818721, 0.0, 20.0
1750393974.821192, 0.0, 20.0
1750393975.831451, 0.0, 20.0
1750393976.836276, 0.0, 20.0
1750393977.845286, 0.0, 20.0
1750393978.855527, 0.0, 20.0
1750393979.868958, 0.0, 20.0
1750393980.876698, 0.0, 20.0
1750393981.883254, 0.0, 20.0
1750393982.8954072, 0.0, 20.0
1750393983.9012501, 0.0, 20.0
1750393984.911784, 0.0, 20.0
1750393985.916202, 0.0, 20.0
1750393986.9290729, 0.0, 20.0
1750393987.939344, 0.0, 20.0
1750393988.942009, 0.0, 20.0
1750393989.9522681, 0.0, 20.0
1750393990.95577, 0.0, 20.0
1750393991.967207, 0.0, 20.0
1750393992.9731069, 0.0, 20.0
1750393993.9788811, 0.0, 20.0
1750393994.984707, 0.0, 20.0
1750393996.000177, 0.0, 20.0
1750393997.01349, 0.0, 20.0
1750393998.028471, 0.0, 19.953125
1750393999.0404491, 0.0, 19.71875
1750394000.051881, 0.0, 19.71875
1750394001.066139, 0.0, 19.71875
1750394002.086494, 0.0, 19.71875
1750394003.098378, 0.0, 19.71875
1750394004.106136, 0.0, 19.71875
1750394005.116371, 0.0, 19.71875
1750394006.1285279, 0.0, 19.71875
1750394007.1384141, 0.0, 19.71875
1750394008.148727, 0.0, 19.71875
1750394009.149531, 0.0, 19.71875
1750394010.152822, 0.0, 19.71875
1750394011.155194, 0.0, 19.71875
1750394012.161231, 0.0, 19.71875
1750394013.1646159, 0.0, 19.71875
1750394014.175421, 0.0, 19.71875
1750394015.188001, 0.0, 19.71875
1750394016.195116, 0.0, 19.71875
1750394017.213971, 0.0, 19.71875
1750394018.233425, 0.0, 19.71875
1750394019.251266, 0.0, 19.71875
1750394020.2743921, 0.0, 19.71875
1750394021.310579, 0.0, 19.71875
1750394022.315787, 0.0, 19.71875
1750394023.322397, 0.0, 19.71875
1750394024.3289092, 0.0, 19.71875
1750394025.334102, 0.0, 19.71875
1750394026.339707, 0.0, 19.71875
1750394027.3464892, 0.0, 19.71875
1750394028.3532841, 0.0, 19.71875
1750394029.357923, 0.0, 19.71875
1750394030.363254, 0.0, 19.71875
1750394031.3685079, 0.0, 19.71875
1750394032.3758621, 0.0, 19.71875
1750394033.381849, 0.0, 19.71875
1750394034.384767, 0.0, 19.71875
1750394035.388521, 0.0, 19.71875
1750394036.3961978, 0.0, 19.71875
1750394037.40159, 0.0, 19.71875
1750394038.406864, 0.0, 19.71875
1750394039.4123468, 0.0, 19.71875
1750394040.4192588, 0.0, 19.71875
1750394041.431818, 0.0, 19.71875
1750394042.4370759, 0.0, 19.71875
1750394043.44177, 0.0, 19.71875
1750394044.44493, 0.0, 19.71875
1750394045.450204, 0.0, 19.71875
1750394046.455654, 0.0, 19.703125
1750394047.463469, 0.0, 19.703125
1750394048.468723, 0.0, 19.703125
1750394049.473968, 0.0, 19.703125
1750394050.479216, 0.0, 19.703125
1750394051.48452, 0.0, 19.703125
1750394052.490195, 0.0, 19.703125
1750394053.4935198, 0.0, 15.1875
1750394054.496613, 0.0, 15.1875
1750394055.501837, 0.0, 15.1875
1750394056.506895, 0.0, 15.1875
1750394057.5089998, 0.0, 15.1875
1750394058.514498, 0.0, 15.1875
1750394059.519765, 0.0, 15.1875
1750394060.524897, 0.0, 15.1875
1750394061.529984, 0.0, 15.1875
1750394062.53507, 0.0, 15.1875
1750394063.540148, 0.0, 15.1875
1750394064.5453079, 0.0, 15.21875
1750394065.550865, 0.0, 15.21875
1750394066.55372, 0.0, 15.21875
1750394067.564457, 0.0, 15.21875
1750394068.56974, 0.0, 15.21875
1750394069.576716, 0.0, 15.21875
1750394070.578743, 0.0, 15.21875
1750394071.584011, 0.0, 15.21875
1750394072.5893161, 0.0, 15.21875
1750394073.595243, 0.0, 15.21875
1750394074.600503, 0.0, 15.21875
1750394075.608882, 0.0, 15.21875
1750394076.614772, 0.0, 15.21875
1750394077.6200771, 0.0, 15.21875
1750394078.626243, 0.0, 15.21875
1750394079.6372359, 0.0, 15.21875
1750394080.643914, 0.0, 15.21875
1750394081.6491678, 0.0, 15.21875
1750394082.659348, 0.0, 15.21875
1750394083.6632378, 0.0, 15.21875
1750394084.669686, 0.0, 15.21875
1750394085.67737, 0.0, 15.21875
1750394086.684997, 0.0, 15.21875
1750394087.6935802, 0.0, 15.21875
1750394088.695298, 0.0, 15.21875
1750394089.7005801, 0.0, 15.21875
1750394090.705857, 0.0, 15.21875
1750394091.70958, 0.0, 15.21875
1750394092.716552, 0.0, 15.21875
1750394093.721835, 0.0, 15.21875
1750394094.72712, 0.0, 15.21875
1750394095.735378, 0.0, 15.21875
1750394096.742731, 0.0, 15.21875
1750394097.7480052, 0.0, 15.21875
1750394098.753263, 0.0, 15.21875
1750394099.756865, 0.0, 15.21875
1750394100.7621472, 0.0, 15.21875
1750394101.767425, 0.0, 15.21875
1750394102.777152, 0.0, 15.21875
1750394103.78241, 0.0, 15.21875
1750394104.789788, 0.0, 15.21875
1750394105.797077, 0.0, 15.21875
1750394106.8023329, 0.0, 15.21875
1750394107.809925, 0.0, 15.21875
1750394108.8155131, 0.0, 15.21875
1750394109.8207722, 0.0, 15.21875
1750394110.830226, 0.0, 15.21875
1750394111.834938, 0.0, 15.21875
1750394112.843724, 0.0, 15.21875
1750394113.851328, 0.0, 15.21875
1750394114.8626292, 0.0, 15.21875
1750394115.867925, 0.0, 15.21875
1750394116.873204, 0.0, 15.21875
1750394117.879516, 0.0, 15.21875
1750394118.880984, 0.0, 15.21875
1750394119.88731, 0.0, 15.21875
1750394120.889707, 0.0, 15.21875
1750394121.896707, 0.0, 15.21875
1750394122.9023821, 0.0, 15.21875
1750394123.908561, 0.0, 15.21875
1750394124.915052, 0.0, 15.21875
1750394125.9208431, 0.0, 15.21875
1750394126.928214, 0.0, 15.21875
1750394127.929803, 0.0, 15.21875
1750394128.935057, 0.0, 15.21875
1750394129.9394088, 0.0, 15.21875
1750394130.9447, 0.0, 15.21875
1750394131.952013, 0.0, 15.21875
1750394132.958934, 0.0, 15.21875
1750394133.9642081, 0.0, 15.21875
1750394134.9665952, 0.0, 15.21875
1750394135.97186, 0.0, 15.21875
1750394136.976576, 0.0, 15.21875
1750394137.982434, 0.0, 15.21875
1750394138.9947982, 0.0, 15.21875
1750394140.000061, 0.0, 15.21875
1750394141.005331, 0.0, 15.21875
1750394142.013375, 0.0, 15.21875
1750394143.01866, 0.0, 15.21875
1750394144.0262709, 0.0, 15.21875
1750394145.0315468, 0.0, 15.21875
1750394146.034205, 0.0, 15.21875
1750394147.0356889, 0.0, 15.21875
1750394148.042061, 0.0, 15.21875
1750394149.047306, 0.0, 15.21875
1750394150.048703, 0.0, 15.21875
1750394151.053948, 0.0, 15.21875
1750394152.0594501, 0.0, 15.21875
1750394153.0677881, 0.0, 15.21875
1750394154.074681, 0.0, 15.21875
1750394155.0815208, 0.0, 15.21875
1750394156.0867782, 0.0, 15.21875
1750394157.092024, 0.0, 15.21875
1750394158.096672, 0.0, 15.21875
1750394159.101461, 0.0, 15.21875
1750394160.105945, 0.0, 15.21875
1750394161.111496, 0.0, 15.21875
1750394162.1167428, 0.0, 15.21875
1750394163.122, 0.0, 15.21875
1750394164.1304991, 0.0, 15.21875
1750394165.1374688, 0.0, 15.21875
1750394166.143353, 0.0, 15.21875
1750394167.148611, 0.0, 15.21875
1750394168.153879, 0.0, 15.21875
1750394169.159127, 0.0, 15.21875
1750394170.162615, 0.0, 15.21875
1750394171.163896, 0.0, 15.21875
1750394172.169157, 0.0, 15.21875
1750394173.1744041, 0.0, 15.21875
1750394174.17978, 0.0, 15.21875
1750394175.185028, 0.0, 15.21875
1750394176.1903958, 0.0, 15.21875
1750394177.19551, 0.0, 15.21875
1750394178.2006028, 0.0, 15.21875
1750394179.205735, 0.0, 15.21875
1750394180.210979, 0.1, 16.78125
1750394181.216276, 0.0, 16.78125
1750394182.2215471, 0.0, 16.78125
1750394183.225879, 0.0, 16.78125
1750394184.229847, 0.0, 16.78125
1750394185.23201, 0.0, 16.78125
1750394186.233035, 0.0, 16.78125
1750394187.238281, 0.0, 16.78125
1750394188.242392, 0.0, 16.78125
1750394189.247683, 0.0, 16.78125
1750394190.252946, 0.0, 16.78125
1750394191.254795, 0.0, 16.78125
1750394192.258419, 0.0, 16.78125
1750394193.263443, 0.0, 16.78125
1750394194.2644181, 0.0, 16.78125
1750394195.2666738, 0.0, 16.78125
1750394196.268503, 0.0, 16.78125
1750394197.274443, 0.0, 16.78125
1750394198.283297, 0.0, 16.78125
1750394199.288213, 0.0, 16.78125
1750394200.29757, 0.0, 16.78125
1750394201.302816, 0.0, 16.78125
1750394202.308108, 0.0, 16.78125
1750394203.313419, 0.0, 16.78125
1750394204.318678, 0.0, 16.78125
1750394205.32991, 0.0, 16.78125
1750394206.334101, 0.0, 16.78125
1750394207.341442, 0.0, 16.78125
1750394208.346695, 0.0, 16.78125
1750394209.351988, 0.0, 16.78125
1750394210.3573601, 0.0, 16.78125
1750394211.3664188, 0.0, 16.78125
1750394212.374263, 0.0, 16.78125
1750394213.379096, 0.0, 16.78125
1750394214.383913, 0.0, 16.78125
1750394215.3947499, 0.0, 16.78125
1750394216.40005, 0.0, 16.78125
1750394217.407434, 0.0, 16.78125
1750394218.4164, 0.0, 16.78125
1750394219.424059, 0.0, 16.78125
1750394220.429332, 0.0, 16.78125
1750394221.434636, 0.0, 16.78125
1750394222.4380229, 0.0, 16.78125
1750394223.445672, 0.0, 16.78125
1750394224.450964, 0.0, 16.78125
1750394225.457907, 0.0, 16.78125
1750394226.459178, 0.0, 16.78125
1750394227.464418, 0.0, 16.78125
1750394228.469673, 0.0, 16.78125
1750394229.474865, 0.0, 16.78125
1750394230.478695, 0.0, 16.78125
1750394231.487485, 0.0, 16.78125
1750394232.492733, 0.0, 16.78125
1750394233.501947, 0.0, 16.78125
1750394234.504122, 0.0, 16.78125
1750394235.509386, 0.0, 16.78125
1750394236.5132391, 0.0, 16.78125
1750394237.518483, 0.0, 16.78125
1750394238.525238, 0.0, 16.78125
1750394239.5342898, 0.0, 16.78125
1750394240.546144, 0.0, 16.78125
1750394241.5514398, 0.0, 16.78125
1750394242.5571399, 0.0, 16.78125
1750394243.5624242, 0.0, 16.78125
1750394244.567734, 0.0, 16.78125
1750394245.573846, 0.0, 16.78125
1750394246.578273, 0.0, 16.78125
1750394247.583542, 0.0, 16.78125
1750394248.5899992, 0.0, 16.78125
1750394249.595306, 0.0, 16.78125
1750394250.598454, 0.0, 16.78125
1750394251.600311, 0.0, 16.78125
1750394252.604395, 0.0, 16.78125
1750394253.6135402, 0.0, 16.78125
1750394254.6171992, 0.0, 16.78125
1750394255.625655, 0.0, 16.78125
1750394256.633544, 0.0, 16.78125
1750394257.6394129, 0.0, 16.78125
1750394258.644672, 0.0, 16.78125
1750394259.649573, 0.0, 16.78125
1750394260.656249, 0.0, 16.78125
1750394261.6603699, 0.0, 16.78125
1750394262.666336, 0.0, 16.78125
1750394263.674746, 0.0, 16.78125
1750394264.679998, 0.0, 16.78125
1750394265.6852539, 0.0, 16.78125
1750394266.6905138, 0.0, 16.78125
1750394267.695776, 0.0, 16.78125
1750394268.701161, 0.0, 16.78125
1750394269.706524, 0.0, 16.78125
1750394270.7137249, 0.0, 16.78125
1750394271.718977, 0.0, 16.78125
1750394272.724721, 0.0, 16.78125
1750394273.7272131, 0.0, 16.78125
1750394274.7332978, 0.0, 16.78125
1750394275.743571, 0.0, 16.78125
1750394276.748827, 0.0, 16.78125
1750394277.755736, 0.0, 16.78125
1750394278.76099, 0.0, 16.78125
1750394279.7662342, 0.0, 16.78125
1750394280.774803, 0.0, 16.78125
1750394281.777678, 0.0, 16.78125
1750394282.7829518, 0.0, 16.78125
1750394283.789758, 0.0, 16.78125
1750394284.794102, 0.0, 16.78125
1750394285.799527, 0.0, 16.78125
1750394286.8028858, 0.0, 16.78125
1750394287.808139, 0.0, 16.78125
1750394288.813445, 0.0, 16.78125
1750394289.8147042, 0.0, 15.40625
1750394290.815536, 0.0, 14.8125
1750394291.821024, 0.0, 12.03125
1750394292.8236501, 0.0, 12.03125
1750394293.828798, 0.0, 12.015625
1750394294.8339279, 0.0, 12.015625
1750394295.839023, 0.0, 12.015625
1750394296.844193, 0.0, 12.984375
1750394297.8497438, 0.0, 12.984375
1750394298.8568761, 0.0, 12.984375
1750394299.8623092, 0.0, 12.984375
1750394300.863876, 0.0, 12.984375
1750394301.86847, 0.0, 12.984375
1750394302.86992, 0.0, 12.984375
1750394303.876195, 0.0, 12.984375
1750394304.881463, 0.0, 12.984375
1750394305.887122, 0.0, 12.984375
1750394306.892517, 0.0, 12.984375
1750394307.894356, 0.0, 12.984375
1750394308.89986, 0.0, 12.984375
1750394309.9049401, 0.0, 12.984375
1750394310.911639, 0.0, 12.984375
1750394311.91949, 0.0, 12.984375
1750394312.9248588, 0.0, 12.984375
1750394313.9292328, 0.0, 12.984375
1750394314.930521, 0.0, 12.984375
1750394315.938347, 0.0, 12.984375
1750394316.9428842, 0.0, 12.984375
1750394317.9474602, 0.0, 12.984375
1750394318.950594, 0.0, 12.984375
1750394319.9552572, 0.0, 12.984375
1750394320.958741, 0.0, 12.984375
1750394321.9685109, 0.0, 12.984375
1750394322.9752371, 0.0, 12.984375
1750394323.989336, 0.0, 12.984375
1750394325.000999, 0.0, 12.984375
1750394326.013623, 0.0, 12.984375
1750394327.02905, 0.0, 12.984375
1750394328.033891, 0.0, 12.984375
1750394329.0470772, 0.0, 12.984375
1750394330.051278, 0.0, 12.984375
1750394331.057177, 0.0, 12.984375
1750394332.067345, 0.0, 12.984375
1750394333.078024, 0.0, 12.984375
1750394334.081915, 0.0, 12.984375
1750394335.084547, 0.0, 12.984375
1750394336.090344, 0.0, 12.984375
1750394337.097131, 0.0, 12.984375
1750394338.109447, 0.0, 12.984375
1750394339.1195729, 0.0, 12.984375
1750394340.12204, 0.0, 12.984375
1750394341.1286259, 0.0, 12.984375
1750394342.135804, 0.0, 12.984375
1750394343.14308, 0.0, 12.984375
1750394344.1471128, 0.0, 12.984375
1750394345.164542, 0.0, 12.984375
1750394346.166023, 0.0, 12.984375
1750394347.17325, 0.0, 12.984375
1750394348.175683, 0.0, 12.984375
1750394349.185879, 0.0, 12.984375
1750394350.1980631, 0.0, 12.984375
1750394351.205708, 0.0, 12.984375
1750394352.2116091, 0.0, 12.984375
1750394353.2216718, 0.0, 12.984375
1750394354.233957, 0.0, 12.984375
1750394355.2441568, 0.0, 12.984375
1750394356.257513, 0.0, 12.984375
1750394357.270095, 0.0, 12.984375
1750394358.280295, 0.0, 12.984375
1750394359.282736, 0.0, 12.984375
1750394360.292206, 0.0, 12.984375
1750394361.2940118, 0.0, 12.984375
1750394362.307334, 0.0, 12.984375
1750394363.3175402, 0.0, 12.984375
1750394364.3288472, 0.0, 12.984375
1750394365.341433, 0.0, 12.984375
1750394366.3570209, 0.0, 12.984375
1750394367.367595, 0.0, 12.984375
1750394368.3742132, 0.0, 12.984375
1750394369.382429, 0.0, 12.984375
1750394370.390205, 0.0, 12.984375
1750394371.4005601, 0.0, 12.984375
1750394372.411082, 0.0, 12.984375
1750394373.4236941, 0.0, 12.984375
1750394374.433938, 0.0, 12.984375
1750394375.443368, 0.0, 12.984375
1750394376.45177, 0.0, 12.984375
1750394377.457566, 0.0, 12.984375
1750394378.4615061, 0.0, 12.984375
1750394379.4654841, 0.0, 12.984375
1750394380.475748, 0.0, 12.984375
1750394381.4887831, 0.0, 12.984375
1750394382.490103, 0.0, 12.984375
1750394383.500347, 0.0, 12.984375
1750394384.50598, 0.0, 12.984375
1750394385.5134022, 0.0, 12.984375
1750394386.523653, 0.0, 12.984375
1750394387.5339148, 0.0, 12.984375
1750394388.544172, 0.0, 12.984375
1750394389.548835, 0.0, 12.984375
1750394390.552181, 0.0, 12.984375
1750394391.562432, 0.0, 12.984375
1750394392.5726779, 0.0, 12.984375
1750394393.581507, 0.0, 12.984375
1750394394.591729, 0.0, 12.984375
1750394395.604325, 0.0, 12.921875
1750394396.61466, 0.0, 12.921875
1750394397.6178591, 0.0, 12.90625
1750394398.621681, 0.0, 12.90625
1750394399.6312058, 0.0, 12.90625
1750394400.636655, 0.0, 12.90625
1750394401.647125, 0.0, 12.90625
1750394402.65622, 0.0, 12.90625
1750394403.666461, 0.0, 12.90625
1750394404.675176, 0.0, 12.90625
1750394405.682262, 0.0, 12.90625
1750394406.686399, 0.0, 12.90625
1750394407.6968472, 0.0, 9.46875
1750394408.707077, 0.0, 9.46875
1750394409.717312, 0.0, 9.46875
1750394410.721953, 0.0, 9.46875
1750394411.7302232, 0.0, 9.46875
1750394412.740769, 0.0, 9.46875
1750394413.750875, 0.0, 9.46875
1750394414.763925, 0.0, 9.46875
1750394415.774133, 0.0, 9.46875
1750394416.780687, 0.0, 9.46875
1750394417.792555, 0.0, 9.46875
1750394418.7955992, 0.0, 9.46875
1750394419.806645, 0.0, 9.46875
1750394420.812403, 0.0, 9.46875
1750394421.8255959, 0.0, 9.46875
1750394422.8300202, 0.0, 9.46875
1750394423.8441868, 0.0, 9.46875
1750394424.852788, 0.0, 9.46875
1750394425.865566, 0.0, 9.46875
1750394426.872818, 0.0, 9.46875
1750394427.884365, 0.0, 9.46875
1750394428.894644, 0.0, 9.46875
1750394429.90695, 0.0, 9.46875
1750394430.9096751, 0.0, 9.46875
1750394431.9142132, 0.0, 9.46875
1750394432.929583, 0.0, 9.46875
1750394433.939871, 0.0, 9.46875
1750394434.950467, 0.0, 9.46875
1750394435.965446, 0.0, 9.46875
1750394436.9696698, 0.0, 9.46875
1750394437.97695, 0.0, 9.46875
1750394438.977888, 0.0, 9.46875
1750394439.986121, 0.0, 9.46875
1750394440.989093, 0.0, 9.46875
1750394441.9938638, 0.0, 9.46875
1750394442.998673, 0.0, 9.46875
1750394444.0096588, 0.0, 9.46875
1750394445.0158641, 0.0, 9.46875
1750394446.028481, 0.0, 9.46875
1750394447.039745, 0.0, 9.46875
1750394448.051647, 0.0, 9.46875
1750394449.0620139, 0.0, 9.46875
1750394450.0703712, 0.0, 9.46875
1750394451.080619, 0.0, 9.46875
1750394452.091182, 0.0, 9.46875
1750394453.1014369, 0.0, 9.46875
1750394454.111702, 0.0, 9.46875
1750394455.115582, 0.0, 9.46875
1750394456.122077, 0.0, 9.46875
1750394457.131864, 0.0, 9.46875
1750394458.142132, 0.0, 9.46875
1750394459.14851, 0.0, 9.46875
1750394460.1582131, 0.0, 9.46875
1750394461.168642, 0.0, 9.46875
1750394462.18024, 0.0, 9.46875
1750394463.186731, 0.0, 9.46875
1750394464.196896, 0.0, 9.46875
1750394465.208307, 0.0, 9.46875
1750394466.215245, 0.0, 9.46875
1750394467.218755, 0.0, 9.46875
1750394468.2290618, 0.0, 9.46875
1750394469.2393138, 0.0, 9.46875
1750394470.249662, 0.0, 9.46875
1750394471.267911, 0.0, 9.46875
1750394472.28141, 0.0, 9.46875
1750394473.291744, 0.0, 9.46875
1750394474.304118, 0.0, 9.46875
1750394475.31139, 0.0, 9.46875
1750394476.3245382, 0.0, 9.46875
1750394477.3319309, 0.0, 9.46875
1750394478.3398678, 0.0, 9.46875
1750394479.3439722, 0.0, 9.46875
1750394480.3548958, 0.0, 9.46875
1750394481.360647, 0.0, 9.46875
1750394482.374659, 0.0, 9.46875
1750394483.3861382, 0.0, 9.46875
1750394484.396397, 0.0, 9.46875
1750394485.399756, 0.0, 9.46875
1750394486.410027, 0.0, 9.46875
1750394487.4216251, 0.0, 9.46875
1750394488.431743, 0.0, 9.46875
1750394489.4438632, 0.0, 9.46875
1750394490.454758, 0.0, 9.46875
1750394491.461977, 0.0, 9.46875
1750394492.4722612, 0.0, 9.46875
1750394493.482523, 0.0, 9.46875
1750394494.483907, 0.0, 9.46875
1750394495.48949, 0.0, 9.46875
1750394496.498991, 0.0, 9.46875
1750394497.505793, 0.0, 9.46875
1750394498.516039, 0.0, 9.46875
1750394499.5262878, 0.0, 9.46875
1750394500.540003, 0.0, 9.46875
1750394501.5591822, 0.0, 9.46875
1750394502.564409, 0.0, 9.46875
1750394503.570209, 0.0, 9.46875
1750394504.580469, 0.0, 9.46875
1750394505.590752, 0.0, 9.46875
1750394506.603669, 0.0, 9.46875
1750394507.614248, 0.0, 9.46875
1750394508.624497, 0.0, 9.46875
1750394509.635728, 0.0, 9.46875
1750394510.643887, 0.0, 9.46875
1750394511.6537962, 0.0, 9.46875
1750394512.6572642, 0.0, 9.46875
1750394513.6733189, 0.0, 9.46875
1750394514.6911428, 0.0, 9.46875
1750394515.696987, 0.0, 9.46875
1750394516.707238, 0.0, 9.46875
1750394517.719606, 0.0, 9.46875
1750394518.730026, 0.0, 9.46875
1750394519.740368, 0.0, 9.46875
1750394520.754954, 0.0, 9.46875
1750394521.7652, 0.0, 9.46875
1750394522.774435, 0.0, 9.46875
1750394523.784415, 0.0, 9.46875
1750394524.790359, 0.0, 9.46875
1750394525.799577, 0.0, 9.46875
1750394526.8042839, 0.0, 9.46875
1750394527.814601, 0.0, 9.46875
1750394528.825001, 0.0, 9.46875
1750394529.835191, 0.0, 9.46875
1750394530.845414, 0.0, 9.46875
1750394531.855535, 0.0, 9.46875
1750394532.865622, 0.0, 9.46875
1750394533.8756962, 0.0, 9.46875
1750394534.886006, 0.0, 9.46875
1750394535.896096, 0.0, 9.46875
1750394536.906264, 0.0, 9.46875
1750394537.906995, 0.0, 9.46875
1750394538.921452, 0.0, 9.46875
1750394539.926035, 0.0, 9.46875
1750394540.931013, 0.0, 9.46875
1750394541.937655, 0.0, 9.46875
1750394542.947906, 0.0, 9.46875
1750394543.962579, 0.0, 9.46875
1750394544.97052, 0.0, 9.46875
1750394545.980791, 0.0, 9.46875
1750394546.991051, 0.0, 9.46875
1750394548.004388, 0.0, 9.46875
1750394549.007721, 0.0, 9.46875
1750394550.017219, 0.0, 9.46875
1750394551.025119, 0.0, 9.46875
1750394552.033507, 0.0, 9.46875
1750394553.036704, 0.0, 9.46875
1750394554.043675, 0.0, 9.46875
1750394555.052913, 0.0, 9.46875
1750394556.063167, 0.0, 9.46875
1750394557.065732, 0.0, 9.46875
1750394558.07362, 0.0, 9.46875
1750394559.0878441, 0.0, 9.46875
1750394560.098182, 0.0, 9.46875
1750394561.11324, 0.0, 9.46875
1750394562.121175, 0.0, 9.46875
1750394563.12171, 0.0, 9.46875
1750394564.1300879, 0.0, 9.46875
1750394565.140358, 0.0, 9.46875
1750394566.1456409, 0.0, 9.46875
1750394567.1607811, 0.0, 9.46875
1750394568.171034, 0.0, 9.46875
1750394569.173307, 0.0, 9.46875
1750394570.178912, 0.0, 9.46875
1750394571.186145, 0.0, 9.46875
1750394572.198605, 0.0, 9.46875
1750394573.206111, 0.0, 9.46875
1750394574.221618, 0.0, 9.46875
1750394575.231881, 0.0, 9.46875
1750394576.239784, 0.0, 9.46875
1750394577.2528121, 0.0, 9.46875
1750394578.26058, 0.0, 9.46875
1750394579.262311, 0.0, 9.46875
1750394580.269037, 0.0, 9.46875
1750394581.28027, 0.0, 9.46875
1750394582.29055, 0.0, 9.46875
1750394583.300855, 0.0, 9.46875
1750394584.3110971, 0.0, 9.46875
1750394585.317169, 0.0, 9.46875
1750394586.320807, 0.0, 9.46875
1750394587.3301098, 0.0, 9.46875
1750394588.341673, 0.0, 9.46875
1750394589.3529549, 0.0, 9.46875
1750394590.357816, 0.0, 9.46875
1750394591.373694, 0.0, 9.46875
1750394592.377645, 0.0, 9.46875
1750394593.379888, 0.0, 9.46875
1750394594.382823, 0.0, 9.46875
1750394595.391864, 0.0, 9.46875
1750394596.405338, 0.0, 9.46875
1750394597.415594, 0.0, 9.46875
1750394598.425855, 0.0, 9.46875
1750394599.436098, 0.0, 9.46875
1750394600.446481, 0.0, 9.46875
1750394601.457309, 0.0, 9.46875
1750394602.4689229, 0.0, 9.46875
1750394603.4747992, 0.0, 9.46875
1750394604.4821398, 0.0, 9.46875
1750394605.495732, 0.0, 9.46875
1750394606.506188, 0.0, 9.46875
1750394607.5116282, 0.0, 9.46875
1750394608.514718, 0.0, 9.46875
1750394609.520549, 0.0, 9.46875
1750394610.53085, 0.0, 9.46875
1750394611.536629, 0.0, 9.46875
1750394612.5469, 0.0, 9.46875
1750394613.557961, 0.0, 9.46875
1750394614.5683782, 0.0, 9.46875
1750394615.57863, 0.0, 9.46875
1750394616.5857768, 0.0, 9.46875
1750394617.589165, 0.0, 9.46875
1750394618.601505, 0.0, 9.46875
1750394619.605812, 0.0, 9.46875
1750394620.6178718, 0.0, 9.46875
1750394621.6278012, 0.0, 9.46875
1750394622.640374, 0.0, 9.46875
1750394623.651241, 0.0, 9.46875
1750394624.667885, 0.0, 9.46875
1750394625.680696, 0.0, 9.46875
1750394626.686603, 0.0, 9.46875
1750394627.6948469, 0.0, 9.46875
1750394628.704308, 0.0, 9.46875
1750394629.7111502, 0.0, 9.46875
1750394630.721261, 0.0, 9.46875
1750394631.73105, 0.0, 9.46875
1750394632.741442, 0.0, 9.46875
1750394633.751704, 0.0, 9.46875
1750394634.76209, 0.0, 9.46875
1750394635.765492, 0.0, 9.46875
1750394636.775775, 0.0, 9.46875
1750394637.787654, 0.0, 9.46875
1750394638.794063, 0.0, 9.46875
1750394639.810524, 0.0, 9.46875
1750394640.818957, 0.0, 9.46875
1750394641.8245912, 0.0, 9.46875
1750394642.828777, 0.0, 9.46875
1750394643.835444, 0.0, 9.46875
1750394644.846547, 0.0, 9.46875
1750394645.858714, 0.0, 9.46875
1750394646.868806, 0.0, 9.46875
1750394647.879473, 0.0, 9.46875
1750394648.881383, 0.0, 9.46875
1750394649.8916311, 0.0, 9.46875
1750394650.898942, 0.0, 9.46875
1750394651.901248, 0.0, 9.46875
1750394652.911346, 0.0, 9.46875
1750394653.9216309, 0.0, 9.46875
1750394654.931705, 0.0, 9.46875
1750394655.941775, 0.0, 9.46875
1750394656.952, 0.0, 9.46875
1750394657.96211, 0.0, 9.46875
1750394658.969578, 0.0, 9.46875
1750394659.980021, 0.0, 9.46875
1750394660.9902909, 0.0, 9.46875
1750394662.002038, 0.0, 9.46875
1750394663.0120618, 0.0, 9.46875
1750394664.022291, 0.0, 9.46875
1750394665.035745, 0.0, 9.46875
1750394666.039145, 0.0, 9.46875
1750394667.0501509, 0.0, 9.46875
1750394668.051735, 0.0, 9.46875
1750394669.062124, 0.0, 9.46875
1750394670.069519, 0.0, 9.46875
1750394671.078579, 0.0, 9.46875
1750394672.084872, 0.0, 9.46875
1750394673.096916, 0.0, 9.46875
1750394674.1052291, 0.0, 9.46875
1750394675.117179, 0.0, 9.46875
1750394676.12019, 0.0, 9.46875
1750394677.123581, 0.0, 9.46875
1750394678.134552, 0.0, 9.46875
1750394679.149344, 0.0, 9.46875
1750394680.158392, 0.0, 9.46875
1750394681.1686919, 0.0, 9.46875
1750394682.1723719, 0.0, 9.46875
1750394683.1855738, 0.0, 9.46875
1750394684.194431, 0.0, 9.46875
1750394685.2037172, 0.0, 9.46875
1750394686.212758, 0.0, 9.46875
1750394687.224427, 0.0, 9.46875
1750394688.23121, 0.0, 9.46875
1750394689.241487, 0.0, 9.46875
1750394690.251745, 0.0, 9.46875
1750394691.261993, 0.0, 9.46875
1750394692.270839, 0.0, 9.46875
1750394693.280287, 0.0, 9.46875
1750394694.28628, 0.0, 9.46875
1750394695.296553, 0.0, 9.46875
1750394696.308894, 0.0, 9.46875
1750394697.3191721, 0.0, 9.46875
1750394698.327111, 0.0, 9.46875
1750394699.331468, 0.0, 9.46875
1750394700.339385, 0.0, 9.46875
1750394701.353024, 0.0, 9.46875
1750394702.363296, 0.0, 9.46875
1750394703.378974, 0.0, 9.46875
1750394704.3870678, 0.0, 9.46875
1750394705.4008691, 0.0, 9.46875
1750394706.411129, 0.0, 9.46875
1750394707.41171, 0.0, 9.46875
1750394708.4220202, 0.0, 9.46875
1750394709.435909, 0.0, 9.46875
1750394710.446827, 0.0, 9.46875
1750394711.4525309, 0.0, 9.46875
1750394712.462917, 0.0, 9.46875
1750394713.483347, 0.0, 9.46875
1750394714.49386, 0.0, 9.46875
1750394715.504116, 0.0, 9.46875
1750394716.517204, 0.0, 9.46875
1750394717.527474, 0.0, 9.46875
1750394718.5378518, 0.0, 9.46875
1750394719.552522, 0.0, 9.46875
1750394720.554259, 0.0, 9.46875
1750394721.5672169, 0.0, 9.46875
1750394722.5775769, 0.0, 9.46875
1750394723.587839, 0.0, 9.46875
1750394724.600617, 0.0, 9.46875
1750394725.6108868, 0.0, 9.46875
1750394726.613471, 0.0, 9.46875
1750394727.616767, 0.0, 9.46875
1750394728.628358, 0.0, 9.46875
1750394729.638907, 0.0, 9.46875
1750394730.6498911, 0.0, 9.46875
1750394731.653853, 0.0, 9.46875
1750394732.666687, 0.0, 9.46875
1750394733.670254, 0.0, 9.46875
1750394734.6827562, 0.0, 9.46875
1750394735.6840289, 0.0, 9.46875
1750394736.6865768, 0.0, 9.46875
1750394737.697622, 0.0, 9.46875
1750394738.7079182, 0.0, 9.46875
1750394739.709557, 0.0, 9.46875
1750394740.7156138, 0.0, 9.46875
1750394741.719106, 0.0, 9.46875
1750394742.733005, 0.0, 9.46875
1750394743.7432902, 0.0, 9.46875
1750394744.7560918, 0.0, 9.46875
1750394745.766363, 0.0, 9.46875
1750394746.775341, 0.0, 9.46875
1750394747.785612, 0.0, 9.46875
1750394748.7958882, 0.0, 9.46875
1750394749.806137, 0.0, 9.46875
1750394750.8148758, 0.0, 9.46875
1750394751.825195, 0.0, 9.46875
1750394752.835468, 0.0, 9.46875
1750394753.848259, 0.0, 9.46875
1750394754.85805, 0.0, 9.46875
1750394755.86528, 0.0, 9.46875
1750394756.8677518, 0.0, 9.46875
1750394757.8784618, 0.0, 9.46875
1750394758.8861382, 0.0, 9.46875
1750394759.8963861, 0.0, 9.46875
1750394760.906677, 0.0, 9.46875
1750394761.913355, 0.0, 9.46875
1750394762.91662, 0.0, 9.46875
1750394763.927038, 0.0, 9.46875
1750394764.929899, 0.0, 9.46875
1750394765.935405, 0.0, 7.90625
1750394766.9439008, 0.0, 7.90625
1750394767.954151, 0.0, 7.90625
1750394768.962987, 0.0, 7.90625
1750394769.973342, 0.0, 7.90625
1750394770.979604, 0.0, 7.90625
1750394771.987968, 0.0, 7.90625
1750394772.9962811, 0.0, 7.90625
1750394774.0063941, 0.0, 7.875
1750394775.016692, 0.0, 7.875
1750394776.027099, 0.0, 7.875
1750394777.0461981, 0.0, 7.875
1750394778.060469, 0.0, 7.875
1750394779.068189, 0.0, 7.875
1750394780.070467, 0.0, 7.875
1750394781.075152, 0.0, 7.875
1750394782.0844958, 0.0, 7.875
1750394783.088202, 0.0, 7.875
1750394784.102499, 0.0, 7.875
1750394785.1047459, 0.0, 7.875
1750394786.119343, 0.0, 7.875
1750394787.1329222, 0.0, 7.875
1750394788.136344, 0.0, 7.875
1750394789.143467, 0.0, 7.875
1750394790.153742, 0.0, 7.875
1750394791.159338, 0.0, 7.875
1750394792.170104, 0.0, 7.875
1750394793.184431, 0.0, 7.875
1750394794.194678, 0.0, 7.875
1750394795.1993542, 0.0, 7.875
1750394796.214883, 0.0, 7.875
1750394797.225155, 0.0, 7.875
1750394798.234019, 0.0, 7.875
1750394799.244307, 0.0, 7.875
1750394800.2548108, 0.0, 7.875
1750394801.257607, 0.0, 7.875
1750394802.267873, 0.0, 7.875
1750394803.269253, 0.0, 7.875
1750394804.282486, 0.0, 7.875
1750394805.2870579, 0.0, 7.875
1750394806.291787, 0.0, 7.875
1750394807.3020449, 0.0, 7.875
1750394808.311788, 0.0, 7.875
1750394809.3233411, 0.0, 7.875
1750394810.333788, 0.0, 7.875
1750394811.34408, 0.0, 7.875
1750394812.356399, 0.0, 7.875
1750394813.366687, 0.0, 7.875
1750394814.37697, 0.0, 7.875
1750394815.386256, 0.0, 7.875
1750394816.398422, 0.0, 7.875
1750394817.415138, 0.0, 7.875
1750394818.418218, 0.0, 7.875
1750394819.428637, 0.0, 7.875
1750394820.4389381, 0.0, 7.875
1750394821.452947, 0.0, 7.875
1750394822.4651918, 0.0, 7.875
1750394823.4693189, 0.0, 7.875
1750394824.475727, 0.0, 7.875
1750394825.4857678, 0.0, 7.875
1750394826.499634, 0.0, 7.875
1750394827.510122, 0.0, 7.875
1750394828.52243, 0.0, 7.875
1750394829.524958, 0.0, 7.875
1750394830.535222, 0.0, 7.875
1750394831.5472698, 0.0, 7.875
1750394832.5568168, 0.0, 7.875
1750394833.5653088, 0.0, 7.875
1750394834.581502, 0.0, 7.875
1750394835.5852978, 0.0, 7.875
1750394836.598458, 0.0, 7.875
1750394837.609677, 0.0, 7.875
1750394838.619932, 0.0, 7.875
1750394839.6354098, 0.0, 7.875
1750394840.647836, 0.0, 7.875
1750394841.65821, 0.0, 7.875
1750394842.66668, 0.0, 7.875
1750394843.672658, 0.0, 7.875
1750394844.682942, 0.0, 7.875
1750394845.688662, 0.0, 7.875
1750394846.6989388, 0.0, 7.875
1750394847.702345, 0.0, 7.875
1750394848.717979, 0.0, 7.875
1750394849.730649, 0.0, 7.875
1750394850.7379572, 0.0, 7.875
1750394851.7472708, 0.0, 7.875
1750394852.757536, 0.0, 7.875
1750394853.767791, 0.0, 7.875
1750394854.780541, 0.0, 7.875
1750394855.7908301, 0.0, 7.875
1750394856.79482, 0.0, 7.875
1750394857.8050659, 0.0, 7.875
1750394858.8106072, 0.0, 7.875
1750394859.821206, 0.0, 7.875
1750394860.832086, 0.0, 7.875
1750394861.845969, 0.0, 7.875
1750394862.8535092, 0.0, 7.875
1750394863.866224, 0.0, 7.875
1750394864.8802571, 0.0, 7.875
1750394865.8923168, 0.0, 7.875
1750394866.902797, 0.0, 7.875
1750394867.914668, 0.0, 7.875
1750394868.923111, 0.0, 7.875
1750394869.9297762, 0.0, 7.875
1750394870.938153, 0.0, 6.90625
1750394871.950794, 0.0, 6.90625
1750394872.963614, 0.0, 6.90625
1750394873.973922, 0.0, 6.90625
1750394874.9838688, 0.0, 6.90625
1750394875.9962492, 0.0, 6.90625
1750394877.0004852, 0.0, 6.90625
1750394878.00669, 0.0, 6.90625
1750394879.0167649, 0.0, 6.90625
1750394880.027135, 0.0, 6.90625
1750394881.02839, 0.0, 6.90625
1750394882.038678, 0.0, 6.90625
1750394883.049081, 0.0, 6.90625
1750394884.064096, 0.0, 6.90625
1750394885.066386, 0.0, 6.90625
1750394886.0752902, 0.0, 6.90625
1750394887.08493, 0.0, 6.90625
1750394888.100755, 0.0, 6.90625
1750394889.113989, 0.0, 6.90625
1750394890.129235, 0.0, 6.90625
1750394891.139584, 0.0, 6.90625
1750394892.147441, 0.0, 6.90625
1750394893.154377, 0.0, 6.90625
1750394894.156688, 0.0, 6.90625
1750394895.1604311, 0.0, 6.90625
1750394896.171083, 0.0, 6.90625
1750394897.181386, 0.0, 6.90625
1750394898.1915252, 0.0, 6.90625
1750394899.201652, 0.0, 6.90625
1750394900.211734, 0.0, 6.90625
1750394901.221812, 0.0, 6.90625
1750394902.234814, 0.0, 7.25
1750394903.247416, 0.0, 7.25
1750394904.254744, 0.0, 7.25
1750394905.263503, 0.0, 7.25
1750394906.264998, 0.0, 7.25
1750394907.26991, 0.0, 7.25
1750394908.27138, 0.0, 7.25
1750394909.281646, 0.0, 7.25
1750394910.283257, 0.0, 7.25
1750394911.293526, 0.0, 7.25
1750394912.299834, 0.0, 7.25
1750394913.307441, 0.0, 7.25
1750394914.3176892, 0.0, 7.25
1750394915.33022, 0.0, 7.25
1750394916.336372, 0.0, 7.25
1750394917.34755, 0.0, 7.25
1750394918.357143, 0.0, 7.25
1750394919.3717089, 0.0, 7.25
1750394920.387865, 0.0, 7.25
1750394921.406144, 0.0, 7.25
1750394922.416405, 0.0, 7.25
1750394923.4229581, 0.0, 7.25
1750394924.435701, 0.0, 7.25
1750394925.446544, 0.0, 7.25
1750394926.448069, 0.0, 7.25
1750394927.459896, 0.0, 7.25
1750394928.473716, 0.0, 7.25
1750394929.48399, 0.0, 7.25
1750394930.4856331, 0.0, 7.25
1750394931.5002508, 0.0, 7.25
1750394932.512013, 0.0, 7.25
1750394933.522298, 0.0, 7.25
1750394934.5325592, 0.0, 7.25
1750394935.5348961, 0.0, 7.25
1750394936.5500998, 0.0, 7.25
1750394937.563201, 0.0, 7.25
1750394938.573984, 0.0, 7.25
1750394939.584272, 0.0, 7.25
1750394940.597425, 0.0, 7.25
1750394941.607697, 0.0, 7.25
1750394942.62348, 0.0, 7.25
1750394943.62974, 0.0, 7.25
1750394944.635772, 0.0, 7.25
1750394945.6431859, 0.0, 7.25
1750394946.656217, 0.0, 7.25
1750394947.6687849, 0.0, 7.25
1750394948.6734478, 0.0, 7.25
1750394949.681173, 0.0, 7.25
1750394950.6914492, 0.0, 7.25
1750394951.702355, 0.0, 7.25
1750394952.71859, 0.0, 7.25
1750394953.732288, 0.0, 7.25
1750394954.73684, 0.0, 7.25
1750394955.749067, 0.0, 7.25
1750394956.759348, 0.0, 7.25
1750394957.773001, 0.0, 7.25
1750394958.776247, 0.0, 7.25
1750394959.786531, 0.0, 7.25
1750394960.797468, 0.0, 7.25
1750394961.802974, 0.0, 7.25
1750394962.811751, 0.0, 7.25
1750394963.8225, 0.0, 7.25
1750394964.832771, 0.0, 7.25
1750394965.845797, 0.0, 7.25
1750394966.850516, 0.0, 7.25
1750394967.8637881, 0.0, 7.25
1750394968.873996, 0.0, 7.25
1750394969.88431, 0.0, 7.25
1750394970.8951292, 0.0, 7.25
1750394971.9055202, 0.0, 7.25
1750394972.916438, 0.0, 7.25
1750394973.925461, 0.0, 7.25
1750394974.935735, 0.0, 7.25
1750394975.94895, 0.0, 7.25
1750394976.955325, 0.0, 7.25
1750394977.965593, 0.0, 7.25
1750394978.97787, 0.0, 7.25
1750394979.983448, 0.0, 7.25
1750394980.983941, 0.0, 7.25
1750394981.994934, 0.0, 7.25
1750394983.002975, 0.0, 7.25
1750394984.013238, 0.0, 7.25
1750394985.017658, 0.0, 7.25
1750394986.0284648, 0.0, 7.25
1750394987.03501, 0.0, 7.25
1750394988.046101, 0.0, 7.25
1750394989.054671, 0.0, 7.25
1750394990.062171, 0.0, 7.25
1750394991.072435, 0.0, 7.25
1750394992.0785139, 0.0, 7.25
1750394993.088764, 0.0, 7.25
1750394994.091051, 0.0, 7.25
1750394995.1013188, 0.0, 7.25
1750394996.11419, 0.0, 7.25
1750394997.121278, 0.0, 7.25
1750394998.127367, 0.0, 7.25
1750394999.139693, 0.0, 7.25
1750395000.151202, 0.0, 7.25
1750395001.162787, 0.0, 7.25
1750395002.169078, 0.0, 7.25
1750395003.171527, 0.0, 7.25
1750395004.181788, 0.0, 7.25
1750395005.19202, 0.0, 7.25
1750395006.205206, 0.0, 7.25
1750395007.214308, 0.0, 7.25
1750395008.2327611, 0.0, 7.25
1750395009.237976, 0.0, 7.25
1750395010.248278, 0.0, 7.25
1750395011.264211, 0.0, 7.25
1750395012.264553, 0.0, 7.25
1750395013.2749949, 0.0, 7.25
1750395014.2779782, 0.0, 7.25
1750395015.288247, 0.0, 7.25
1750395016.295574, 0.0, 7.25
1750395017.3066869, 0.0, 7.25
1750395018.3146172, 0.0, 7.25
1750395019.318392, 0.0, 7.25
1750395020.3304682, 0.0, 7.25
1750395021.340738, 0.0, 7.25
1750395022.342319, 0.0, 7.25
1750395023.350399, 0.0, 7.25
1750395024.3606248, 0.0, 7.25
1750395025.370743, 0.0, 7.25
1750395026.380818, 0.0, 7.25
1750395027.39104, 0.0, 7.265625
1750395028.400127, 0.0, 7.265625
1750395029.4076009, 0.0, 7.265625
1750395030.411895, 0.0, 7.265625
1750395031.413905, 0.0, 7.265625
1750395032.4155798, 0.0, 7.265625
1750395033.42873, 0.0, 7.265625
1750395034.438995, 0.0, 7.265625
1750395035.444921, 0.0, 7.265625
1750395036.455211, 0.0, 7.265625
1750395037.4646149, 0.0, 7.265625
1750395038.471309, 0.0, 7.265625
1750395039.481531, 0.0, 7.265625
1750395040.494761, 0.0, 7.265625
1750395041.5052521, 0.0, 7.265625
1750395042.5136, 0.0, 7.265625
1750395043.5194838, 0.0, 7.265625
1750395044.532762, 0.0, 7.265625
1750395045.547515, 0.0, 7.265625
1750395046.5555189, 0.0, 7.265625
1750395047.567633, 0.0, 7.265625
1750395048.578458, 0.0, 7.265625
1750395049.582649, 0.0, 7.265625
1750395050.585751, 0.0, 7.265625
1750395051.592066, 0.0, 7.265625
1750395052.6006541, 0.0, 7.265625
1750395053.61409, 0.0, 7.265625
1750395054.6271849, 0.0, 7.265625
1750395055.630075, 0.0, 7.265625
1750395056.644307, 0.0, 7.265625
1750395057.6545532, 0.0, 7.265625
1750395058.6683142, 0.0, 7.265625
1750395059.6779032, 0.0, 7.265625
1750395060.688156, 0.0, 7.265625
1750395061.6952472, 0.0, 7.265625
1750395062.6994271, 0.0, 7.265625
1750395063.711676, 0.0, 7.265625
1750395064.7175941, 0.0, 7.265625
1750395065.727848, 0.0, 7.265625
1750395066.7307909, 0.0, 7.265625
1750395067.743901, 0.0, 7.265625
1750395068.754175, 0.0, 7.265625
1750395069.760642, 0.0, 7.265625
1750395070.771521, 0.0, 7.265625
1750395071.778788, 0.0, 7.265625
1750395072.783487, 0.0, 7.265625
1750395073.7938402, 0.0, 7.265625
1750395074.803539, 0.0, 7.265625
1750395075.813801, 0.0, 7.265625
1750395076.8309162, 0.0, 7.265625
1750395077.8441741, 0.0, 7.265625
1750395078.8512828, 0.0, 7.265625
1750395079.861572, 0.0, 7.265625
1750395080.869518, 0.0, 7.265625
1750395081.878798, 0.0, 7.265625
1750395082.8890638, 0.0, 7.265625
1750395083.8993459, 0.0, 7.265625
1750395084.90993, 0.0, 7.265625
1750395085.91134, 0.0, 7.265625
1750395086.9210649, 0.0, 7.265625
1750395087.931338, 0.0, 7.265625
1750395088.9407291, 0.0, 7.265625
1750395089.944043, 0.0, 7.265625
1750395090.9543302, 0.0, 7.265625
1750395091.964614, 0.0, 7.265625
1750395092.977094, 0.0, 7.265625
1750395093.983052, 0.0, 7.265625
1750395094.9964852, 0.0, 7.265625
1750395096.0060842, 0.0, 7.265625
1750395097.012508, 0.0, 7.265625
1750395098.02668, 0.0, 7.265625
1750395099.0296261, 0.0, 7.265625
1750395100.04407, 0.0, 7.265625
1750395101.054101, 0.0, 7.265625
1750395102.064358, 0.0, 7.265625
1750395103.070218, 0.0, 7.265625
1750395104.0786612, 0.0, 7.265625
1750395105.0889258, 0.0, 7.265625
1750395106.09918, 0.0, 7.265625
1750395107.1055412, 0.0, 7.265625
1750395108.11395, 0.0, 7.265625
1750395109.122095, 0.0, 7.265625
1750395110.1308532, 0.0, 7.265625
1750395111.135453, 0.0, 7.265625
1750395112.1457121, 0.0, 7.265625
1750395113.158753, 0.0, 7.265625
1750395114.1625001, 0.0, 7.265625
1750395115.1743639, 0.0, 7.265625
1750395116.176267, 0.0, 7.265625
1750395117.1808782, 0.0, 7.265625
1750395118.1921191, 0.0, 7.265625
1750395119.199703, 0.0, 7.265625
1750395120.210019, 0.0, 7.265625
1750395121.215849, 0.0, 7.265625
1750395122.226624, 0.0, 7.265625
1750395123.236877, 0.0, 7.265625
1750395124.242316, 0.0, 7.265625
1750395125.250657, 0.0, 7.265625
1750395126.2601202, 0.0, 7.265625
1750395127.270401, 0.0, 7.265625
1750395128.2763588, 0.0, 7.265625
1750395129.277672, 0.0, 7.265625
1750395130.28795, 0.0, 7.265625
1750395131.2928169, 0.0, 7.265625
1750395132.303092, 0.0, 7.265625
1750395133.309957, 0.0, 7.265625
1750395134.32021, 0.0, 7.265625
1750395135.335496, 0.0, 7.265625
1750395136.3460941, 0.0, 7.265625
1750395137.3558578, 0.0, 7.265625
1750395138.3661382, 0.0, 7.265625
1750395139.376171, 0.0, 7.265625
1750395140.379065, 0.0, 7.265625
1750395141.391574, 0.0, 7.265625
1750395142.402729, 0.0, 7.265625
1750395143.40554, 0.0, 7.265625
1750395144.412021, 0.0, 7.265625
1750395145.4221451, 0.0, 7.265625
1750395146.432228, 0.0, 7.265625
1750395147.442304, 0.0, 7.265625
1750395148.452526, 0.0, 7.296875
1750395149.460364, 0.0, 7.296875
1750395150.4671621, 0.0, 7.296875
1750395151.476612, 0.0, 7.296875
1750395152.479035, 0.0, 7.296875
1750395153.482111, 0.0, 7.296875
1750395154.496923, 0.0, 7.296875
1750395155.4982662, 0.0, 7.296875
1750395156.5089548, 0.0, 7.296875
1750395157.511158, 0.0, 7.296875
1750395158.512907, 0.0, 7.296875
1750395159.518829, 0.0, 7.296875
1750395160.525419, 0.0, 7.296875
1750395161.544063, 0.0, 7.296875
1750395162.55908, 0.0, 7.296875
1750395163.562453, 0.0, 7.296875
1750395164.5635, 0.0, 7.296875
1750395165.575474, 0.0, 7.296875
1750395166.591234, 0.0, 7.296875
1750395167.601962, 0.0, 7.296875
1750395168.6096761, 0.0, 7.296875
1750395169.619936, 0.0, 7.296875
1750395170.6253471, 0.0, 7.296875
1750395171.635607, 0.0, 7.296875
1750395172.64875, 0.0, 7.296875
1750395173.655839, 0.0, 7.296875
1750395174.666093, 0.0, 7.296875
1750395175.675489, 0.0, 7.296875
1750395176.684833, 0.0, 7.296875
1750395177.6933708, 0.0, 7.296875
1750395178.7014341, 0.0, 7.296875
1750395179.710885, 0.0, 7.296875
1750395180.7176561, 0.0, 7.296875
1750395181.7197099, 0.0, 7.296875
1750395182.732935, 0.0, 7.296875
1750395183.7335382, 0.0, 7.296875
1750395184.7438002, 0.0, 7.296875
1750395185.7493172, 0.0, 7.296875
1750395186.758803, 0.0, 7.296875
1750395187.766193, 0.0, 7.296875
1750395188.775231, 0.0, 7.296875
1750395189.780098, 0.0, 7.296875
1750395190.795469, 0.0, 7.296875
1750395191.801497, 0.0, 7.296875
1750395192.811925, 0.0, 7.296875
1750395193.824118, 0.0, 7.296875
1750395194.834388, 0.0, 7.296875
1750395195.844647, 0.0, 7.296875
1750395196.856441, 0.0, 7.296875
1750395197.86675, 0.0, 7.296875
1750395198.878294, 0.0, 7.296875
1750395199.887954, 0.0, 7.296875
1750395200.894681, 0.0, 7.296875
1750395201.9029682, 0.0, 7.296875
1750395202.913263, 0.0, 7.296875
1750395203.924062, 0.0, 7.296875
1750395204.935047, 0.0, 7.296875
1750395205.945302, 0.0, 7.296875
1750395206.948268, 0.0, 7.296875
1750395207.949074, 0.0, 7.296875
1750395208.957481, 0.0, 7.296875
1750395209.967731, 0.0, 7.296875
1750395210.977566, 0.0, 7.296875
1750395211.9842281, 0.0, 7.296875
1750395212.984561, 0.0, 7.296875
1750395213.990613, 0.0, 7.296875
1750395215.007024, 0.0, 7.296875
1750395216.016586, 0.0, 7.296875
1750395217.024213, 0.0, 7.296875
1750395218.029963, 0.0, 7.296875
1750395219.037003, 0.0, 7.296875
1750395220.041167, 0.0, 7.296875
1750395221.051626, 0.0, 7.296875
1750395222.057469, 0.0, 7.296875
1750395223.067734, 0.0, 7.296875
1750395224.0781388, 0.0, 7.296875
1750395225.093874, 0.0, 7.296875
1750395226.106603, 0.0, 7.296875
1750395227.116867, 0.0, 7.296875
1750395228.1278799, 0.0, 7.296875
1750395229.140071, 0.0, 7.296875
1750395230.15035, 0.0, 7.296875
1750395231.162673, 0.0, 7.296875
1750395232.1680498, 0.0, 7.296875
1750395233.172402, 0.0, 7.296875
1750395234.17644, 0.0, 7.296875
1750395235.186214, 0.0, 7.296875
1750395236.197938, 0.0, 7.296875
1750395237.202775, 0.0, 7.296875
1750395238.211832, 0.0, 7.296875
1750395239.227793, 0.0, 7.296875
1750395240.24089, 0.0, 7.296875
1750395241.2421591, 0.0, 7.296875
1750395242.252418, 0.0, 7.296875
1750395243.2626681, 0.0, 7.296875
1750395244.269592, 0.0, 7.296875
1750395245.2799559, 0.0, 7.296875
1750395246.2905622, 0.0, 7.296875
1750395247.300811, 0.0, 7.296875
1750395248.311104, 0.0, 7.296875
1750395249.315209, 0.0, 7.296875
1750395250.327452, 0.0, 7.296875
1750395251.340506, 0.0, 7.296875
1750395252.350791, 0.0, 7.296875
1750395253.362891, 0.0, 7.296875
1750395254.378052, 0.0, 7.296875
1750395255.387006, 0.0, 7.296875
1750395256.3980548, 0.0, 7.296875
1750395257.4027069, 0.0, 7.296875
1750395258.412988, 0.0, 7.296875
1750395259.4278982, 0.0, 7.296875
1750395260.4352, 0.0, 7.296875
1750395261.442396, 0.0, 7.296875
1750395262.45265, 0.0, 7.296875
1750395263.4622169, 0.0, 7.296875
1750395264.469878, 0.0, 7.296875
1750395265.4801311, 0.0, 7.296875
1750395266.487981, 0.0, 7.296875
1750395267.498108, 0.0, 7.296875
1750395268.508223, 0.0, 7.296875
1750395269.5183208, 0.0, 7.296875
1750395270.528487, 0.0, 7.296875
1750395271.541522, 0.0, 7.296875
1750395272.546371, 0.0, 7.296875
1750395273.558898, 0.0, 7.296875
1750395274.5691671, 0.0, 7.296875
1750395275.57637, 0.0, 7.296875
1750395276.5926368, 0.0, 7.296875
1750395277.600838, 0.0, 7.296875
1750395278.605999, 0.0, 7.296875
1750395279.608257, 0.0, 7.296875
1750395280.618567, 0.0, 7.296875
1750395281.627054, 0.0, 7.296875
1750395282.6369941, 0.0, 7.296875
1750395283.649739, 0.0, 7.296875
1750395284.652086, 0.0, 7.296875
1750395285.6628659, 0.0, 7.296875
1750395286.6724522, 0.0, 7.296875
1750395287.6833339, 0.0, 7.296875
1750395288.693592, 0.0, 7.296875
1750395289.707077, 0.0, 7.296875
1750395290.7233238, 0.0, 7.296875
1750395291.7335758, 0.0, 7.296875
1750395292.7438562, 0.0, 7.296875
1750395293.7578108, 0.0, 7.296875
1750395294.7624571, 0.0, 7.296875
1750395295.7738, 0.0, 7.296875
1750395296.789239, 0.0, 7.296875
1750395297.790653, 0.0, 7.296875
1750395298.799252, 0.0, 7.296875
1750395299.809531, 0.0, 7.296875
1750395300.823031, 0.0, 7.296875
1750395301.833954, 0.0, 7.296875
1750395302.844204, 0.0, 7.296875
1750395303.850013, 0.0, 7.296875
1750395304.860273, 0.0, 7.296875
1750395305.873097, 0.0, 7.296875
1750395306.8833668, 0.0, 7.296875
1750395307.89042, 0.0, 7.296875
1750395308.896696, 0.0, 7.296875
1750395309.8980942, 0.0, 7.296875
1750395310.908631, 0.0, 7.296875
1750395311.918911, 0.0, 7.296875
1750395312.922712, 0.0, 7.296875
1750395313.925098, 0.0, 7.296875
1750395314.928103, 0.0, 7.296875
1750395315.937143, 0.0, 7.296875
1750395316.946584, 0.0, 7.296875
1750395317.957068, 0.0, 7.296875
1750395318.89874, 0.0, 7.296875
1750395319.909009, 0.0, 7.296875
1750395320.922299, 0.0, 7.296875
1750395321.929454, 0.0, 7.296875
1750395322.937154, 0.0, 7.296875
1750395323.940727, 0.0, 7.296875
1750395324.954345, 0.0, 7.296875
1750395325.963964, 0.0, 7.296875
1750395326.967469, 0.0, 7.296875
1750395327.970825, 0.0, 7.296875
1750395328.981111, 0.0, 7.296875
1750395329.991539, 0.0, 7.296875
1750395331.0038242, 0.0, 7.296875
1750395332.019744, 0.0, 7.296875
1750395333.0309818, 0.0, 7.296875
1750395334.037926, 0.0, 7.296875
1750395335.048165, 0.0, 7.296875
1750395336.050271, 0.0, 7.296875
1750395337.058101, 0.0, 7.296875
1750395338.068486, 0.0, 7.296875
1750395339.073596, 0.0, 7.296875
1750395340.0765922, 0.0, 7.296875
1750395341.083019, 0.0, 7.296875
1750395342.088181, 0.0, 7.296875
1750395343.095789, 0.0, 7.296875
1750395344.102902, 0.0, 7.296875
1750395345.11636, 0.0, 7.296875
1750395346.126698, 0.0, 7.296875
1750395347.1385229, 0.0, 7.296875
1750395348.1487849, 0.0, 7.296875
1750395349.1628218, 0.0, 7.296875
1750395350.173114, 0.0, 7.296875
1750395351.182482, 0.0, 7.296875
1750395352.190043, 0.0, 7.296875
1750395353.206301, 0.0, 7.296875
1750395354.2170408, 0.0, 7.296875
1750395355.227293, 0.0, 7.296875
1750395356.237559, 0.0, 7.296875
1750395357.242029, 0.0, 7.296875
1750395358.254786, 0.0, 7.296875
1750395359.259104, 0.0, 7.296875
1750395360.275926, 0.0, 7.296875
1750395361.291199, 0.0, 7.296875
1750395362.302728, 0.0, 7.296875
1750395363.3036659, 0.0, 7.296875
1750395364.313756, 0.0, 7.296875
1750395365.319341, 0.0, 7.296875
1750395366.3295832, 0.0, 7.296875
1750395367.339833, 0.0, 7.296875
1750395368.346473, 0.0, 7.296875
1750395369.3567328, 0.0, 7.296875
1750395370.36978, 0.0, 7.296875
1750395371.380472, 0.0, 7.296875
1750395372.3916202, 0.0, 7.296875
1750395373.40322, 0.0, 7.296875
1750395374.41045, 0.0, 7.296875
1750395375.4218822, 0.0, 7.296875
1750395376.4323452, 0.0, 7.296875
1750395377.4408162, 0.0, 7.296875
1750395378.453006, 0.0, 7.296875
1750395379.4612548, 0.0, 7.296875
1750395380.463858, 0.0, 7.296875
1750395381.474218, 0.0, 7.296875
1750395382.481877, 0.0, 7.296875
1750395383.484703, 0.0, 7.296875
1750395384.494952, 0.0, 7.296875
1750395385.5052102, 0.0, 7.296875
1750395386.514576, 0.0, 7.296875
1750395387.516, 0.0, 7.296875
1750395388.518244, 0.0, 7.296875
1750395389.5285199, 0.0, 7.296875
1750395390.538709, 0.0, 7.296875
1750395391.5530849, 0.0, 7.296875
1750395392.56939, 0.0, 7.296875
1750395393.5796402, 0.0, 7.296875
1750395394.5899038, 0.0, 7.296875
1750395395.600343, 0.0, 7.296875
1750395396.6075149, 0.0, 7.296875
1750395397.618644, 0.0, 7.296875
1750395398.619452, 0.0, 7.296875
1750395399.6224132, 0.0, 7.296875
1750395400.631972, 0.0, 7.296875
1750395401.6422322, 0.0, 7.296875
1750395402.652734, 0.0, 7.296875
1750395403.668449, 0.0, 7.296875
1750395404.6843379, 0.2, 11.78125
1750395405.6948118, 0.0, 11.78125
1750395406.7035468, 0.0, 11.78125
1750395407.713841, 0.0, 11.78125
1750395408.724282, 0.0, 11.78125
1750395409.735264, 0.0, 11.78125
1750395410.745664, 0.0, 11.78125
1750395411.75135, 0.0, 11.78125
1750395412.761589, 0.0, 11.78125
1750395413.7718349, 0.0, 11.78125
1750395414.781672, 0.0, 11.78125
1750395415.792835, 0.0, 11.78125
1750395416.803086, 0.0, 11.78125
1750395417.817987, 0.0, 11.78125
1750395418.827661, 0.0, 11.78125
1750395419.838173, 0.0, 11.78125
1750395420.851243, 0.0, 11.78125
1750395421.855726, 0.0, 11.78125
1750395422.863431, 0.0, 11.78125
1750395423.8697999, 0.0, 11.78125
1750395424.880175, 0.0, 11.78125
1750395425.890451, 0.0, 11.78125
1750395426.901622, 0.0, 11.78125
1750395427.9118662, 0.0, 11.78125
1750395428.9207082, 0.0, 11.78125
1750395429.935931, 0.0, 11.78125
1750395430.946329, 0.0, 11.78125
1750395431.952872, 0.0, 11.78125
1750395432.961111, 0.0, 11.78125
1750395433.9673228, 0.0, 11.78125
1750395434.976943, 0.0, 11.78125
1750395435.988148, 0.0, 11.78125
1750395437.0013492, 0.0, 11.78125
1750395438.013728, 0.0, 11.78125
1750395439.024023, 0.0, 11.78125
1750395440.0345979, 0.0, 11.78125
1750395441.044897, 0.0, 11.78125
1750395442.055437, 0.0, 11.78125
1750395443.068233, 0.0, 11.78125
1750395444.0785139, 0.0, 11.78125
1750395445.0894809, 0.0, 11.78125
1750395446.0997171, 0.0, 11.78125
1750395447.1053498, 0.0, 11.78125
1750395448.113227, 0.0, 11.78125
1750395449.123498, 0.0, 11.78125
1750395450.1341171, 0.0, 11.78125
1750395451.142586, 0.0, 11.78125
1750395452.152857, 0.0, 11.78125
1750395453.166173, 0.0, 11.78125
1750395454.168153, 0.0, 11.78125
1750395455.176165, 0.0, 11.78125
1750395456.1864161, 0.0, 11.78125
1750395457.1992052, 0.0, 11.78125
1750395458.20947, 0.0, 11.78125
1750395459.219817, 0.0, 11.78125
1750395460.232485, 0.0, 11.78125
1750395461.24273, 0.0, 11.78125
1750395462.25264, 0.0, 11.78125
1750395463.2623081, 0.0, 11.78125
1750395464.268982, 0.0, 11.78125
1750395465.282666, 0.0, 11.78125
1750395466.292937, 0.0, 11.78125
1750395467.3016791, 0.0, 11.78125
1750395468.308504, 0.0, 11.78125
1750395469.317805, 0.0, 11.78125
1750395470.328086, 0.0, 11.78125
1750395471.3315089, 0.0, 11.78125
1750395472.3478231, 0.0, 11.78125
1750395473.354649, 0.0, 11.78125
1750395474.361668, 0.0, 11.78125
1750395475.3674219, 0.0, 11.78125
1750395476.3813262, 0.0, 11.78125
1750395477.386771, 0.0, 11.78125
1750395478.39478, 0.0, 11.78125
1750395479.401762, 0.0, 11.78125
1750395480.4119968, 0.0, 11.78125
1750395481.422564, 0.0, 11.78125
1750395482.4338949, 0.0, 11.78125
1750395483.436768, 0.0, 11.78125
1750395484.450001, 0.0, 11.78125
1750395485.4537442, 0.0, 11.78125
1750395486.45964, 0.0, 11.78125
1750395487.4698958, 0.0, 11.78125
1750395488.481808, 0.0, 11.78125
1750395489.49205, 0.0, 11.78125
1750395490.503349, 0.0, 11.78125
1750395491.517653, 0.0, 11.78125
1750395492.527922, 0.0, 11.78125
1750395493.538186, 0.0, 11.78125
1750395494.5524049, 0.0, 11.78125
1750395495.565242, 0.0, 11.78125
1750395496.5672681, 0.0, 11.78125
1750395497.577834, 0.0, 11.78125
1750395498.5880919, 0.0, 11.78125
1750395499.595296, 0.0, 11.78125
1750395500.5991309, 0.0, 11.78125
1750395501.6076741, 0.0, 11.78125
1750395502.6098309, 0.0, 11.78125
1750395503.6200671, 0.0, 11.78125
1750395504.624296, 0.0, 11.78125
1750395505.634322, 0.0, 11.78125
1750395506.635582, 0.0, 11.78125
1750395507.6447659, 0.0, 11.78125
1750395508.654874, 0.0, 11.78125
1750395509.664971, 0.0, 11.78125
1750395510.675138, 0.0, 11.78125
1750395511.6856241, 0.0, 11.78125
1750395512.694494, 0.0, 11.78125
1750395513.699531, 0.0, 11.78125
1750395514.71212, 0.0, 11.78125
1750395515.720497, 0.0, 11.78125
1750395516.733185, 0.0, 11.78125
1750395517.7416582, 0.0, 11.78125
1750395518.748533, 0.0, 11.78125
1750395519.756934, 0.0, 11.78125
1750395520.767298, 0.0, 11.78125
1750395521.7775612, 0.0, 11.78125
1750395522.7878342, 0.0, 11.78125
1750395523.799149, 0.0, 11.78125
1750395524.805961, 0.0, 11.78125
1750395525.818902, 0.0, 11.78125
1750395526.831178, 0.0, 11.78125
1750395527.839574, 0.0, 11.78125
1750395528.8480918, 0.0, 11.78125
1750395529.853576, 0.0, 11.78125
1750395530.868587, 0.0, 11.78125
1750395531.880985, 0.0, 11.78125
1750395532.897544, 0.0, 11.78125
1750395533.9077818, 0.0, 11.78125
1750395534.918018, 0.0, 11.78125
1750395535.927635, 0.0, 11.78125
1750395536.930738, 0.0, 11.78125
1750395537.940994, 0.0, 11.78125
1750395538.947336, 0.0, 11.78125
1750395539.963561, 0.0, 11.78125
1750395540.9746492, 0.0, 11.78125
1750395541.977728, 0.0, 11.78125
1750395542.985584, 0.0, 11.78125
1750395543.9981608, 0.0, 11.78125
1750395545.008665, 0.0, 11.78125
1750395546.015249, 0.0, 11.78125
1750395547.025537, 0.0, 11.78125
1750395548.031075, 0.0, 11.78125
1750395549.039042, 0.0, 11.78125
1750395550.047383, 0.0, 11.78125
1750395551.053077, 0.0, 11.78125
1750395552.057515, 0.0, 11.78125
1750395553.065342, 0.0, 11.78125
1750395554.0755908, 0.0, 11.78125
1750395555.085846, 0.0, 11.78125
1750395556.097331, 0.0, 11.78125
1750395557.1014771, 0.0, 11.78125
1750395558.1067939, 0.0, 11.78125
1750395559.1170602, 0.0, 11.78125
1750395560.127311, 0.0, 11.78125
1750395561.131114, 0.0, 11.78125
1750395562.1403258, 0.0, 11.78125
1750395563.14643, 0.0, 11.78125
1750395564.156669, 0.0, 11.78125
1750395565.1632938, 0.0, 11.78125
1750395566.1663349, 0.0, 11.78125
1750395567.174757, 0.0, 11.78125
1750395568.179608, 0.0, 11.78125
1750395569.1806688, 0.0, 11.78125
1750395570.190946, 0.0, 11.78125
1750395571.198681, 0.0, 11.78125
1750395572.208949, 0.0, 11.78125
1750395573.2191849, 0.0, 11.78125
1750395574.22046, 0.0, 11.78125
1750395575.230273, 0.0, 11.78125
1750395576.240542, 0.0, 11.78125
1750395577.247068, 0.0, 11.78125
1750395578.253844, 0.0, 11.78125
1750395579.264093, 0.0, 11.78125
1750395580.27215, 0.0, 11.78125
1750395581.280159, 0.0, 11.78125
1750395582.290551, 0.0, 11.78125
1750395583.300825, 0.0, 11.78125
1750395584.312213, 0.0, 11.78125
1750395585.322442, 0.0, 11.78125
1750395586.332375, 0.0, 11.78125
1750395587.3451579, 0.0, 11.78125
1750395588.353621, 0.0, 11.78125
1750395589.354511, 0.0, 11.78125
1750395590.358145, 0.0, 11.78125
1750395591.3683891, 0.0, 11.78125
1750395592.379561, 0.0, 11.78125
1750395593.382171, 0.0, 11.78125
1750395594.388247, 0.0, 11.78125
1750395595.3987432, 0.0, 11.78125
1750395596.410403, 0.0, 11.78125
1750395597.422969, 0.0, 11.78125
1750395598.4331899, 0.0, 11.78125
1750395599.448496, 0.0, 11.78125
1750395600.455622, 0.0, 11.78125
1750395601.4658759, 0.0, 11.78125
1750395602.480695, 0.0, 11.78125
1750395603.491982, 0.0, 11.78125
1750395604.501353, 0.0, 11.78125
1750395605.509384, 0.0, 11.78125
1750395606.522649, 0.0, 11.78125
1750395607.532651, 0.0, 11.78125
1750395608.545961, 0.0, 11.78125
1750395609.5562391, 0.0, 11.78125
1750395610.5728068, 0.0, 11.78125
1750395611.5824928, 0.0, 11.78125
1750395612.595333, 0.0, 11.78125
1750395613.6055942, 0.0, 11.78125
1750395614.615853, 0.0, 11.78125
1750395615.628903, 0.0, 11.78125
1750395616.631576, 0.0, 11.78125
1750395617.632937, 0.0, 11.78125
1750395618.64532, 0.0, 11.78125
1750395619.6555939, 0.0, 11.78125
1750395620.666017, 0.0, 11.78125
1750395621.673829, 0.0, 11.78125
1750395622.680852, 0.0, 11.78125
1750395623.682543, 0.0, 11.78125
1750395624.691751, 0.0, 11.78125
1750395625.700365, 0.0, 11.78125
1750395626.7037902, 0.0, 11.78125
1750395627.7140539, 0.0, 11.78125
1750395628.7244842, 0.0, 11.78125
1750395629.7346098, 0.0, 11.78125
1750395630.744714, 0.0, 11.78125
1750395631.754786, 0.0, 11.78125
1750395632.764856, 0.0, 11.78125
1750395633.7750132, 0.0, 11.78125
1750395634.7853708, 0.0, 11.78125
1750395635.796609, 0.0, 11.78125
1750395636.804537, 0.0, 11.78125
1750395637.814801, 0.0, 11.78125
1750395638.82511, 0.0, 11.78125
1750395639.839255, 0.0, 11.78125
1750395640.849291, 0.0, 11.78125
1750395641.857742, 0.0, 11.78125
1750395642.868028, 0.0, 11.78125
1750395643.87515, 0.0, 11.78125
1750395644.878143, 0.0, 11.78125
1750395645.8817248, 0.0, 11.78125
1750395646.894757, 0.0, 11.78125
1750395647.905004, 0.0, 11.78125
1750395648.906035, 0.0, 11.78125
1750395649.915414, 0.0, 11.78125
1750395650.923174, 0.0, 11.78125
1750395651.93341, 0.0, 11.78125
1750395652.93799, 0.0, 11.78125
1750395653.9482229, 0.0, 11.78125
1750395654.961151, 0.0, 11.78125
1750395655.9629729, 0.0, 11.78125
1750395656.97328, 0.0, 11.78125
1750395657.9842718, 0.0, 11.78125
1750395658.9940941, 0.0, 11.78125
1750395660.0124831, 0.0, 11.78125
1750395661.0227342, 0.0, 11.78125
1750395662.029207, 0.0, 11.78125
1750395663.039476, 0.0, 11.78125
1750395664.049713, 0.0, 11.78125
1750395665.064183, 0.0, 11.78125
1750395666.077634, 0.0, 11.78125
1750395667.08851, 0.0, 11.78125
1750395668.094347, 0.0, 11.78125
1750395669.104626, 0.0, 11.78125
1750395670.107417, 0.0, 11.78125
1750395671.120529, 0.0, 11.78125
1750395672.130589, 0.0, 11.78125
1750395673.134975, 0.0, 11.78125
1750395674.14525, 0.0, 11.78125
1750395675.155487, 0.0, 11.78125
1750395676.1657238, 0.0, 11.78125
1750395677.176024, 0.0, 11.78125
1750395678.17785, 0.0, 11.78125
1750395679.185825, 0.0, 11.78125
1750395680.196646, 0.0, 11.78125
1750395681.198236, 0.0, 11.78125
1750395682.2109492, 0.0, 11.78125
1750395683.216928, 0.0, 11.78125
1750395684.227194, 0.0, 11.78125
1750395685.237453, 0.0, 11.78125
1750395686.253433, 0.0, 11.78125
1750395687.259657, 0.0, 11.78125
1750395688.2708302, 0.0, 11.78125
1750395689.280705, 0.0, 11.78125
1750395690.28957, 0.0, 11.78125
1750395691.297889, 0.0, 11.78125
1750395692.31127, 0.0, 11.78125
1750395693.321524, 0.0, 11.78125
1750395694.3278441, 0.0, 11.78125
1750395695.329261, 0.0, 11.78125
1750395696.339243, 0.0, 11.78125
1750395697.349545, 0.0, 11.78125
1750395698.358686, 0.0, 11.78125
1750395699.3673751, 0.0, 11.78125
1750395700.375773, 0.0, 11.78125
1750395701.378617, 0.0, 11.78125
1750395702.380415, 0.0, 11.78125
1750395703.385549, 0.0, 11.78125
1750395704.394054, 0.0, 11.78125
1750395705.397619, 0.0, 11.78125
1750395706.4053912, 0.0, 11.78125
1750395707.411485, 0.0, 11.78125
1750395708.421932, 0.0, 11.78125
1750395709.427395, 0.0, 11.78125
1750395710.4376462, 0.0, 11.78125
1750395711.4480078, 0.0, 11.78125
1750395712.4582589, 0.0, 11.78125
1750395713.459151, 0.0, 11.78125
1750395714.464639, 0.0, 11.78125
1750395715.4714482, 0.0, 11.78125
1750395716.478679, 0.0, 11.78125
1750395717.4847648, 0.0, 11.78125
1750395718.494998, 0.0, 11.78125
1750395719.507597, 0.0, 11.78125
1750395720.513185, 0.0, 11.78125
1750395721.526164, 0.0, 11.78125
1750395722.536413, 0.0, 11.78125
1750395723.5528052, 0.0, 11.78125
1750395724.55917, 0.0, 11.78125
1750395725.5694249, 0.0, 11.78125
1750395726.5796978, 0.0, 11.78125
1750395727.5863569, 0.0, 11.78125
1750395728.592265, 0.0, 11.78125
1750395729.602817, 0.0, 11.78125
1750395730.613045, 0.0, 11.78125
1750395731.625154, 0.0, 11.78125
1750395732.633409, 0.0, 11.78125
1750395733.642875, 0.0, 11.78125
1750395734.6531122, 0.0, 11.78125
1750395735.6601841, 0.0, 11.78125
1750395736.675092, 0.0, 11.78125
1750395737.687066, 0.0, 11.78125
1750395738.7007098, 0.0, 11.78125
1750395739.7109492, 0.0, 11.78125
1750395740.7212212, 0.0, 11.78125
1750395741.731492, 0.0, 11.78125
1750395742.742154, 0.0, 11.78125
1750395743.749208, 0.0, 11.78125
1750395744.759169, 0.0, 11.78125
1750395745.7688692, 0.0, 11.78125
1750395746.7785358, 0.0, 11.78125
1750395747.7880461, 0.0, 11.78125
1750395748.798523, 0.0, 11.78125
1750395749.8087502, 0.0, 11.78125
1750395750.819136, 0.0, 11.78125
1750395751.819639, 0.0, 11.78125
1750395752.8297338, 0.0, 11.78125
1750395753.842187, 0.0, 11.78125
1750395754.851736, 0.0, 11.78125
1750395755.857824, 0.0, 11.78125
1750395756.865927, 0.0, 11.78125
1750395757.867507, 0.0, 11.78125
1750395758.877793, 0.0, 11.78125
1750395759.880983, 0.0, 11.78125
1750395760.8848588, 0.0, 11.78125
1750395761.892606, 0.0, 11.78125
1750395762.90055, 0.0, 11.78125
1750395763.910923, 0.0, 11.78125
1750395764.921257, 0.0, 11.78125
1750395765.9315882, 0.0, 11.78125
1750395766.945005, 0.0, 11.78125
1750395767.95644, 0.0, 11.78125
1750395768.9598742, 0.0, 11.78125
1750395769.967052, 0.0, 11.78125
1750395770.970345, 0.0, 11.78125
1750395771.980611, 0.0, 11.78125
1750395772.991149, 0.0, 11.78125
1750395773.995968, 0.0, 11.78125
1750395775.0083892, 0.0, 11.78125
1750395776.015881, 0.0, 11.78125
1750395777.028286, 0.0, 11.78125
1750395778.037559, 0.0, 11.78125
1750395779.047795, 0.0, 11.78125
1750395780.0516832, 0.0, 11.78125
1750395781.0581272, 0.0, 11.78125
1750395782.064564, 0.0, 11.78125
1750395783.074811, 0.0, 11.78125
1750395784.079356, 0.0, 11.78125
1750395785.092573, 0.0, 11.78125
1750395786.102849, 0.0, 11.78125
1750395787.1131341, 0.0, 11.78125
1750395788.1219149, 0.0, 11.78125
1750395789.134125, 0.0, 11.78125
1750395790.141684, 0.0, 11.78125
1750395791.151941, 0.0, 11.78125
1750395792.162613, 0.0, 11.78125
1750395793.1736891, 0.0, 11.78125
1750395794.179463, 0.0, 11.78125
1750395795.1939871, 0.0, 11.78125
1750395796.198626, 0.0, 11.78125
1750395797.2031538, 0.0, 11.78125
1750395798.21662, 0.0, 11.78125
1750395799.226895, 0.0, 11.78125
1750395800.236785, 0.0, 11.78125
1750395801.247067, 0.0, 11.78125
1750395802.2573261, 0.0, 11.78125
1750395803.260149, 0.0, 11.78125
1750395804.2698328, 0.0, 11.78125
1750395805.280094, 0.0, 11.78125
1750395806.290348, 0.0, 11.78125
1750395807.3006148, 0.0, 11.78125
1750395808.309623, 0.0, 11.78125
1750395809.324281, 0.0, 11.78125
1750395810.334529, 0.0, 11.78125
1750395811.349758, 0.0, 11.78125
1750395812.361176, 0.0, 11.78125
1750395813.3657842, 0.0, 11.78125
1750395814.370485, 0.0, 11.78125
1750395815.380739, 0.0, 11.78125
1750395816.390978, 0.0, 11.78125
1750395817.4012318, 0.0, 11.78125
1750395818.411477, 0.0, 11.78125
1750395819.420425, 0.0, 11.78125
1750395820.4304268, 0.0, 11.78125
1750395821.454925, 0.0, 11.78125
1750395822.465153, 0.0, 11.78125
1750395823.4714408, 0.0, 11.78125
1750395824.4798641, 0.0, 11.78125
1750395825.489836, 0.0, 11.78125
1750395826.493752, 0.0, 11.78125
1750395827.50547, 0.0, 11.78125
1750395828.50909, 0.0, 11.78125
1750395829.521458, 0.0, 11.78125
1750395830.5285718, 0.0, 11.78125
1750395831.5388281, 0.0, 11.78125
1750395832.5446908, 0.0, 11.78125
1750395833.554943, 0.0, 11.78125
1750395834.565203, 0.0, 11.78125
1750395835.5771441, 0.0, 11.78125
1750395836.58794, 0.0, 11.78125
1750395837.598175, 0.0, 11.78125
1750395838.606595, 0.0, 11.78125
1750395839.612129, 0.0, 11.78125
1750395840.62394, 0.0, 11.78125
1750395841.634201, 0.0, 11.78125
1750395842.641762, 0.0, 11.78125
1750395843.648232, 0.0, 11.78125
1750395844.658496, 0.0, 11.78125
1750395845.672464, 0.0, 11.78125
1750395846.6811059, 0.0, 11.78125
1750395847.695403, 0.0, 11.78125
1750395848.6992729, 0.0, 11.78125
1750395849.709543, 0.0, 11.78125
1750395850.725983, 0.0, 11.78125
1750395851.732136, 0.0, 11.78125
1750395852.734833, 0.0, 11.78125
1750395853.740164, 0.0, 11.78125
1750395854.7483141, 0.0, 11.78125
1750395855.758792, 0.0, 11.78125
1750395856.771681, 0.0, 11.78125
1750395857.781163, 0.0, 11.78125
1750395858.7924778, 0.0, 11.78125
1750395859.793782, 0.0, 11.78125
1750395860.7954292, 0.0, 11.78125
1750395861.801564, 0.0, 11.78125
1750395862.811886, 0.0, 11.78125
1750395863.8220959, 0.0, 11.78125
1750395864.828676, 0.0, 11.78125
1750395865.8377962, 0.0, 11.78125
1750395866.85284, 0.0, 11.78125
1750395867.858952, 0.0, 11.78125
1750395868.869349, 0.0, 11.78125
1750395869.8770041, 0.0, 11.78125
1750395870.887208, 0.0, 11.78125
1750395871.897326, 0.0, 11.78125
1750395872.907406, 0.0, 11.78125
1750395873.917471, 0.0, 11.78125
1750395874.927642, 0.0, 11.78125
1750395875.939156, 0.0, 11.78125
1750395876.949416, 0.0, 11.78125
1750395877.959679, 0.0, 11.78125
1750395878.962624, 0.0, 11.78125
1750395879.972907, 0.0, 11.78125
1750395880.974497, 0.0, 11.78125
1750395881.988283, 0.0, 11.78125
1750395882.992836, 0.0, 11.78125
1750395884.008152, 0.0, 11.78125
1750395885.0143821, 0.0, 11.78125
1750395886.0246148, 0.0, 11.78125
1750395887.028702, 0.0, 11.78125
1750395888.039413, 0.0, 11.78125
1750395889.054904, 0.0, 11.78125
1750395890.065717, 0.0, 11.78125
1750395891.074514, 0.0, 11.78125
1750395892.081547, 0.0, 11.78125
1750395893.091809, 0.0, 11.78125
1750395894.1034582, 0.0, 11.78125
1750395895.115979, 0.0, 11.78125
1750395896.126166, 0.0, 11.78125
1750395897.131595, 0.0, 11.78125
1750395898.142457, 0.0, 11.78125
1750395899.150816, 0.0, 11.78125
1750395900.161115, 0.0, 11.78125
1750395901.17054, 0.0, 11.78125
1750395902.180886, 0.0, 11.78125
1750395903.187522, 0.0, 11.78125
1750395904.197779, 0.0, 11.78125
1750395905.208179, 0.0, 11.78125
1750395906.2210271, 0.0, 11.78125
1750395907.231271, 0.0, 11.78125
1750395908.240594, 0.0, 11.78125
1750395909.247256, 0.0, 11.78125
1750395910.257879, 0.0, 11.78125
1750395911.270505, 0.0, 11.78125
1750395912.2807748, 0.0, 11.78125
1750395913.2910368, 0.0, 11.78125
1750395914.30058, 0.0, 11.78125
1750395915.310842, 0.0, 11.78125
1750395916.314879, 0.0, 11.78125
1750395917.3199732, 0.0, 11.78125
1750395918.322295, 0.0, 11.78125
1750395919.328404, 0.0, 11.765625
1750395920.338977, 0.0, 11.765625
1750395921.347031, 0.0, 11.765625
1750395922.358025, 0.0, 11.765625
1750395923.373155, 0.0, 11.765625
1750395924.379967, 0.0, 11.765625
1750395925.385765, 0.0, 11.765625
1750395926.3967621, 0.0, 11.765625
1750395927.407074, 0.0, 11.765625
1750395928.414782, 0.0, 11.765625
1750395929.425029, 0.0, 11.765625
1750395930.428549, 0.0, 11.765625
1750395931.433998, 0.0, 11.765625
1750395932.4420009, 0.0, 11.765625
1750395933.4525409, 0.0, 11.765625
1750395934.4628181, 0.0, 11.765625
1750395935.4750452, 0.0, 11.765625
1750395936.478935, 0.0, 11.765625
1750395937.492108, 0.0, 11.765625
1750395938.502335, 0.0, 11.765625
1750395939.5124521, 0.0, 11.765625
1750395940.522735, 0.0, 11.765625
1750395941.536324, 0.0, 11.765625
1750395942.546643, 0.0, 11.234375
1750395943.55703, 0.0, 11.234375
1750395944.568853, 0.0, 11.234375
1750395945.5748742, 0.0, 11.234375
1750395946.585109, 0.0, 11.234375
1750395947.595364, 0.0, 11.234375
1750395948.601921, 0.0, 11.234375
1750395949.611847, 0.0, 11.234375
1750395950.622109, 0.0, 11.234375
1750395951.6396139, 0.0, 11.234375
1750395952.6483269, 0.0, 11.234375
1750395953.658717, 0.0, 11.234375
1750395954.669069, 0.0, 11.234375
1750395955.679323, 0.0, 11.234375
1750395956.688687, 0.0, 11.234375
1750395957.701591, 0.0, 11.234375
1750395958.7072792, 0.0, 11.234375
1750395959.7215948, 0.0, 11.234375
1750395960.729414, 0.0, 11.234375
1750395961.739786, 0.0, 11.234375
1750395962.749294, 0.0, 11.234375
1750395963.759552, 0.0, 11.234375
1750395964.773439, 0.0, 11.234375
1750395965.785683, 0.0, 11.234375
1750395966.7965188, 0.0, 11.234375
1750395967.796864, 0.0, 11.234375
1750395968.8054311, 0.0, 11.234375
1750395969.819679, 0.0, 11.234375
1750395970.829908, 0.0, 11.234375
1750395971.8401558, 0.0, 11.234375
1750395972.845694, 0.0, 11.234375
1750395973.8505569, 0.0, 11.234375
1750395974.860821, 0.0, 11.234375
1750395975.871089, 0.0, 11.234375
1750395976.881357, 0.0, 11.234375
1750395977.8900108, 0.0, 11.234375
1750395978.902386, 0.0, 11.234375
1750395979.904756, 0.0, 11.234375
1750395980.91504, 0.0, 11.234375
1750395981.919785, 0.0, 11.234375
1750395982.929111, 0.0, 10.875
1750395983.9394891, 0.0, 10.875
1750395984.9440908, 0.0, 10.875
1750395985.951355, 0.0, 10.875
1750395986.961586, 0.0, 10.875
1750395987.964832, 0.0, 10.875
1750395988.975086, 0.0, 10.875
1750395989.980441, 0.0, 10.875
1750395990.990556, 0.0, 10.875
1750395992.0025759, 0.0, 11.421875
1750395993.00641, 0.0, 11.421875
1750395994.010051, 0.0, 11.421875
1750395995.017361, 0.0, 11.421875
1750395996.023463, 0.0, 11.421875
1750395997.035059, 0.0, 11.421875
1750395998.040075, 0.0, 11.421875
1750395999.045079, 0.0, 11.421875
1750396000.0528069, 0.0, 11.421875
1750396001.0557709, 0.0, 11.421875
1750396002.06924, 0.0, 11.421875
1750396003.0801768, 0.0, 11.421875
1750396004.0891929, 0.0, 11.421875
1750396005.096549, 0.0, 11.421875
1750396006.105828, 0.0, 11.421875
1750396007.117622, 0.0, 11.421875
1750396008.132967, 0.0, 11.421875
1750396009.137365, 0.0, 11.421875
1750396010.147722, 0.0, 11.421875
1750396011.151572, 0.0, 11.421875
1750396012.161834, 0.0, 11.421875
1750396013.171649, 0.0, 11.421875
1750396014.177473, 0.0, 11.421875
1750396015.187598, 0.0, 11.421875
1750396016.200335, 0.0, 11.421875
1750396017.2083662, 0.0, 11.421875
1750396018.218612, 0.0, 11.421875
1750396019.2250361, 0.0, 11.421875
1750396020.2277918, 0.0, 11.421875
1750396021.23804, 0.0, 11.421875
1750396022.244729, 0.0, 11.421875
1750396023.254991, 0.0, 11.421875
1750396024.2641978, 0.0, 11.421875
1750396025.26802, 0.0, 11.421875
1750396026.272748, 0.0, 11.421875
1750396027.284367, 0.0, 11.421875
1750396028.2898932, 0.0, 11.421875
1750396029.29332, 0.0, 11.421875
1750396030.301515, 0.0, 11.421875
1750396031.311765, 0.0, 11.421875
1750396032.3168588, 0.0, 11.421875
1750396033.332581, 0.0, 11.421875
1750396034.342925, 0.0, 11.421875
1750396035.355396, 0.0, 11.421875
1750396036.3704, 0.0, 11.421875
1750396037.380327, 0.0, 11.421875
1750396038.384226, 0.0, 11.421875
1750396039.392589, 0.0, 11.421875
1750396040.402855, 0.0, 11.421875
1750396041.417691, 0.0, 11.421875
1750396042.434549, 0.0, 11.421875
1750396043.443787, 0.0, 11.421875
1750396044.454038, 0.0, 11.421875
1750396045.4552262, 0.0, 11.421875
1750396046.466586, 0.0, 11.421875
1750396047.476821, 0.0, 11.421875
1750396048.486905, 0.0, 11.421875
1750396049.492809, 0.0, 11.421875
1750396050.496212, 0.0, 11.421875
1750396051.5000892, 0.0, 11.421875
1750396052.5023072, 0.0, 11.421875
1750396053.511494, 0.0, 11.421875
1750396054.522927, 0.0, 11.421875
1750396055.5381172, 0.0, 11.421875
1750396056.54509, 0.0, 11.421875
1750396057.555317, 0.0, 11.421875
1750396058.559798, 0.0, 11.421875
1750396059.570056, 0.0, 11.421875
1750396060.5825121, 0.0, 11.421875
1750396061.592591, 0.0, 11.421875
1750396062.6021419, 0.0, 11.421875
1750396063.611734, 0.0, 11.421875
1750396064.621633, 0.0, 11.421875
1750396065.634947, 0.0, 11.421875
1750396066.645216, 0.0, 11.421875
1750396067.654728, 0.0, 11.421875
1750396068.666411, 0.0, 11.421875
1750396069.676661, 0.0, 11.421875
1750396070.685656, 0.0, 11.421875
1750396071.690391, 0.0, 11.421875
1750396072.7006989, 0.0, 11.421875
1750396073.710952, 0.0, 11.421875
1750396074.721226, 0.0, 11.421875
1750396075.736734, 0.0, 11.421875
1750396076.749045, 0.0, 11.421875
1750396077.75954, 0.0, 11.421875
1750396078.769813, 0.0, 11.421875
1750396079.785662, 0.0, 11.421875
1750396080.79691, 0.0, 11.421875
1750396081.8071659, 0.0, 11.421875
1750396082.809669, 0.0, 11.421875
1750396083.812242, 0.0, 11.421875
1750396084.820344, 0.0, 11.421875
1750396085.8232808, 0.0, 11.421875
1750396086.831213, 0.0, 11.421875
1750396087.84006, 0.0, 11.421875
1750396088.851043, 0.0, 11.421875
1750396089.861314, 0.0, 11.421875
1750396090.871531, 0.0, 11.421875
1750396091.8882718, 0.0, 11.421875
1750396092.8916538, 0.0, 11.421875
1750396093.899817, 0.0, 11.421875
1750396094.910113, 0.0, 11.421875
1750396095.9204018, 0.0, 11.421875
1750396096.932322, 0.0, 11.421875
1750396097.937873, 0.0, 11.421875
1750396098.9480839, 0.0, 11.421875
1750396099.9488451, 0.0, 11.421875
1750396100.949467, 0.0, 11.421875
1750396101.959697, 0.0, 11.421875
1750396102.969013, 0.0, 11.421875
1750396103.97698, 0.0, 11.421875
1750396104.977834, 0.0, 11.421875
1750396105.987937, 0.0, 11.421875
1750396106.9980118, 0.0, 11.421875
1750396108.008605, 0.0, 11.421875
1750396109.018698, 0.0, 11.421875
1750396110.028805, 0.0, 11.421875
1750396111.03889, 0.0, 11.421875
1750396112.048962, 0.0, 11.421875
1750396113.059149, 0.0, 11.4375
1750396114.0694249, 0.0, 11.4375
1750396115.081645, 0.0, 11.4375
1750396116.091936, 0.0, 11.4375
1750396117.098124, 0.0, 11.4375
1750396118.1053429, 0.0, 11.4375
1750396119.115616, 0.0, 11.4375
1750396120.1250298, 0.0, 11.4375
1750396121.13462, 0.0, 11.4375
1750396122.138209, 0.0, 11.4375
1750396123.1484869, 0.0, 11.4375
1750396124.158751, 0.0, 11.4375
1750396125.170868, 0.0, 11.4375
1750396126.180866, 0.0, 11.4375
1750396127.185229, 0.0, 11.4375
1750396128.197441, 0.0, 11.4375
1750396129.207691, 0.0, 11.4375
1750396130.218944, 0.0, 11.4375
1750396131.2237551, 0.0, 11.4375
1750396132.234338, 0.0, 11.4375
1750396133.24471, 0.0, 11.4375
1750396134.254981, 0.0, 11.4375
1750396135.265238, 0.0, 11.4375
1750396136.27658, 0.0, 11.4375
1750396137.2868228, 0.0, 11.4375
1750396138.290192, 0.0, 11.4375
1750396139.300457, 0.0, 11.4375
1750396140.3092532, 0.0, 11.4375
1750396141.319535, 0.0, 11.4375
1750396142.331177, 0.0, 11.4375
1750396143.338847, 0.0, 11.4375
1750396144.34909, 0.0, 11.4375
1750396145.353761, 0.0, 11.4375
1750396146.35743, 0.0, 11.4375
1750396147.360277, 0.0, 11.4375
1750396148.370517, 0.0, 11.4375
1750396149.380756, 0.0, 11.4375
1750396150.392693, 0.0, 11.4375
1750396151.404264, 0.0, 11.4375
1750396152.413194, 0.0, 11.4375
1750396153.418516, 0.0, 11.4375
1750396154.4268422, 0.0, 11.4375
1750396155.436778, 0.0, 11.4375
1750396156.447027, 0.0, 11.4375
1750396157.453223, 0.0, 11.4375
1750396158.4634502, 0.0, 11.4375
1750396159.473693, 0.0, 11.4375
1750396160.481919, 0.0, 11.4375
1750396161.4849558, 0.0, 11.4375
1750396162.488041, 0.0, 11.4375
1750396163.501728, 0.0, 11.4375
1750396164.513696, 0.0, 11.4375
1750396165.519186, 0.0, 11.4375
1750396166.529145, 0.0, 11.4375
1750396167.538282, 0.0, 11.4375
1750396168.550598, 0.0, 11.4375
1750396169.562911, 0.0, 11.4375
1750396170.572783, 0.0, 11.4375
1750396171.5802581, 0.0, 11.4375
1750396172.590503, 0.0, 11.4375
1750396173.6007721, 0.0, 11.4375
1750396174.610349, 0.0, 11.4375
1750396175.620609, 0.0, 11.4375
1750396176.630877, 0.0, 11.4375
1750396177.641132, 0.0, 11.4375
1750396178.646168, 0.0, 11.4375
1750396179.655246, 0.0, 11.4375
1750396180.6655161, 0.0, 11.4375
1750396181.6774778, 0.0, 11.4375
1750396182.687767, 0.0, 11.4375
1750396183.6980631, 0.0, 11.4375
1750396184.711603, 0.0, 11.4375
1750396185.722543, 0.0, 11.4375
1750396186.732821, 0.0, 11.4375
1750396187.737192, 0.0, 11.4375
1750396188.747437, 0.0, 11.4375
1750396189.7545102, 0.0, 11.4375
1750396190.76108, 0.0, 11.4375
1750396191.771328, 0.0, 11.4375
1750396192.781722, 0.0, 11.4375
1750396193.795831, 0.0, 11.4375
1750396194.807123, 0.0, 11.4375
1750396195.817732, 0.0, 11.4375
1750396196.8280032, 0.0, 11.4375
1750396197.844074, 0.0, 11.4375
1750396198.8474638, 0.0, 11.4375
1750396199.8585842, 0.0, 11.4375
1750396200.868256, 0.0, 11.4375
1750396201.882766, 0.0, 11.4375
1750396202.896215, 0.0, 11.4375
1750396203.900285, 0.0, 11.4375
1750396204.9089952, 0.0, 11.4375
1750396205.917436, 0.0, 11.4375
1750396206.928283, 0.0, 11.4375
1750396207.9385478, 0.0, 11.4375
1750396208.941438, 0.0, 11.4375
1750396209.947914, 0.0, 11.4375
1750396210.9551098, 0.0, 11.4375
1750396211.96595, 0.0, 11.4375
1750396212.9781098, 0.0, 11.4375
1750396213.983496, 0.0, 11.4375
1750396214.991715, 0.0, 11.4375
1750396216.006778, 0.0, 11.4375
1750396217.0135198, 0.0, 11.4375
1750396218.0161731, 0.0, 11.4375
1750396219.027842, 0.0, 11.4375
1750396220.0396109, 0.0, 11.4375
1750396221.051072, 0.0, 11.4375
1750396222.057966, 0.0, 11.4375
1750396223.0682418, 0.0, 11.4375
1750396224.073982, 0.0, 11.4375
1750396225.084329, 0.0, 11.4375
1750396226.094851, 0.0, 11.4375
1750396227.09602, 0.0, 11.4375
1750396228.106124, 0.0, 11.4375
1750396229.1162071, 0.0, 11.4375
1750396230.127934, 0.0, 11.4375
1750396231.138508, 0.0, 11.4375
1750396232.145789, 0.0, 11.4375
1750396233.155139, 0.0, 11.4375
1750396234.167069, 0.0, 11.4375
1750396235.178445, 0.0, 11.4375
1750396236.184628, 0.0, 11.4375
1750396237.1949089, 0.0, 11.4375
1750396238.2078269, 0.0, 11.4375
1750396239.218085, 0.0, 11.4375
1750396240.23208, 0.0, 11.4375
1750396241.244768, 0.0, 11.4375
1750396242.255007, 0.0, 11.4375
1750396243.260139, 0.0, 11.4375
1750396244.265387, 0.0, 11.4375
1750396245.277926, 0.0, 11.4375
1750396246.287959, 0.0, 11.4375
1750396247.290786, 0.0, 11.4375
1750396248.3016949, 0.0, 11.4375
1750396249.314343, 0.0, 11.4375
1750396250.3295581, 0.0, 11.4375
1750396251.336629, 0.0, 11.4375
1750396252.3374531, 0.0, 11.4375
1750396253.350477, 0.0, 11.4375
1750396254.360744, 0.0, 11.4375
1750396255.366209, 0.0, 11.4375
1750396256.378183, 0.0, 11.4375
1750396257.379932, 0.0, 11.4375
1750396258.39043, 0.0, 11.4375
1750396259.4006689, 0.0, 11.4375
1750396260.4118521, 0.0, 11.4375
1750396261.4144151, 0.0, 11.4375
1750396262.42642, 0.0, 11.4375
1750396263.430785, 0.0, 11.4375
1750396264.443838, 0.0, 11.4375
1750396265.447437, 0.0, 11.4375
1750396266.460905, 0.0, 11.4375
1750396267.47118, 0.0, 11.4375
1750396268.482055, 0.0, 11.4375
1750396269.494853, 0.0, 11.4375
1750396270.498961, 0.0, 11.4375
1750396271.503486, 0.0, 11.4375
1750396272.5100951, 0.0, 11.4375
1750396273.511402, 0.0, 11.4375
1750396274.51694, 0.0, 11.4375
1750396275.527219, 0.0, 11.4375
1750396276.536213, 0.0, 11.4375
1750396277.546967, 0.0, 11.4375
1750396278.558196, 0.0, 11.4375
1750396279.5596218, 0.0, 11.4375
1750396280.570741, 0.0, 11.4375
1750396281.5811908, 0.0, 11.4375
1750396282.58669, 0.0, 11.4375
1750396283.596969, 0.0, 11.4375
1750396284.610399, 0.0, 11.4375
1750396285.620672, 0.0, 11.4375
1750396286.630947, 0.0, 11.4375
1750396287.6426508, 0.0, 11.4375
1750396288.652895, 0.0, 11.4375
1750396289.6589088, 0.0, 11.4375
1750396290.669142, 0.0, 11.4375
1750396291.679411, 0.0, 11.4375
1750396292.692277, 0.0, 11.4375
1750396293.693414, 0.0, 11.4375
1750396294.703446, 0.0, 11.4375
1750396295.703792, 0.0, 11.4375
1750396296.714859, 0.0, 11.4375
1750396297.722642, 0.0, 11.4375
1750396298.729213, 0.0, 11.4375
1750396299.733907, 0.0, 11.4375
1750396300.736384, 0.0, 11.4375
1750396301.7391272, 0.0, 11.4375
1750396302.752254, 0.0, 11.4375
1750396303.756154, 0.0, 11.4375
1750396304.758781, 0.0, 11.4375
1750396305.767974, 0.0, 11.4375
1750396306.779962, 0.0, 11.4375
1750396307.7889369, 0.0, 11.4375
1750396308.79505, 0.0, 11.4375
1750396309.8035252, 0.0, 11.4375
1750396310.8126929, 0.0, 11.4375
1750396311.824657, 0.0, 11.4375
1750396312.826148, 0.0, 11.4375
1750396313.839448, 0.0, 11.4375
1750396314.8489149, 0.0, 11.4375
1750396315.8537579, 0.0, 11.4375
1750396316.858046, 0.0, 11.4375
1750396317.864058, 0.0, 11.4375
1750396318.873487, 0.0, 11.4375
1750396319.883179, 0.0, 11.4375
1750396320.8844512, 0.0, 11.4375
1750396321.889376, 0.0, 11.4375
1750396322.899314, 0.0, 11.4375
1750396323.909119, 0.0, 11.4375
1750396324.914946, 0.0, 11.4375
1750396325.916328, 0.0, 11.4375
1750396326.9191291, 0.0, 11.4375
1750396327.930379, 0.0, 11.4375
1750396328.9404821, 0.0, 11.4375
1750396329.9511402, 0.0, 11.4375
1750396330.958059, 0.0, 11.4375
1750396331.968051, 0.0, 11.4375
1750396332.9775932, 0.0, 11.4375
1750396333.983685, 0.0, 11.4375
1750396334.9949062, 0.0, 11.4375
1750396335.998334, 0.0, 11.4375
1750396337.001476, 0.0, 11.4375
1750396338.0028229, 0.0, 11.4375
1750396339.009301, 0.0, 11.4375
1750396340.010082, 0.0, 11.4375
1750396341.020171, 0.0, 11.4375
1750396342.0229928, 0.0, 11.4375
1750396343.033034, 0.0, 11.4375
1750396344.042999, 0.0, 11.4375
1750396345.0529559, 0.0, 11.4375
1750396346.062918, 0.0, 11.4375
1750396347.076273, 0.0, 11.46875
1750396348.0867589, 0.0, 11.46875
1750396349.0975611, 0.0, 11.46875
1750396350.100676, 0.0, 11.46875
1750396351.1105542, 0.0, 11.46875
1750396352.116596, 0.0, 11.46875
1750396353.1288152, 0.0, 11.46875
1750396354.1354141, 0.0, 11.46875
1750396355.135863, 0.0, 11.46875
1750396356.141685, 0.0, 11.46875
1750396357.151865, 0.0, 11.46875
1750396358.159683, 0.0, 11.46875
1750396359.174904, 0.0, 11.46875
1750396360.189214, 0.0, 11.46875
1750396361.201152, 0.0, 11.46875
1750396362.211936, 0.0, 11.46875
1750396363.218092, 0.0, 11.46875
1750396364.228966, 0.0, 11.46875
1750396365.2427158, 0.0, 11.46875
1750396366.252945, 0.0, 11.46875
1750396367.257737, 0.0, 11.46875
1750396368.259729, 0.0, 11.46875
1750396369.26997, 0.0, 11.46875
1750396370.280181, 0.0, 11.46875
1750396371.290393, 0.0, 11.46875
1750396372.294275, 0.0, 11.46875
1750396373.3070421, 0.0, 11.46875
1750396374.3124852, 0.0, 11.46875
1750396375.3235781, 0.0, 11.46875
1750396376.327112, 0.0, 11.46875
1750396377.336496, 0.0, 11.46875
1750396378.350071, 0.0, 11.46875
1750396379.3599281, 0.0, 11.46875
1750396380.367049, 0.0, 11.46875
1750396381.377262, 0.0, 11.46875
1750396382.390338, 0.0, 11.46875
1750396383.4053388, 0.0, 11.46875
1750396384.4148731, 0.0, 11.46875
1750396385.4251142, 0.0, 11.46875
1750396386.427105, 0.0, 11.46875
1750396387.436543, 0.0, 11.46875
1750396388.4421508, 0.0, 11.46875
1750396389.445668, 0.0, 11.46875
1750396390.457563, 0.0, 11.46875
1750396391.466062, 0.0, 11.46875
1750396392.474346, 0.0, 11.46875
1750396393.4853492, 0.0, 11.46875
1750396394.492734, 0.0, 11.46875
1750396395.499329, 0.0, 11.46875
1750396396.50854, 0.0, 11.46875
1750396397.510565, 0.0, 11.46875
1750396398.5259168, 0.0, 11.46875
1750396399.528047, 0.0, 11.46875
1750396400.539123, 0.0, 11.46875
1750396401.549376, 0.0, 11.46875
1750396402.555542, 0.0, 11.46875
1750396403.560757, 0.0, 11.46875
1750396404.568941, 0.0, 11.46875
1750396405.57655, 0.0, 11.46875
1750396406.590383, 0.0, 11.46875
1750396407.6023412, 0.0, 11.46875
1750396408.615903, 0.0, 11.46875
1750396409.622741, 0.0, 11.46875
1750396410.633562, 0.0, 11.46875
1750396411.6480188, 0.0, 11.46875
1750396412.658274, 0.0, 11.46875
1750396413.671138, 0.0, 11.46875
1750396414.6814258, 0.0, 11.46875
1750396415.691691, 0.0, 11.46875
1750396416.704322, 0.0, 11.46875
1750396417.707666, 0.0, 11.46875
1750396418.721003, 0.0, 11.46875
1750396419.7312279, 0.0, 11.46875
1750396420.738793, 0.0, 11.46875
1750396421.753647, 0.0, 11.46875
1750396422.76667, 0.0, 11.46875
1750396423.775187, 0.0, 11.46875
1750396424.7806342, 0.0, 11.46875
1750396425.789741, 0.0, 11.46875
1750396426.795201, 0.0, 11.46875
1750396427.805472, 0.0, 11.46875
1750396428.815732, 0.0, 11.46875
1750396429.826029, 0.0, 11.46875
1750396430.837166, 0.0, 11.46875
1750396431.8417852, 0.0, 11.46875
1750396432.8473449, 0.0, 11.46875
1750396433.857576, 0.0, 11.46875
1750396434.870825, 0.0, 11.46875
1750396435.877183, 0.0, 11.46875
1750396436.887431, 0.0, 11.46875
1750396437.897674, 0.0, 11.46875
1750396438.899034, 0.0, 11.46875
1750396439.905921, 0.0, 11.46875
1750396440.914667, 0.0, 11.46875
1750396441.924914, 0.0, 11.46875
1750396442.937602, 0.0, 11.46875
1750396443.947846, 0.0, 11.46875
1750396444.9580832, 0.0, 11.46875
1750396445.970507, 0.0, 11.46875
1750396446.987478, 0.0, 11.46875
1750396447.993241, 0.0, 11.46875
1750396449.004101, 0.0, 11.46875
1750396450.014336, 0.0, 11.46875
1750396451.02048, 0.0, 11.46875
1750396452.0303218, 0.0, 11.46875
1750396453.0420249, 0.0, 11.46875
1750396454.057608, 0.0, 11.46875
1750396455.0681002, 0.0, 11.46875
1750396456.0783548, 0.0, 11.46875
1750396457.090334, 0.0, 11.46875
1750396458.095383, 0.0, 11.46875
1750396459.10537, 0.0, 11.46875
1750396460.106669, 0.0, 11.46875
1750396461.119927, 0.0, 11.46875
1750396462.126094, 0.0, 11.46875
1750396463.1309109, 0.0, 11.46875
1750396464.141222, 0.0, 11.46875
1750396465.147917, 0.0, 11.46875
1750396466.158141, 0.0, 11.46875
1750396467.168235, 0.0, 11.46875
1750396468.178304, 0.0, 11.46875
1750396469.1883671, 0.0, 11.46875
1750396470.198436, 0.0, 11.46875
1750396471.208609, 0.0, 11.46875
1750396472.223346, 0.0, 11.46875
1750396473.238146, 0.0, 11.46875
1750396474.248391, 0.0, 11.46875
1750396475.254148, 0.0, 11.46875
1750396476.261424, 0.0, 11.46875
1750396477.271671, 0.0, 11.46875
1750396478.278508, 0.0, 11.46875
1750396479.288817, 0.0, 11.46875
1750396480.2930272, 0.0, 11.46875
1750396481.2999349, 0.0, 11.46875
1750396482.303675, 0.0, 11.46875
1750396483.3204029, 0.0, 11.46875
1750396484.326381, 0.0, 11.46875
1750396485.33648, 0.0, 11.46875
1750396486.346432, 0.0, 11.46875
1750396487.356679, 0.0, 11.46875
1750396488.366057, 0.0, 11.46875
1750396489.376288, 0.0, 11.46875
1750396490.382592, 0.0, 11.46875
1750396491.392833, 0.0, 11.46875
1750396492.4025788, 0.0, 11.46875
1750396493.4061089, 0.0, 11.46875
1750396494.40701, 0.0, 11.46875
1750396495.418972, 0.0, 11.46875
1750396496.423587, 0.0, 11.46875
1750396497.435241, 0.0, 11.46875
1750396498.445591, 0.0, 11.46875
1750396499.451827, 0.0, 11.46875
1750396500.454106, 0.0, 11.46875
1750396501.4582112, 0.0, 11.46875
1750396502.469285, 0.0, 11.46875
1750396503.474025, 0.0, 11.46875
1750396504.488296, 0.0, 11.46875
1750396505.496119, 0.0, 11.46875
1750396506.498107, 0.0, 11.46875
1750396507.508335, 0.0, 11.46875
1750396508.522259, 0.0, 11.46875
1750396509.535465, 0.0, 11.46875
1750396510.544225, 0.0, 11.46875
1750396511.550923, 0.0, 11.46875
1750396512.559443, 0.0, 11.46875
1750396513.5735621, 0.0, 11.46875
1750396514.5852349, 0.0, 11.46875
1750396515.595702, 0.0, 11.46875
1750396516.605716, 0.0, 11.46875
1750396517.618468, 0.0, 11.46875
1750396518.623509, 0.0, 11.46875
1750396519.633805, 0.0, 11.46875
1750396520.644039, 0.0, 11.46875
1750396521.652032, 0.0, 11.46875
1750396522.6622899, 0.0, 11.46875
1750396523.669186, 0.0, 11.46875
1750396524.679423, 0.0, 11.46875
1750396525.689697, 0.0, 11.46875
1750396526.6940439, 0.0, 11.46875
1750396527.704192, 0.0, 11.46875
1750396528.719442, 0.0, 11.46875
1750396529.727385, 0.0, 11.46875
1750396530.7331982, 0.0, 11.46875
1750396531.7434418, 0.0, 11.46875
1750396532.750297, 0.0, 11.46875
1750396533.760555, 0.0, 11.46875
1750396534.775209, 0.0, 11.46875
1750396535.785447, 0.0, 11.46875
1750396536.798367, 0.0, 11.46875
1750396537.8171961, 0.0, 11.46875
1750396538.827444, 0.0, 11.46875
1750396539.8311071, 0.0, 11.46875
1750396540.843225, 0.0, 11.46875
1750396541.854866, 0.0, 11.46875
1750396542.866902, 0.0, 11.46875
1750396543.870801, 0.0, 11.46875
1750396544.880863, 0.0, 11.46875
1750396545.8911822, 0.0, 11.46875
1750396546.8983638, 0.0, 11.46875
1750396547.908698, 0.0, 11.46875
1750396548.9199722, 0.0, 11.46875
1750396549.9324539, 0.0, 11.46875
1750396550.934528, 0.0, 11.46875
1750396551.935959, 0.0, 11.46875
1750396552.948961, 0.0, 11.46875
1750396553.9592278, 0.0, 11.46875
1750396554.9698932, 0.0, 11.46875
1750396555.9824781, 0.0, 11.46875
1750396556.992735, 0.0, 11.46875
1750396557.998399, 0.0, 11.46875
1750396559.009152, 0.0, 11.46875
1750396560.019476, 0.0, 11.46875
1750396561.0236218, 0.0, 11.46875
1750396562.027189, 0.0, 11.46875
1750396563.0374458, 0.0, 11.46875
1750396564.050289, 0.0, 11.46875
1750396565.0612988, 0.0, 11.46875
1750396566.0715652, 0.0, 11.46875
1750396567.087862, 0.0, 11.46875
1750396568.103168, 0.0, 11.46875
1750396569.114353, 0.0, 11.46875
1750396570.12368, 0.0, 11.46875
1750396571.133132, 0.0, 11.46875
1750396572.1433861, 0.0, 11.46875
1750396573.148875, 0.0, 11.46875
1750396574.1502159, 0.0, 11.46875
1750396575.153582, 0.0, 11.46875
1750396576.154604, 0.0, 11.46875
1750396577.165591, 0.0, 11.46875
1750396578.175989, 0.0, 11.46875
1750396579.184855, 0.0, 11.46875
1750396580.1878169, 0.0, 11.46875
1750396581.198026, 0.0, 11.46875
1750396582.20859, 0.0, 11.46875
1750396583.215647, 0.0, 11.46875
1750396584.225905, 0.0, 11.46875
1750396585.2355158, 0.0, 11.46875
1750396586.236015, 0.0, 11.46875
1750396587.246135, 0.0, 11.46875
1750396588.256264, 0.0, 11.46875
1750396589.266347, 0.0, 11.46875
1750396590.284927, 0.0, 11.46875
1750396591.295257, 0.0, 11.46875
1750396592.304404, 0.0, 11.46875
1750396593.309598, 0.0, 11.46875
1750396594.319176, 0.0, 11.46875
1750396595.332381, 0.0, 11.46875
1750396596.337569, 0.0, 11.46875
1750396597.341723, 0.0, 11.46875
1750396598.3474329, 0.0, 11.46875
1750396599.361692, 0.0, 11.46875
1750396600.3709629, 0.0, 11.46875
1750396601.3928041, 0.0, 11.46875
1750396602.3999538, 0.0, 11.46875
1750396603.410236, 0.0, 11.46875
1750396604.420486, 0.0, 11.46875
1750396605.4321222, 0.0, 11.46875
1750396606.4423418, 0.0, 11.46875
1750396607.449323, 0.0, 11.46875
1750396608.4627829, 0.0, 11.46875
1750396609.474238, 0.0, 11.46875
1750396610.481324, 0.0, 11.46875
1750396611.497899, 0.0, 11.46875
1750396612.5081348, 0.0, 11.46875
1750396613.5183702, 0.0, 11.46875
1750396614.532671, 0.0, 11.46875
1750396615.543016, 0.0, 11.46875
1750396616.551679, 0.0, 11.46875
1750396617.56094, 0.0, 11.46875
1750396618.5691142, 0.0, 11.46875
1750396619.57207, 0.0, 11.46875
1750396620.582308, 0.0, 11.46875
1750396621.592556, 0.0, 11.46875
1750396622.602804, 0.0, 11.46875
1750396623.61151, 0.0, 11.46875
1750396624.6217978, 0.0, 11.46875
1750396625.6320589, 0.0, 11.46875
1750396626.634986, 0.0, 11.46875
1750396627.646945, 0.0, 11.46875
1750396628.657218, 0.0, 11.46875
1750396629.667468, 0.0, 11.46875
1750396630.6818361, 0.0, 11.46875
1750396631.6926908, 0.0, 11.46875
1750396632.703618, 0.0, 11.46875
1750396633.712212, 0.0, 11.46875
1750396634.7231889, 0.0, 11.46875
1750396635.733419, 0.0, 11.46875
1750396636.743783, 0.0, 11.46875
1750396637.754039, 0.0, 11.46875
1750396638.764311, 0.0, 11.46875
1750396639.7745762, 0.0, 11.46875
1750396640.780278, 0.0, 11.46875
1750396641.790517, 0.0, 11.46875
1750396642.800891, 0.0, 11.46875
1750396643.8086998, 0.0, 11.46875
1750396644.817585, 0.0, 11.46875
1750396645.820617, 0.0, 11.46875
1750396646.832841, 0.0, 11.46875
1750396647.8647292, 0.0, 11.46875
1750396648.8749912, 0.0, 11.46875
1750396649.8849201, 0.0, 11.46875
1750396650.889778, 0.0, 11.46875
1750396651.8975842, 0.0, 11.46875
1750396652.9026072, 0.0, 11.46875
1750396653.913026, 0.0, 11.46875
1750396654.920779, 0.0, 11.46875
1750396655.9313521, 0.0, 11.46875
1750396656.941636, 0.0, 11.46875
1750396657.9524841, 0.0, 11.46875
1750396658.962741, 0.0, 11.46875
1750396659.97238, 0.0, 11.46875
1750396660.982634, 0.0, 11.46875
1750396661.992455, 0.0, 11.46875
1750396662.995214, 0.0, 11.46875
1750396664.006976, 0.0, 11.46875
1750396665.017249, 0.0, 11.46875
1750396666.030926, 0.0, 11.46875
1750396667.038377, 0.0, 11.46875
1750396668.044087, 0.0, 11.46875
1750396669.054386, 0.0, 11.46875
1750396670.0621781, 0.0, 11.46875
1750396671.0724769, 0.0, 11.46875
1750396672.080823, 0.0, 11.46875
1750396673.091063, 0.0, 11.46875
1750396674.1050282, 0.0, 11.46875
1750396675.115299, 0.0, 11.46875
1750396676.119008, 0.0, 11.46875
1750396677.128769, 0.0, 11.46875
1750396678.134071, 0.0, 11.46875
1750396679.144326, 0.0, 11.46875
1750396680.1562262, 0.0, 11.46875
1750396681.166482, 0.0, 11.46875
1750396682.180288, 0.0, 11.46875
1750396683.185944, 0.0, 11.46875
1750396684.1968262, 0.0, 11.46875
1750396685.207075, 0.0, 11.46875
1750396686.216208, 0.0, 11.46875
1750396687.225734, 0.0, 11.46875
1750396688.235322, 0.0, 11.46875
1750396689.245697, 0.0, 11.46875
1750396690.2559419, 0.0, 11.46875
1750396691.2581482, 0.0, 11.46875
1750396692.266764, 0.0, 11.46875
1750396693.2727559, 0.0, 11.46875
1750396694.278403, 0.0, 11.46875
1750396695.288658, 0.0, 11.46875
1750396696.2988858, 0.0, 11.46875
1750396697.309122, 0.0, 11.46875
1750396698.30998, 0.0, 11.46875
1750396699.314721, 0.0, 11.46875
1750396700.325063, 0.0, 11.46875
1750396701.335274, 0.0, 11.46875
1750396702.341398, 0.0, 11.46875
1750396703.350204, 0.0, 11.46875
1750396704.359491, 0.0, 11.46875
1750396705.36958, 0.0, 11.46875
1750396706.379652, 0.0, 11.46875
1750396707.3898082, 0.0, 11.46875
1750396708.400328, 0.0, 11.46875
1750396709.4117508, 0.0, 11.46875
1750396710.414758, 0.0, 11.46875
1750396711.421898, 0.0, 11.46875
1750396712.427831, 0.0, 11.46875
1750396713.438273, 0.0, 11.46875
1750396714.4414191, 0.0, 11.46875
1750396715.4455, 0.0, 11.46875
1750396716.448978, 0.0, 11.46875
1750396717.452369, 0.0, 11.46875
1750396718.4625332, 0.0, 11.46875
1750396719.473165, 0.0, 11.46875
1750396720.4834309, 0.0, 11.46875
1750396721.498034, 0.0, 11.46875
1750396722.512727, 0.0, 11.46875
1750396723.522999, 0.0, 11.46875
1750396724.5309079, 0.0, 11.46875
1750396725.537909, 0.0, 11.46875
1750396726.539424, 0.0, 11.46875
1750396727.544898, 0.0, 11.46875
1750396728.555146, 0.0, 11.46875
1750396729.565404, 0.0, 11.46875
1750396730.575538, 0.0, 11.46875
1750396731.585783, 0.0, 11.46875
1750396732.596265, 0.0, 11.46875
1750396733.603484, 0.0, 11.46875
1750396734.6058502, 0.0, 11.46875
1750396735.6095848, 0.0, 11.46875
1750396736.61628, 0.0, 11.46875
1750396737.623286, 0.0, 11.46875
1750396738.628006, 0.0, 11.46875
1750396739.633373, 0.0, 11.46875
1750396740.639765, 0.0, 11.46875
1750396741.645622, 0.0, 11.46875
1750396742.653169, 0.0, 11.46875
1750396743.6584792, 0.0, 11.46875
1750396744.669137, 0.0, 11.46875
1750396745.6793852, 0.0, 11.46875
1750396746.689636, 0.0, 11.46875
1750396747.699866, 0.0, 11.46875
1750396748.710082, 0.0, 11.46875
1750396749.720306, 0.0, 11.46875
1750396750.736139, 0.0, 11.46875
1750396751.7449799, 0.0, 11.46875
1750396752.7485812, 0.0, 11.46875
1750396753.759989, 0.0, 11.46875
1750396754.763744, 0.0, 11.46875
1750396755.769685, 0.0, 11.46875
1750396756.7709749, 0.0, 11.46875
1750396757.776671, 0.0, 11.46875
1750396758.786332, 0.0, 11.46875
1750396759.793522, 0.0, 11.46875
1750396760.8050828, 0.0, 11.46875
1750396761.80967, 0.0, 11.46875
1750396762.815844, 0.0, 11.46875
1750396763.819259, 0.0, 11.46875
1750396764.833494, 0.0, 11.46875
1750396765.843777, 0.0, 11.46875
1750396766.8540459, 0.0, 11.46875
1750396767.863054, 0.0, 11.46875
1750396768.871187, 0.0, 11.46875
1750396769.8745542, 0.0, 11.46875
1750396770.8820128, 0.0, 11.46875
1750396771.892312, 0.0, 11.46875
1750396772.896817, 0.0, 11.46875
1750396773.90853, 0.0, 11.46875
1750396774.9174662, 0.0, 11.46875
1750396775.917844, 0.0, 11.46875
1750396776.926836, 0.0, 11.46875
1750396777.937075, 0.0, 11.46875
1750396778.940438, 0.0, 11.46875
1750396779.9506829, 0.0, 11.46875
1750396780.958239, 0.0, 11.46875
1750396781.968483, 0.0, 11.46875
1750396782.9749272, 0.0, 11.46875
1750396783.985162, 0.0, 11.46875
1750396784.990939, 0.0, 11.46875
1750396786.001177, 0.0, 11.46875
1750396787.009714, 0.0, 11.46875
1750396788.0201201, 0.0, 11.46875
1750396789.027854, 0.0, 11.46875
1750396790.034229, 0.0, 11.46875
1750396791.046945, 0.0, 11.46875
1750396792.058413, 0.0, 11.46875
1750396793.061342, 0.0, 11.46875
1750396794.074328, 0.0, 11.46875
1750396795.078302, 0.0, 11.46875
1750396796.0870678, 0.0, 11.46875
1750396797.090116, 0.0, 11.46875
1750396798.1003861, 0.0, 11.46875
1750396799.108513, 0.0, 11.46875
1750396800.119804, 0.0, 11.46875
1750396801.130153, 0.0, 11.46875
1750396802.1307352, 0.0, 11.46875
1750396803.145157, 0.0, 11.46875
1750396804.157464, 0.0, 11.46875
1750396805.166744, 0.0, 11.46875
1750396806.176983, 0.0, 11.46875
1750396807.18721, 0.0, 11.46875
1750396808.1920588, 0.0, 11.46875
1750396809.202283, 0.0, 11.46875
1750396810.2093592, 0.0, 11.46875
1750396811.21497, 0.0, 11.46875
1750396812.2253351, 0.0, 11.46875
1750396813.231873, 0.0, 11.46875
1750396814.241174, 0.0, 11.46875
1750396815.2432058, 0.0, 11.46875
1750396816.25346, 0.0, 11.46875
1750396817.263834, 0.0, 11.453125
1750396818.274107, 0.0, 11.453125
1750396819.275713, 0.0, 11.453125
1750396820.2859352, 0.0, 11.453125
1750396821.288349, 0.0, 11.453125
1750396822.296407, 0.0, 11.453125
1750396823.306507, 0.0, 11.453125
1750396824.316575, 0.0, 11.453125
1750396825.326627, 0.0, 11.453125
1750396826.3367748, 0.0, 11.484375
1750396827.347014, 0.0, 11.484375
1750396828.3609548, 0.0, 11.484375
1750396829.374125, 0.0, 11.484375
1750396830.377677, 0.0, 11.484375
1750396831.390538, 0.0, 11.484375
1750396832.398645, 0.0, 11.484375
1750396833.408042, 0.0, 11.484375
1750396834.412313, 0.0, 11.484375
1750396835.4160798, 0.0, 11.484375
1750396836.423156, 0.0, 11.484375
1750396837.433412, 0.0, 11.484375
1750396838.4401228, 0.0, 11.484375
1750396839.443585, 0.0, 11.484375
1750396840.449161, 0.0, 11.484375
1750396841.459401, 0.0, 11.484375
1750396842.473184, 0.0, 11.484375
1750396843.4834502, 0.0, 11.484375
1750396844.490159, 0.0, 11.484375
1750396845.493821, 0.0, 11.484375
1750396846.511007, 0.0, 11.484375
1750396847.528801, 0.0, 11.484375
1750396848.5396538, 0.0, 11.484375
1750396849.54989, 0.0, 11.484375
1750396850.560131, 0.0, 11.484375
1750396851.566164, 0.0, 11.484375
1750396852.577399, 0.0, 11.484375
1750396853.588427, 0.0, 11.484375
1750396854.5986729, 0.0, 11.484375
1750396855.607489, 0.0, 11.484375
1750396856.609437, 0.0, 11.484375
1750396857.621452, 0.0, 11.484375
1750396858.631687, 0.0, 11.484375
1750396859.6409779, 0.0, 11.484375
1750396860.6454778, 0.0, 11.484375
1750396861.656831, 0.0, 11.484375
1750396862.666194, 0.0, 11.484375
1750396863.674377, 0.0, 11.484375
1750396864.684614, 0.0, 11.484375
1750396865.694655, 0.0, 11.484375
1750396866.6951702, 0.0, 11.484375
1750396867.704012, 0.0, 11.484375
1750396868.714271, 0.0, 11.484375
1750396869.7230568, 0.0, 11.484375
1750396870.732356, 0.0, 11.484375
1750396871.734522, 0.0, 11.484375
1750396872.7447748, 0.0, 11.484375
1750396873.755292, 0.0, 11.484375
1750396874.7672791, 0.0, 11.484375
1750396875.7795, 0.0, 11.484375
1750396876.7886379, 0.0, 11.484375
1750396877.798882, 0.0, 11.484375
1750396878.809775, 0.0, 11.484375
1750396879.816392, 0.0, 11.484375
1750396880.826081, 0.0, 11.484375
1750396881.8416672, 0.0, 11.484375
1750396882.855691, 0.0, 11.484375
1750396883.8710349, 0.0, 11.484375
1750396884.8813848, 0.0, 11.484375
1750396885.891621, 0.0, 11.484375
1750396886.893872, 0.0, 11.484375
1750396887.908463, 0.0, 11.484375
1750396888.921163, 0.0, 11.484375
1750396889.926302, 0.0, 11.484375
1750396890.940605, 0.0, 11.484375
1750396891.95425, 0.0, 11.484375
1750396892.9558778, 0.0, 11.484375
1750396893.9661329, 0.0, 11.484375
1750396894.9763808, 0.0, 11.484375
1750396895.9832478, 0.0, 11.484375
1750396896.994858, 0.0, 11.484375
1750396898.003561, 0.0, 11.484375
1750396899.006824, 0.0, 11.484375
1750396900.0170612, 0.0, 11.484375
1750396901.023298, 0.0, 11.484375
1750396902.0324109, 0.0, 11.484375
1750396903.0426428, 0.0, 11.484375
1750396904.049957, 0.0, 11.484375
1750396905.057121, 0.0, 11.484375
1750396906.0668092, 0.0, 11.484375
1750396907.07427, 0.0, 11.484375
1750396908.0878122, 0.0, 11.484375
1750396909.096977, 0.0, 11.484375
1750396910.1049118, 0.0, 11.484375
1750396911.112947, 0.0, 11.484375
1750396912.119776, 0.0, 11.484375
1750396913.130031, 0.0, 11.484375
1750396914.1403258, 0.0, 11.484375
1750396915.141778, 0.0, 11.484375
1750396916.1525602, 0.0, 11.484375
1750396917.1591308, 0.0, 11.484375
1750396918.1747892, 0.0, 11.484375
1750396919.1858728, 0.0, 11.484375
1750396920.196094, 0.0, 11.484375
1750396921.211464, 0.0, 11.484375
1750396922.225939, 0.0, 11.484375
1750396923.245038, 0.0, 11.484375
1750396924.265155, 0.0, 11.484375
1750396925.277907, 0.0, 11.484375
1750396926.280434, 0.0, 11.484375
1750396927.2885718, 0.0, 11.484375
1750396928.304203, 0.0, 11.484375
1750396929.327405, 0.0, 11.484375
1750396930.341214, 0.0, 11.484375
1750396931.358645, 0.0, 11.484375
1750396932.3731961, 0.0, 11.484375
1750396933.38666, 0.0, 11.484375
1750396934.398412, 0.0, 11.484375
1750396935.4086442, 0.0, 11.484375
1750396936.422384, 0.0, 11.484375
1750396937.432617, 0.0, 11.484375
1750396938.442851, 0.0, 11.484375
1750396939.45213, 0.0, 11.484375
1750396940.4624279, 0.0, 11.484375
1750396941.469273, 0.0, 11.484375
1750396942.470697, 0.0, 11.484375
1750396943.480928, 0.0, 11.484375
1750396944.491251, 0.0, 11.484375
1750396945.497452, 0.0, 11.484375
1750396946.5075321, 0.0, 11.484375
1750396947.517596, 0.0, 11.484375
1750396948.5276532, 0.0, 11.484375
1750396949.537795, 0.0, 11.484375
1750396950.5548859, 0.0, 11.484375
1750396951.559495, 0.0, 11.484375
1750396952.563482, 0.0, 11.484375
1750396953.5688682, 0.0, 11.484375
1750396954.570425, 0.0, 11.484375
1750396955.582577, 0.0, 11.484375
1750396956.592426, 0.0, 11.484375
1750396957.596493, 0.0, 11.484375
1750396958.602973, 0.0, 11.484375
1750396959.618438, 0.0, 11.484375
1750396960.6287858, 0.0, 11.484375
1750396961.6400561, 0.0, 11.484375
1750396962.651754, 0.0, 11.484375
1750396963.657721, 0.0, 11.484375
1750396964.67075, 0.0, 11.484375
1750396965.691133, 0.0, 11.484375
1750396966.702923, 0.0, 11.484375
1750396967.704723, 0.0, 11.484375
1750396968.713587, 0.0, 11.484375
1750396969.723103, 0.0, 11.484375
1750396970.733035, 0.0, 11.484375
1750396971.742959, 0.0, 11.484375
1750396972.745962, 0.0, 11.484375
1750396973.7562182, 0.0, 11.484375
1750396974.770408, 0.0, 11.484375
1750396975.7806652, 0.0, 11.484375
1750396976.7887318, 0.0, 11.484375
1750396977.801437, 0.0, 11.484375
1750396978.811711, 0.0, 11.484375
1750396979.826377, 0.0, 11.484375
1750396980.828213, 0.0, 11.484375
1750396981.829667, 0.0, 11.484375
1750396982.8302872, 0.0, 11.484375
1750396983.840634, 0.0, 11.484375
1750396984.846344, 0.0, 11.484375
1750396985.856648, 0.0, 11.484375
1750396986.871519, 0.0, 11.484375
1750396987.878411, 0.0, 11.484375
1750396988.888669, 0.0, 11.484375
1750396989.9018712, 0.0, 11.484375
1750396990.911194, 0.0, 11.484375
1750396991.9214442, 0.0, 11.484375
1750396992.9351249, 0.0, 11.484375
1750396993.945355, 0.0, 11.484375
1750396994.9550028, 0.0, 11.484375
1750396995.967564, 0.0, 11.484375
1750396996.973414, 0.0, 11.484375
1750396997.979234, 0.0, 11.484375
1750396998.9894688, 0.0, 11.484375
1750397000.000906, 0.0, 11.484375
1750397001.001739, 0.0, 11.484375
1750397002.011979, 0.0, 11.484375
1750397003.022232, 0.0, 11.484375
1750397004.034185, 0.0, 11.484375
1750397005.046171, 0.0, 11.484375
1750397006.048379, 0.0, 11.484375
1750397007.053909, 0.0, 11.484375
1750397008.0570471, 0.0, 11.484375
1750397009.067866, 0.0, 11.484375
1750397010.078093, 0.0, 11.484375
1750397011.08833, 0.0, 11.484375
1750397012.099638, 0.0, 11.484375
1750397013.1099572, 0.0, 11.484375
1750397014.1112251, 0.0, 11.484375
1750397015.121471, 0.0, 11.484375
1750397016.1329842, 0.0, 11.484375
1750397017.137153, 0.0, 11.484375
1750397018.140077, 0.0, 11.484375
1750397019.1463108, 0.0, 11.484375
1750397020.152852, 0.0, 11.484375
1750397021.166334, 0.0, 11.484375
1750397022.17621, 0.0, 11.484375
1750397023.186135, 0.0, 11.484375
1750397024.200604, 0.0, 11.484375
1750397025.210845, 0.0, 11.484375
1750397026.217816, 0.0, 11.484375
1750397027.2328398, 0.0, 11.484375
1750397028.236955, 0.0, 11.484375
1750397029.24882, 0.0, 11.484375
1750397030.2587678, 0.0, 11.484375
1750397031.268851, 0.0, 11.484375
1750397032.286037, 0.0, 11.484375
1750397033.299754, 0.0, 11.484375
1750397034.310003, 0.0, 11.484375
1750397035.316292, 0.0, 11.484375
1750397036.3311949, 0.0, 11.484375
1750397037.3414772, 0.0, 11.484375
1750397038.351743, 0.0, 11.484375
1750397039.367863, 0.0, 11.484375
1750397040.378114, 0.0, 11.484375
1750397041.386295, 0.0, 11.484375
1750397042.399426, 0.0, 11.484375
1750397043.40203, 0.0, 11.484375
1750397044.40703, 0.0, 11.484375
1750397045.41728, 0.0, 11.484375
1750397046.42006, 0.0, 11.484375
1750397047.429578, 0.0, 11.484375
1750397048.4400902, 0.0, 11.484375
1750397049.449368, 0.0, 11.484375
1750397050.4600651, 0.0, 11.484375
1750397051.469803, 0.0, 11.484375
1750397052.4793012, 0.0, 11.484375
1750397053.4892328, 0.0, 11.484375
1750397054.499597, 0.0, 11.484375
1750397055.5091908, 0.0, 11.484375
1750397056.512107, 0.0, 11.484375
1750397057.519474, 0.0, 11.484375
1750397058.528988, 0.0, 11.484375
1750397059.531044, 0.0, 11.484375
1750397060.541402, 0.0, 11.484375
1750397061.5516129, 0.0, 11.484375
1750397062.553084, 0.0, 11.484375
1750397063.5633001, 0.0, 11.484375
1750397064.573496, 0.0, 11.484375
1750397065.583704, 0.0, 11.484375
1750397066.590731, 0.0, 11.484375
1750397067.590981, 0.0, 11.484375
1750397068.60115, 0.0, 11.484375
1750397069.611607, 0.0, 7.046875
1750397070.620831, 0.0, 7.046875
1750397071.6236072, 0.0, 7.046875
1750397072.627939, 0.0, 7.046875
1750397073.6322198, 0.0, 7.046875
1750397074.636256, 0.0, 7.046875
1750397075.641429, 0.0, 7.046875
1750397076.642776, 0.0, 7.046875
1750397077.653431, 0.0, 7.046875
1750397078.6659572, 0.0, 7.046875
1750397079.674988, 0.0, 7.046875
1750397080.685218, 0.0, 7.046875
1750397081.6982532, 0.0, 7.046875
1750397082.7097301, 0.0, 7.046875
1750397083.7179468, 0.0, 7.046875
1750397084.7289999, 0.0, 7.046875
1750397085.739116, 0.0, 7.046875
1750397086.749368, 0.0, 7.046875
1750397087.758469, 0.0, 7.046875
1750397088.764308, 0.0, 7.046875
1750397089.769484, 0.0, 7.046875
1750397090.7810931, 0.0, 7.046875
1750397091.787381, 0.0, 7.046875
1750397092.794249, 0.0, 7.046875
1750397093.798063, 0.0, 7.046875
1750397094.808655, 0.0, 7.046875
1750397095.8222249, 0.0, 7.046875
1750397096.824439, 0.0, 7.046875
1750397097.835423, 0.0, 7.046875
1750397098.840816, 0.0, 7.046875
1750397099.852061, 0.0, 7.046875
1750397100.863529, 0.0, 7.046875
1750397101.87378, 0.0, 7.046875
1750397102.884008, 0.0, 7.046875
1750397103.8893042, 0.0, 7.046875
1750397104.899225, 0.0, 7.046875
1750397105.9094532, 0.0, 7.046875
1750397106.922362, 0.0, 7.046875
1750397107.931395, 0.0, 7.046875
1750397108.9420931, 0.0, 7.046875
1750397109.952632, 0.0, 7.046875
1750397110.9662652, 0.0, 7.046875
1750397111.98123, 0.0, 7.046875
1750397112.991503, 0.0, 7.046875
1750397114.001785, 0.0, 7.046875
1750397115.013471, 0.0, 7.046875
1750397116.02635, 0.0, 7.046875
1750397117.03143, 0.0, 7.046875
1750397118.0428128, 0.0, 7.046875
1750397119.0516732, 0.0, 7.046875
1750397120.063978, 0.0, 7.046875
1750397121.074236, 0.0, 7.046875
1750397122.074846, 0.0, 7.046875
1750397123.079943, 0.0, 7.046875
1750397124.0871942, 0.0, 7.046875
1750397125.095228, 0.0, 7.046875
1750397126.105539, 0.0, 7.046875
1750397127.10626, 0.0, 7.046875
1750397128.114461, 0.0, 7.046875
1750397129.119879, 0.0, 7.046875
1750397130.130141, 0.0, 7.046875
1750397131.146114, 0.0, 7.046875
1750397132.162386, 0.0, 7.046875
1750397133.172296, 0.0, 7.046875
1750397134.182536, 0.0, 7.046875
1750397135.190614, 0.0, 7.046875
1750397136.201101, 0.0, 7.046875
1750397137.206149, 0.0, 7.046875
1750397138.217416, 0.0, 7.046875
1750397139.228906, 0.0, 7.046875
1750397140.239681, 0.0, 7.046875
1750397141.250027, 0.0, 7.046875
1750397142.258506, 0.0, 7.046875
1750397143.262614, 0.0, 7.046875
1750397144.274899, 0.0, 7.046875
1750397145.285641, 0.0, 7.046875
1750397146.3035479, 0.0, 7.046875
1750397147.313961, 0.0, 7.046875
1750397148.317096, 0.0, 7.046875
1750397149.3281322, 0.0, 7.046875
1750397150.338527, 0.0, 7.046875
1750397151.348913, 0.0, 7.046875
1750397152.353546, 0.0, 7.046875
1750397153.35934, 0.0, 7.046875
1750397154.363631, 0.0, 7.046875
1750397155.3723981, 0.0, 7.046875
1750397156.3820999, 0.0, 7.046875
1750397157.391876, 0.0, 7.046875
1750397158.3974311, 0.0, 7.046875
1750397159.40768, 0.0, 7.046875
1750397160.4183471, 0.0, 7.046875
1750397161.423727, 0.0, 7.046875
1750397162.430634, 0.0, 7.046875
1750397163.434792, 0.0, 7.046875
1750397164.4454348, 0.0, 7.046875
1750397165.461975, 0.0, 7.046875
1750397166.472469, 0.0, 7.046875
1750397167.4829519, 0.0, 7.046875
1750397168.4919, 0.0, 7.046875
1750397169.4994729, 0.0, 7.046875
1750397170.5119748, 0.0, 7.046875
1750397171.5275252, 0.0, 7.046875
1750397172.538972, 0.0, 7.046875
1750397173.5484328, 0.0, 7.046875
1750397174.553091, 0.0, 7.046875
1750397175.563303, 0.0, 7.046875
1750397176.57375, 0.0, 7.046875
1750397177.583977, 0.0, 7.046875
1750397178.59202, 0.0, 7.046875
1750397179.597291, 0.0, 7.046875
1750397180.607618, 0.0, 7.046875
1750397181.612179, 0.0, 7.046875
1750397182.62241, 0.0, 7.046875
1750397183.622758, 0.0, 7.046875
1750397184.633127, 0.0, 7.046875
1750397185.6407812, 0.0, 7.046875
1750397186.6493042, 0.0, 7.046875
1750397187.650752, 0.0, 7.046875
1750397188.660922, 0.0, 7.046875
1750397189.671017, 0.0, 7.046875
1750397190.681212, 0.0, 7.046875
1750397191.692459, 0.0, 7.046875
1750397192.702676, 0.0, 7.046875
1750397193.714366, 0.0, 7.046875
1750397194.726923, 0.0, 7.046875
1750397195.731643, 0.0, 7.046875
1750397196.735192, 0.0, 7.046875
1750397197.7454631, 0.0, 7.046875
1750397198.755748, 0.0, 7.046875
1750397199.761718, 0.0, 7.046875
1750397200.771361, 0.0, 7.046875
1750397201.7773938, 0.0, 7.046875
1750397202.7876449, 0.0, 7.046875
1750397203.789391, 0.0, 7.046875
1750397204.804806, 0.2, 11.625
1750397205.806017, 0.0, 11.625
1750397206.811339, 0.0, 11.625
1750397207.820443, 0.0, 11.625
1750397208.830733, 0.0, 11.625
1750397209.842687, 0.0, 11.625
1750397210.850178, 0.0, 11.625
1750397211.857889, 0.0, 11.625
1750397212.872513, 0.0, 11.625
1750397213.876266, 0.0, 11.625
1750397214.88446, 0.0, 11.625
1750397215.8965518, 0.0, 11.625
1750397216.903291, 0.0, 11.625
1750397217.911785, 0.0, 11.625
1750397218.918601, 0.0, 11.625
1750397219.928045, 0.0, 11.625
1750397220.938932, 0.0, 11.625
1750397221.943412, 0.0, 11.625
1750397222.951958, 0.0, 11.625
1750397223.9546711, 0.0, 11.625
1750397224.966861, 0.0, 11.625
1750397225.97607, 0.0, 11.625
1750397226.985496, 0.0, 11.625
1750397227.995121, 0.0, 11.625
1750397229.0044968, 0.0, 11.625
1750397230.013912, 0.0, 11.625
1750397231.029706, 0.0, 11.625
1750397232.034635, 0.0, 11.625
1750397233.037941, 0.0, 11.625
1750397234.045845, 0.0, 11.625
1750397235.060371, 0.0, 11.625
1750397236.072633, 0.0, 11.625
1750397237.0755289, 0.0, 11.625
1750397238.088372, 0.0, 11.625
1750397239.091365, 0.0, 11.625
1750397240.09985, 0.0, 11.625
1750397241.1064188, 0.0, 11.625
1750397242.1196768, 0.0, 11.625
1750397243.1224031, 0.0, 11.625
1750397244.1280608, 0.0, 11.625
1750397245.138039, 0.0, 11.625
1750397246.140051, 0.0, 11.625
1750397247.1405609, 0.0, 11.625
1750397248.15381, 0.0, 11.625
1750397249.164456, 0.0, 11.625
1750397250.175804, 0.0, 11.625
1750397251.179925, 0.0, 11.625
1750397252.187165, 0.0, 11.625
1750397253.2008262, 0.0, 11.625
1750397254.20173, 0.0, 11.625
1750397255.2136111, 0.0, 11.625
1750397256.223326, 0.0, 11.625
1750397257.2343822, 0.0, 11.625
1750397258.248644, 0.0, 11.625
1750397259.253806, 0.0, 11.625
1750397260.260712, 0.0, 11.625
1750397261.275845, 0.0, 11.625
1750397262.28635, 0.0, 11.625
1750397263.297228, 0.0, 11.625
1750397264.3063638, 0.0, 11.625
1750397265.317751, 0.0, 11.625
1750397266.3304262, 0.0, 11.625
1750397267.340627, 0.0, 11.625
1750397268.3508291, 0.0, 11.625
1750397269.355941, 0.0, 11.625
1750397270.366136, 0.0, 11.625
1750397271.3763452, 0.0, 11.625
1750397272.384774, 0.0, 11.625
1750397273.3855748, 0.0, 11.625
1750397274.396798, 0.0, 11.625
1750397275.402368, 0.0, 11.625
1750397276.4139478, 0.0, 11.625
1750397277.419921, 0.0, 11.625
1750397278.425691, 0.0, 11.625
1750397279.4358962, 0.0, 11.625
1750397280.4504561, 0.0, 11.625
1750397281.46075, 0.0, 11.625
1750397282.463827, 0.0, 11.625
1750397283.474099, 0.0, 11.625
1750397284.476035, 0.0, 11.625
1750397285.47883, 0.0, 11.625
1750397286.488151, 0.0, 11.625
1750397287.494717, 0.0, 11.625
1750397288.5027132, 0.0, 11.625
1750397289.513078, 0.0, 11.625
1750397290.521557, 0.0, 11.625
1750397291.5317602, 0.0, 11.625
1750397292.54117, 0.0, 11.625
1750397293.545469, 0.0, 11.625
1750397294.5487869, 0.0, 11.625
1750397295.5590131, 0.0, 11.625
1750397296.5692449, 0.0, 11.625
1750397297.571415, 0.0, 11.625
1750397298.58176, 0.0, 11.625
1750397299.591984, 0.0, 11.625
1750397300.602188, 0.0, 11.625
1750397301.612382, 0.0, 11.625
1750397302.622588, 0.0, 11.625
1750397303.630411, 0.0, 11.625
1750397304.640248, 0.0, 11.625
1750397305.650804, 0.0, 11.625
1750397306.6609652, 0.0, 11.625
1750397307.671042, 0.0, 11.625
1750397308.681094, 0.0, 11.625
1750397309.6912389, 0.0, 11.625
1750397310.697597, 0.0, 11.625
1750397311.7078369, 0.0, 11.625
1750397312.7140749, 0.0, 11.625
1750397313.714805, 0.0, 11.625
1750397314.7195368, 0.0, 11.625
1750397315.7297752, 0.0, 11.625
1750397316.74001, 0.0, 11.625
1750397317.750283, 0.0, 11.625
1750397318.7619321, 0.0, 11.625
1750397319.772335, 0.0, 11.625
1750397320.7820868, 0.0, 11.625
1750397321.785336, 0.0, 11.625
1750397322.794614, 0.0, 11.625
1750397323.8113248, 0.0, 11.625
1750397324.813028, 0.0, 11.625
1750397325.823266, 0.0, 11.625
1750397326.834442, 0.0, 11.625
1750397327.8448489, 0.0, 11.625
1750397328.848162, 0.0, 11.625
1750397329.860474, 0.0, 11.625
1750397330.864409, 0.0, 11.625
1750397331.8772721, 0.0, 11.625
1750397332.883423, 0.0, 11.625
1750397333.89803, 0.0, 11.625
1750397334.9134688, 0.0, 11.625
1750397335.921005, 0.0, 11.625
1750397336.931309, 0.0, 11.625
1750397337.9484842, 0.0, 11.625
1750397338.9534578, 0.0, 11.625
1750397339.963706, 0.0, 11.625
1750397340.97409, 0.0, 11.625
1750397341.985018, 0.0, 11.625
1750397342.991124, 0.0, 11.625
1750397343.996796, 0.0, 11.625
1750397345.0093088, 0.0, 11.625
1750397346.0146859, 0.0, 11.625
1750397347.025995, 0.0, 11.625
1750397348.0387268, 0.0, 11.625
1750397349.0472078, 0.0, 11.625
1750397350.0600178, 0.0, 11.625
1750397351.064778, 0.0, 11.625
1750397352.073283, 0.0, 11.625
1750397353.0835211, 0.0, 11.625
1750397354.093794, 0.0, 11.625
1750397355.098391, 0.0, 11.625
1750397356.110069, 0.0, 11.625
1750397357.12029, 0.0, 11.625
1750397358.130547, 0.0, 11.625
1750397359.1362638, 0.0, 11.625
1750397360.146044, 0.0, 11.625
1750397361.148947, 0.0, 11.625
1750397362.1592052, 0.0, 11.625
1750397363.171442, 0.0, 11.625
1750397364.1787672, 0.0, 11.625
1750397365.1898491, 0.0, 11.625
1750397366.193414, 0.0, 11.625
1750397367.208888, 0.0, 11.625
1750397368.214797, 0.0, 11.625
1750397369.224229, 0.0, 11.625
1750397370.234486, 0.0, 11.625
1750397371.244737, 0.0, 11.625
1750397372.258417, 0.0, 11.625
1750397373.261846, 0.0, 11.625
1750397374.2746089, 0.0, 11.625
1750397375.284868, 0.0, 11.625
1750397376.286029, 0.0, 11.625
1750397377.295647, 0.0, 11.625
1750397378.307107, 0.0, 11.625
1750397379.311577, 0.0, 11.625
1750397380.322591, 0.0, 11.625
1750397381.3279822, 0.0, 11.625
1750397382.3475, 0.0, 11.625
1750397383.3655128, 0.0, 11.625
1750397384.382105, 0.0, 11.625
1750397385.391071, 0.0, 11.625
1750397386.395191, 0.0, 11.625
1750397387.40407, 0.0, 11.625
1750397388.4117389, 0.0, 11.625
1750397389.413408, 0.0, 11.625
1750397390.423624, 0.0, 11.625
1750397391.433971, 0.0, 11.625
1750397392.445007, 0.0, 11.625
1750397393.449335, 0.0, 11.625
1750397394.460217, 0.0, 11.625
1750397395.466995, 0.0, 11.625
1750397396.476183, 0.0, 11.625
1750397397.481778, 0.0, 11.625
1750397398.492341, 0.0, 11.625
1750397399.50258, 0.0, 11.625
1750397400.513647, 0.0, 11.625
1750397401.514056, 0.0, 11.625
1750397402.528544, 0.0, 11.625
1750397403.543253, 0.0, 11.625
1750397404.546499, 0.0, 11.625
1750397405.5509171, 0.0, 11.625
1750397406.556224, 0.0, 11.625
1750397407.567934, 0.0, 11.625
1750397408.574238, 0.0, 11.625
1750397409.5906959, 0.0, 11.625
1750397410.600936, 0.0, 11.625
1750397411.607083, 0.0, 11.625
1750397412.617316, 0.0, 11.625
1750397413.630362, 0.0, 11.625
1750397414.640569, 0.0, 11.625
1750397415.657304, 0.0, 11.625
1750397416.660131, 0.0, 11.625
1750397417.674036, 0.0, 11.625
1750397418.684334, 0.0, 11.625
1750397419.6906502, 0.0, 11.625
1750397420.693432, 0.0, 11.625
1750397421.703669, 0.0, 11.625
1750397422.707312, 0.0, 11.625
1750397423.7131, 0.0, 11.625
1750397424.7226272, 0.0, 11.625
1750397425.7305129, 0.0, 11.625
1750397426.740979, 0.0, 11.625
1750397427.743621, 0.0, 11.625
1750397428.754098, 0.0, 11.625
1750397429.759968, 0.0, 11.625
1750397430.770085, 0.0, 11.625
1750397431.780176, 0.0, 11.625
1750397432.792332, 0.0, 11.625
1750397433.8025658, 0.0, 11.625
1750397434.8170948, 0.0, 11.625
1750397435.829704, 0.0, 11.625
1750397436.844297, 0.0, 11.625
1750397437.857093, 0.0, 11.625
1750397438.861654, 0.0, 11.625
1750397439.8728, 0.0, 11.625
1750397440.878983, 0.0, 11.625
1750397441.890021, 0.0, 11.625
1750397442.901759, 0.0, 11.625
1750397443.916665, 0.0, 11.625
1750397444.9247842, 0.0, 11.625
1750397445.9270148, 0.0, 11.625
1750397446.9332638, 0.0, 11.625
1750397447.942028, 0.0, 11.625
1750397448.9561212, 0.0, 11.625
1750397449.9663749, 0.0, 11.625
1750397450.9766169, 0.0, 11.625
1750397451.9917388, 0.0, 11.625
1750397452.999274, 0.0, 11.625
1750397454.005638, 0.0, 11.625
1750397455.007469, 0.0, 11.625
1750397456.0179598, 0.0, 11.625
1750397457.027154, 0.0, 11.625
1750397458.037785, 0.0, 11.625
1750397459.048019, 0.0, 11.625
1750397460.05951, 0.0, 11.625
1750397461.06599, 0.0, 11.625
1750397462.0740092, 0.0, 11.625
1750397463.081262, 0.0, 11.625
1750397464.08705, 0.0, 11.625
1750397465.097276, 0.0, 11.625
1750397466.1020648, 0.0, 11.625
1750397467.112355, 0.0, 11.625
1750397468.115241, 0.0, 11.625
1750397469.121676, 0.0, 11.625
1750397470.12584, 0.0, 11.625
1750397471.141004, 0.0, 11.625
1750397472.151262, 0.0, 11.625
1750397473.1644459, 0.0, 11.625
1750397474.168114, 0.0, 11.625
1750397475.178338, 0.0, 11.625
1750397476.188559, 0.0, 11.625
1750397477.1982772, 0.0, 11.625
1750397478.200153, 0.0, 11.625
1750397479.207896, 0.0, 11.625
1750397480.215876, 0.0, 11.625
1750397481.22456, 0.0, 11.625
1750397482.237226, 0.0, 11.625
1750397483.247453, 0.0, 11.625
1750397484.254403, 0.0, 11.625
1750397485.2654452, 0.0, 11.625
1750397486.2766268, 0.0, 11.625
1750397487.287252, 0.0, 11.625
1750397488.296489, 0.0, 11.625
1750397489.3085508, 0.0, 11.625
1750397490.320147, 0.0, 11.625
1750397491.330409, 0.0, 11.625
1750397492.337536, 0.0, 11.625
1750397493.3474638, 0.0, 11.625
1750397494.358021, 0.0, 11.625
1750397495.364944, 0.0, 11.625
1750397496.376759, 0.0, 11.625
1750397497.387006, 0.0, 11.625
1750397498.400924, 0.0, 11.625
1750397499.4111779, 0.0, 11.625
1750397500.4214249, 0.0, 11.625
1750397501.4307861, 0.0, 11.625
1750397502.4359438, 0.0, 11.625
1750397503.441205, 0.0, 11.625
1750397504.453841, 0.0, 11.625
1750397505.4685938, 0.0, 11.625
1750397506.479017, 0.0, 11.625
1750397507.489515, 0.0, 11.625
1750397508.507675, 0.0, 11.625
1750397509.5138109, 0.0, 11.625
1750397510.524033, 0.0, 11.625
1750397511.5357141, 0.0, 11.625
1750397512.542837, 0.0, 11.625
1750397513.553065, 0.0, 11.625
1750397514.563329, 0.0, 11.625
1750397515.567706, 0.0, 11.625
1750397516.5779421, 0.0, 11.625
1750397517.583183, 0.0, 11.625
1750397518.590219, 0.0, 11.625
1750397519.601061, 0.0, 11.625
1750397520.6149702, 0.0, 11.625
1750397521.625202, 0.0, 11.625
1750397522.6345558, 0.0, 11.625
1750397523.63793, 0.0, 11.625
1750397524.648181, 0.0, 11.625
1750397525.65842, 0.0, 11.625
1750397526.6711948, 0.0, 11.625
1750397527.6814232, 0.0, 11.625
1750397528.6859531, 0.0, 11.625
1750397529.696176, 0.0, 11.625
1750397530.7064042, 0.0, 11.625
1750397531.7184398, 0.0, 11.625
1750397532.72895, 0.0, 11.625
1750397533.735619, 0.0, 11.625
1750397534.741477, 0.0, 11.625
1750397535.751988, 0.0, 11.625
1750397536.7561011, 0.0, 11.625
1750397537.768306, 0.0, 11.625
1750397538.7785459, 0.0, 11.625
1750397539.79309, 0.0, 11.625
1750397540.802498, 0.0, 11.625
1750397541.808604, 0.0, 11.625
1750397542.815, 0.0, 11.625
1750397543.81733, 0.0, 11.625
1750397544.823898, 0.0, 11.625
1750397545.834311, 0.0, 11.625
1750397546.839659, 0.0, 11.03125
1750397547.8455129, 0.0, 11.03125
1750397548.855639, 0.0, 11.03125
1750397549.865793, 0.0, 11.03125
1750397550.875874, 0.0, 11.03125
1750397551.885957, 0.0, 11.03125
1750397552.896029, 0.0, 11.03125
1750397553.906441, 0.0, 11.5625
1750397554.918092, 0.0, 11.5625
1750397555.920298, 0.0, 11.5625
1750397556.923933, 0.0, 11.5625
1750397557.936091, 0.0, 11.5625
1750397558.944486, 0.0, 11.5625
1750397559.9456599, 0.0, 11.5625
1750397560.9526699, 0.0, 11.5625
1750397561.955965, 0.0, 11.5625
1750397562.9730968, 0.0, 11.5625
1750397563.977222, 0.0, 11.5625
1750397564.9875, 0.0, 11.5625
1750397565.993493, 0.0, 11.5625
1750397567.004069, 0.0, 11.5625
1750397568.016686, 0.0, 11.5625
1750397569.0270562, 0.0, 11.5625
1750397570.0336452, 0.0, 11.5625
1750397571.043894, 0.0, 11.5625
1750397572.055872, 0.0, 11.5625
1750397573.0663302, 0.0, 11.5625
1750397574.076561, 0.0, 11.5625
1750397575.077505, 0.0, 11.5625
1750397576.084336, 0.0, 11.5625
1750397577.089704, 0.0, 11.5625
1750397578.101742, 0.0, 11.5625
1750397579.105528, 0.0, 11.5625
1750397580.1108322, 0.0, 11.5625
1750397581.124084, 0.0, 11.5625
1750397582.130379, 0.0, 11.5625
1750397583.131, 0.0, 11.5625
1750397584.1367528, 0.0, 11.5625
1750397585.141324, 0.0, 11.5625
1750397586.145474, 0.0, 11.5625
1750397587.150655, 0.0, 11.5625
1750397588.1608782, 0.0, 11.5625
1750397589.1711109, 0.0, 11.5625
1750397590.1830778, 0.0, 11.5625
1750397591.193344, 0.0, 11.5625
1750397592.19891, 0.0, 11.5625
1750397593.210199, 0.0, 11.5625
1750397594.220429, 0.0, 11.5625
1750397595.226115, 0.0, 11.5625
1750397596.236372, 0.0, 11.5625
1750397597.2495701, 0.0, 11.5625
1750397598.265758, 0.0, 11.5625
1750397599.279088, 0.0, 11.5625
1750397600.2852008, 0.0, 11.5625
1750397601.2954812, 0.0, 11.5625
1750397602.299464, 0.0, 11.5625
1750397603.309675, 0.0, 11.5625
1750397604.322613, 0.0, 11.5625
1750397605.332893, 0.0, 11.5625
1750397606.338639, 0.0, 11.5625
1750397607.348907, 0.0, 11.5625
1750397608.3591738, 0.0, 11.5625
1750397609.3694358, 0.0, 11.5625
1750397610.3814862, 0.0, 11.5625
1750397611.391745, 0.0, 11.5625
1750397612.3983638, 0.0, 11.5625
1750397613.4045079, 0.0, 11.5625
1750397614.411716, 0.0, 11.5625
1750397615.4197178, 0.0, 11.5625
1750397616.431472, 0.0, 11.5625
1750397617.4416902, 0.0, 11.5625
1750397618.4519591, 0.0, 11.5625
1750397619.464521, 0.0, 11.5625
1750397620.465908, 0.0, 11.5625
1750397621.476096, 0.0, 11.5625
1750397622.491669, 0.0, 11.5625
1750397623.497718, 0.0, 11.5625
1750397624.502269, 0.0, 11.5625
1750397625.514066, 0.0, 11.5625
1750397626.524313, 0.0, 11.5625
1750397627.5345972, 0.0, 11.5625
1750397628.547329, 0.0, 11.5625
1750397629.557593, 0.0, 11.5625
1750397630.563565, 0.0, 11.5625
1750397631.565336, 0.0, 11.5625
1750397632.58053, 0.0, 11.5625
1750397633.590761, 0.0, 11.5625
1750397634.601022, 0.0, 11.5625
1750397635.6067169, 0.0, 11.5625
1750397636.6078598, 0.0, 11.5625
1750397637.612381, 0.0, 11.5625
1750397638.6226199, 0.0, 11.5625
1750397639.633496, 0.0, 11.5625
1750397640.648243, 0.0, 11.5625
1750397641.6584692, 0.0, 11.5625
1750397642.668695, 0.0, 11.5625
1750397643.679588, 0.0, 11.5625
1750397644.6898408, 0.0, 11.5625
1750397645.701208, 0.0, 11.5625
1750397646.7144141, 0.0, 11.5625
1750397647.7247171, 0.0, 11.5625
1750397648.734669, 0.0, 11.5625
1750397649.744666, 0.0, 11.5625
1750397650.751628, 0.0, 11.5625
1750397651.763902, 0.0, 11.5625
1750397652.7808042, 0.0, 11.5625
1750397653.7955189, 0.0, 11.5625
1750397654.807275, 0.0, 11.5625
1750397655.817537, 0.0, 11.5625
1750397656.8201978, 0.0, 11.5625
1750397657.830438, 0.0, 11.5625
1750397658.841014, 0.0, 11.5625
1750397659.851456, 0.0, 11.5625
1750397660.854296, 0.0, 11.5625
1750397661.856899, 0.0, 11.5625
1750397662.8671098, 0.0, 11.5625
1750397663.877259, 0.0, 11.5625
1750397664.88734, 0.0, 11.5625
1750397665.897408, 0.0, 11.5625
1750397666.907557, 0.0, 11.609375
1750397667.916487, 0.0, 11.609375
1750397668.924298, 0.0, 11.609375
1750397669.9306722, 0.0, 11.609375
1750397670.9405088, 0.0, 11.609375
1750397671.951769, 0.0, 11.609375
1750397672.965833, 0.0, 11.609375
1750397673.973362, 0.0, 11.609375
1750397674.982295, 0.0, 11.609375
1750397675.9856908, 0.0, 11.609375
1750397676.987536, 0.0, 11.609375
1750397677.997789, 0.0, 11.609375
1750397679.0080159, 0.0, 11.609375
1750397680.018256, 0.0, 11.609375
1750397681.0264058, 0.0, 11.609375
1750397682.034809, 0.0, 11.609375
1750397683.038881, 0.0, 11.609375
1750397684.0407429, 0.0, 11.609375
1750397685.051092, 0.0, 11.609375
1750397686.059413, 0.0, 11.609375
1750397687.073739, 0.0, 11.609375
1750397688.085406, 0.0, 11.609375
1750397689.095659, 0.0, 11.609375
1750397690.0997918, 0.0, 11.609375
1750397691.1123781, 0.0, 11.609375
1750397692.122951, 0.0, 11.609375
1750397693.1296341, 0.0, 11.609375
1750397694.133472, 0.0, 11.609375
1750397695.1453838, 0.0, 11.609375
1750397696.1518688, 0.0, 11.609375
1750397697.162103, 0.0, 11.609375
1750397698.167097, 0.0, 11.609375
1750397699.17796, 0.0, 11.609375
1750397700.188231, 0.0, 11.609375
1750397701.205654, 0.0, 11.609375
1750397702.209731, 0.0, 11.609375
1750397703.217961, 0.0, 11.609375
1750397704.2290099, 0.0, 11.609375
1750397705.238697, 0.0, 11.609375
1750397706.248947, 0.0, 11.609375
1750397707.255357, 0.0, 11.609375
1750397708.268388, 0.0, 11.609375
1750397709.2706409, 0.0, 11.609375
1750397710.2790148, 0.0, 11.609375
1750397711.2892869, 0.0, 11.609375
1750397712.3013408, 0.0, 11.609375
1750397713.308212, 0.0, 11.609375
1750397714.3184829, 0.0, 11.609375
1750397715.3235378, 0.0, 11.609375
1750397716.333793, 0.0, 11.609375
1750397717.344963, 0.0, 11.609375
1750397718.356571, 0.0, 11.609375
1750397719.366821, 0.0, 11.609375
1750397720.3810089, 0.0, 11.609375
1750397721.397653, 0.0, 11.609375
1750397722.409974, 0.0, 11.609375
1750397723.420873, 0.0, 11.609375
1750397724.431125, 0.0, 11.609375
1750397725.438688, 0.0, 11.609375
1750397726.448931, 0.0, 11.609375
1750397727.461567, 0.0, 11.609375
1750397728.470471, 0.0, 11.609375
1750397729.477945, 0.0, 11.609375
1750397730.487277, 0.0, 11.609375
1750397731.496623, 0.0, 11.609375
1750397732.505761, 0.0, 11.609375
1750397733.5203788, 0.0, 11.609375
1750397734.527016, 0.0, 11.609375
1750397735.5372841, 0.0, 11.609375
1750397736.5475252, 0.0, 11.609375
1750397737.559545, 0.0, 11.609375
1750397738.5761, 0.0, 11.609375
1750397739.586328, 0.0, 11.609375
1750397740.597066, 0.0, 11.609375
1750397741.602884, 0.0, 11.609375
1750397742.612844, 0.0, 11.609375
1750397743.622705, 0.0, 11.609375
1750397744.632627, 0.0, 11.609375
1750397745.6504269, 0.0, 11.609375
1750397746.6669528, 0.0, 11.609375
1750397747.6734788, 0.0, 11.609375
1750397748.685709, 0.0, 11.609375
1750397749.695956, 0.0, 11.609375
1750397750.712947, 0.0, 11.609375
1750397751.717898, 0.0, 11.609375
1750397752.728142, 0.0, 11.609375
1750397753.741763, 0.0, 11.609375
1750397754.7529569, 0.0, 11.609375
1750397755.760903, 0.0, 11.609375
1750397756.775104, 0.0, 11.609375
1750397757.7856572, 0.0, 11.609375
1750397758.795001, 0.0, 11.609375
1750397759.805341, 0.0, 11.609375
1750397760.8100648, 0.0, 11.609375
1750397761.820288, 0.0, 11.609375
1750397762.828078, 0.0, 11.609375
1750397763.838306, 0.0, 11.609375
1750397764.848554, 0.0, 11.609375
1750397765.859981, 0.0, 11.609375
1750397766.874354, 0.0, 11.609375
1750397767.8799949, 0.0, 11.609375
1750397768.888405, 0.0, 11.609375
1750397769.893471, 0.0, 11.609375
1750397770.899446, 0.0, 11.609375
1750397771.909676, 0.0, 11.609375
1750397772.91452, 0.0, 11.609375
1750397773.9222898, 0.0, 11.609375
1750397774.927996, 0.0, 11.609375
1750397775.929931, 0.0, 11.609375
1750397776.932728, 0.0, 11.609375
1750397777.935183, 0.0, 11.609375
1750397778.941338, 0.0, 11.609375
1750397779.9515688, 0.0, 11.609375
1750397780.9571462, 0.0, 11.609375
1750397781.967248, 0.0, 11.609375
1750397782.977321, 0.0, 11.609375
1750397783.987377, 0.0, 11.609375
1750397784.997513, 0.0, 11.625
1750397786.016636, 0.0, 11.625
1750397787.026907, 0.0, 11.625
1750397788.037156, 0.0, 11.625
1750397789.045353, 0.0, 11.625
1750397790.054071, 0.0, 11.625
1750397791.063128, 0.0, 11.625
1750397792.0778382, 0.0, 11.625
1750397793.0880861, 0.0, 11.625
1750397794.091923, 0.0, 11.625
1750397795.102426, 0.0, 11.625
1750397796.1097522, 0.0, 11.625
1750397797.120003, 0.0, 11.625
1750397798.1248739, 0.0, 11.625
1750397799.128754, 0.0, 11.625
1750397800.141542, 0.0, 11.625
1750397801.151278, 0.0, 11.625
1750397802.1619809, 0.0, 11.625
1750397803.175102, 0.0, 11.625
1750397804.185979, 0.0, 11.625
1750397805.190851, 0.0, 11.625
1750397806.201088, 0.0, 11.625
1750397807.213774, 0.0, 11.625
1750397808.217571, 0.0, 11.625
1750397809.2250571, 0.0, 11.625
1750397810.23379, 0.0, 11.625
1750397811.245153, 0.0, 11.625
1750397812.257476, 0.0, 11.625
1750397813.2677178, 0.0, 11.625
1750397814.279138, 0.0, 11.625
1750397815.282163, 0.0, 11.625
1750397816.292414, 0.0, 11.625
1750397817.302667, 0.0, 11.625
1750397818.31301, 0.0, 11.625
1750397819.31999, 0.0, 11.625
1750397820.3269389, 0.0, 11.625
1750397821.337168, 0.0, 11.625
1750397822.347628, 0.0, 11.625
1750397823.357863, 0.0, 11.625
1750397824.363059, 0.0, 11.625
1750397825.376719, 0.0, 11.625
1750397826.384195, 0.0, 11.625
1750397827.390731, 0.0, 11.625
1750397828.400974, 0.0, 11.625
1750397829.4080808, 0.0, 11.625
1750397830.410507, 0.0, 11.625
1750397831.428472, 0.0, 11.625
1750397832.439796, 0.0, 11.625
1750397833.444391, 0.0, 11.625
1750397834.453089, 0.0, 11.625
1750397835.46155, 0.0, 11.625
1750397836.472996, 0.0, 11.625
1750397837.485408, 0.0, 11.625
1750397838.494032, 0.0, 11.625
1750397839.5060952, 0.0, 11.625
1750397840.511774, 0.0, 11.625
1750397841.5157928, 0.0, 11.625
1750397842.524114, 0.0, 11.625
1750397843.529284, 0.0, 11.625
1750397844.5401769, 0.0, 11.625
1750397845.5490692, 0.0, 11.625
1750397846.55551, 0.0, 11.625
1750397847.55866, 0.0, 11.625
1750397848.560065, 0.0, 11.625
1750397849.568661, 0.0, 11.625
1750397850.5789251, 0.0, 11.625
1750397851.589337, 0.0, 11.625
1750397852.599181, 0.0, 11.625
1750397853.609421, 0.0, 11.625
1750397854.621691, 0.0, 11.625
1750397855.63051, 0.0, 11.625
1750397856.6407292, 0.0, 11.625
1750397857.650948, 0.0, 11.625
1750397858.6645901, 0.0, 11.625
1750397859.6712189, 0.0, 11.625
1750397860.6814551, 0.0, 11.625
1750397861.688262, 0.0, 11.625
1750397862.6985369, 0.0, 11.625
1750397863.7053251, 0.0, 11.625
1750397864.715599, 0.0, 11.625
1750397865.725857, 0.0, 11.625
1750397866.7307541, 0.0, 11.625
1750397867.7384682, 0.0, 11.625
1750397868.748704, 0.0, 11.625
1750397869.755106, 0.0, 11.625
1750397870.759398, 0.0, 11.625
1750397871.772668, 0.0, 11.625
1750397872.79038, 0.0, 11.625
1750397873.793259, 0.0, 11.625
1750397874.798392, 0.0, 11.625
1750397875.804564, 0.0, 11.625
1750397876.814792, 0.0, 11.625
1750397877.824995, 0.0, 11.625
1750397878.834652, 0.0, 11.625
1750397879.84146, 0.0, 11.625
1750397880.8516638, 0.0, 11.625
1750397881.861752, 0.0, 11.625
1750397882.872132, 0.0, 11.625
1750397883.882352, 0.0, 11.625
1750397884.8854809, 0.0, 11.625
1750397885.8864288, 0.0, 11.625
1750397886.892571, 0.0, 11.625
1750397887.901043, 0.0, 11.625
1750397888.9071639, 0.0, 11.625
1750397889.913134, 0.0, 11.625
1750397890.919055, 0.0, 11.625
1750397891.929367, 0.0, 11.625
1750397892.939616, 0.0, 11.625
1750397893.9467058, 0.0, 11.625
1750397894.9552472, 0.0, 11.625
1750397895.957986, 0.0, 11.625
1750397896.968073, 0.0, 11.625
1750397897.978129, 0.0, 11.625
1750397898.988283, 0.0, 11.625
1750397899.998654, 0.0, 11.625
1750397901.0078762, 0.0, 11.625
1750397902.020614, 0.0, 11.625
1750397903.033383, 0.0, 11.625
1750397904.044052, 0.0, 11.625
1750397905.054294, 0.0, 11.625
1750397906.056225, 0.0, 11.625
1750397907.066496, 0.0, 11.625
1750397908.07138, 0.0, 11.625
1750397909.080205, 0.0, 11.625
1750397910.082464, 0.0, 11.625
1750397911.0927439, 0.0, 11.625
1750397912.09636, 0.0, 11.625
1750397913.106637, 0.0, 11.625
1750397914.119713, 0.0, 11.625
1750397915.124137, 0.0, 11.625
1750397916.125217, 0.0, 11.625
1750397917.1354518, 0.0, 11.625
1750397918.144723, 0.0, 11.625
1750397919.152837, 0.0, 11.625
1750397920.1630888, 0.0, 11.625
1750397921.169586, 0.0, 11.625
1750397922.178578, 0.0, 11.625
1750397923.189478, 0.0, 11.625
1750397924.2023082, 0.0, 11.625
1750397925.212542, 0.0, 11.625
1750397926.219892, 0.0, 11.625
1750397927.23123, 0.0, 11.625
1750397928.241858, 0.0, 11.625
1750397929.251626, 0.0, 11.625
1750397930.2654321, 0.0, 11.625
1750397931.273272, 0.0, 11.625
1750397932.2854269, 0.0, 11.625
1750397933.295668, 0.0, 11.625
1750397934.296781, 0.0, 11.625
1750397935.309178, 0.0, 11.625
1750397936.321957, 0.0, 11.625
1750397937.335008, 0.0, 11.625
1750397938.346466, 0.0, 11.625
1750397939.349649, 0.0, 11.625
1750397940.36521, 0.0, 11.625
1750397941.375307, 0.0, 11.625
1750397942.388302, 0.0, 11.625
1750397943.395444, 0.0, 11.625
1750397944.401869, 0.0, 11.625
1750397945.411902, 0.0, 11.625
1750397946.4223201, 0.0, 11.625
1750397947.4349198, 0.0, 11.625
1750397948.438828, 0.0, 11.625
1750397949.4515688, 0.0, 11.625
1750397950.461798, 0.0, 11.625
1750397951.462948, 0.0, 11.625
1750397952.468459, 0.0, 11.625
1750397953.469255, 0.0, 11.625
1750397954.479502, 0.0, 11.625
1750397955.4921432, 0.0, 11.625
1750397956.501121, 0.0, 11.625
1750397957.5113971, 0.0, 11.625
1750397958.521651, 0.0, 11.625
1750397959.5309749, 0.0, 11.625
1750397960.541253, 0.0, 11.625
1750397961.551062, 0.0, 11.625
1750397962.5640068, 0.0, 11.625
1750397963.576637, 0.0, 11.625
1750397964.587172, 0.0, 11.625
1750397965.600085, 0.0, 11.625
1750397966.60301, 0.0, 11.625
1750397967.6132321, 0.0, 11.625
1750397968.613624, 0.0, 11.625
1750397969.622184, 0.0, 11.625
1750397970.635595, 0.0, 11.625
1750397971.648093, 0.0, 11.625
1750397972.658367, 0.0, 11.625
1750397973.6617322, 0.0, 11.625
1750397974.6686158, 0.0, 11.625
1750397975.672385, 0.0, 11.625
1750397976.680408, 0.0, 11.625
1750397977.69064, 0.0, 11.625
1750397978.699439, 0.0, 11.625
1750397979.7043169, 0.0, 11.625
1750397980.7180932, 0.0, 11.625
1750397981.729376, 0.0, 11.625
1750397982.735326, 0.0, 11.625
1750397983.7456, 0.0, 11.625
1750397984.7543402, 0.0, 11.625
1750397985.762113, 0.0, 11.625
1750397986.767582, 0.0, 11.625
1750397987.777785, 0.0, 11.625
1750397988.7822778, 0.0, 11.625
1750397989.792507, 0.0, 11.625
1750397990.802706, 0.0, 11.625
1750397991.8148239, 0.0, 11.625
1750397992.823534, 0.0, 11.625
1750397993.8291771, 0.0, 11.625
1750397994.8307898, 0.0, 11.625
1750397995.841138, 0.0, 11.625
1750397996.848402, 0.0, 11.625
1750397997.852586, 0.0, 11.625
1750397998.861461, 0.0, 11.625
1750397999.871746, 0.0, 11.625
1750398000.8820312, 0.0, 11.625
1750398001.892261, 0.0, 11.625
1750398002.901061, 0.0, 11.625
1750398003.905758, 0.0, 11.625
1750398004.9160461, 0.0, 11.625
1750398005.920674, 0.0, 11.625
1750398006.930759, 0.0, 11.625
1750398007.940821, 0.0, 11.625
1750398008.9508731, 0.0, 11.625
1750398009.960922, 0.0, 11.625
1750398010.970968, 0.0, 11.625
1750398011.983893, 0.0, 11.625
1750398012.994412, 0.0, 11.625
1750398014.004632, 0.0, 11.625
1750398015.0161548, 0.0, 11.625
1750398016.016568, 0.0, 11.625
1750398017.031455, 0.0, 11.625
1750398018.040786, 0.0, 11.625
1750398019.0425348, 0.0, 11.625
1750398020.049323, 0.0, 11.625
1750398021.054191, 0.0, 11.625
1750398022.070024, 0.0, 11.625
1750398023.0822778, 0.0, 11.625
1750398024.092522, 0.0, 11.625
1750398025.102754, 0.0, 11.625
1750398026.115088, 0.0, 11.625
1750398027.127743, 0.0, 11.625
1750398028.135573, 0.0, 11.625
1750398029.1451561, 0.0, 11.625
1750398030.148057, 0.0, 11.625
1750398031.157567, 0.0, 11.625
1750398032.1647592, 0.0, 11.625
1750398033.175006, 0.0, 11.625
1750398034.1815412, 0.0, 11.625
1750398035.192281, 0.0, 11.625
1750398036.2021708, 0.0, 11.625
1750398037.2124841, 0.0, 11.625
1750398038.220766, 0.0, 11.625
1750398039.223937, 0.0, 11.625
1750398040.2342012, 0.0, 11.625
1750398041.247461, 0.0, 11.625
1750398042.257822, 0.0, 11.625
1750398043.2680771, 0.0, 11.625
1750398044.283363, 0.0, 11.625
1750398045.293616, 0.0, 11.625
1750398046.300076, 0.0, 11.625
1750398047.307169, 0.0, 11.625
1750398048.314637, 0.0, 11.625
1750398049.319363, 0.0, 11.625
1750398050.333036, 0.0, 11.625
1750398051.346752, 0.0, 11.625
1750398052.3531651, 0.0, 11.625
1750398053.363206, 0.0, 11.625
1750398054.37051, 0.0, 11.625
1750398055.3807669, 0.0, 11.625
1750398056.390265, 0.0, 11.625
1750398057.400494, 0.0, 11.625
1750398058.40748, 0.0, 11.625
1750398059.413847, 0.0, 11.625
1750398060.42534, 0.0, 11.625
1750398061.433598, 0.0, 11.625
1750398062.443871, 0.0, 11.625
1750398063.45064, 0.0, 11.625
1750398064.4582558, 0.0, 11.625
1750398065.468529, 0.0, 11.625
1750398066.481169, 0.0, 11.625
1750398067.496713, 0.0, 11.625
1750398068.506979, 0.0, 11.625
1750398069.521388, 0.0, 11.625
1750398070.525158, 0.0, 11.625
1750398071.535399, 0.0, 11.625
1750398072.5457659, 0.0, 11.625
1750398073.549783, 0.0, 11.625
1750398074.5523689, 0.0, 11.625
1750398075.5630531, 0.0, 11.625
1750398076.564117, 0.0, 11.625
1750398077.571859, 0.0, 11.625
1750398078.575685, 0.0, 11.625
1750398079.5859451, 0.0, 11.625
1750398080.595905, 0.0, 11.625
1750398081.60615, 0.0, 11.625
1750398082.6163971, 0.0, 11.625
1750398083.629146, 0.0, 11.625
1750398084.63946, 0.0, 11.625
1750398085.6492312, 0.0, 11.625
1750398086.662719, 0.0, 11.625
1750398087.666494, 0.0, 11.625
1750398088.6773021, 0.0, 11.625
1750398089.6949608, 0.0, 11.625
1750398090.699451, 0.0, 11.625
1750398091.711797, 0.0, 11.625
1750398092.722035, 0.0, 11.625
1750398093.728014, 0.0, 11.625
1750398094.734404, 0.0, 11.625
1750398095.742243, 0.0, 11.625
1750398096.748275, 0.0, 11.625
1750398097.761889, 0.0, 11.625
1750398098.7721548, 0.0, 11.625
1750398099.774122, 0.0, 11.625
1750398100.787931, 0.0, 11.625
1750398101.7981892, 0.0, 11.625
1750398102.804159, 0.0, 11.625
1750398103.80992, 0.0, 11.625
1750398104.8207371, 0.0, 11.625
1750398105.830705, 0.0, 11.625
1750398106.8389592, 0.0, 11.625
1750398107.849365, 0.0, 11.625
1750398108.859655, 0.0, 11.625
1750398109.8609788, 0.0, 11.625
1750398110.8621492, 0.0, 11.625
1750398111.87235, 0.0, 11.625
1750398112.8793862, 0.0, 11.625
1750398113.888395, 0.0, 11.625
1750398114.898303, 0.0, 11.625
1750398115.909229, 0.0, 11.625
1750398116.919539, 0.0, 11.625
1750398117.9297621, 0.0, 11.625
1750398118.940128, 0.0, 11.625
1750398119.9493408, 0.0, 11.625
1750398120.959444, 0.0, 11.625
1750398121.969522, 0.0, 11.625
1750398122.9795752, 0.0, 11.625
1750398123.989629, 0.0, 11.625
1750398124.999674, 0.0, 11.625
1750398126.01158, 0.0, 11.625
1750398127.022134, 0.0, 11.625
1750398128.032251, 0.0, 11.625
1750398129.0376792, 0.0, 11.625
1750398130.045046, 0.0, 11.625
1750398131.054123, 0.0, 11.625
1750398132.0616682, 0.0, 11.625
1750398133.0679948, 0.0, 11.625
1750398134.078358, 0.0, 11.625
1750398135.088597, 0.0, 11.625
1750398136.098836, 0.0, 11.625
1750398137.1108081, 0.0, 11.625
1750398138.223277, 0.0, 11.625
1750398139.233647, 0.0, 11.625
1750398140.243778, 0.0, 11.625
1750398141.2540421, 0.0, 11.625
1750398142.264334, 0.0, 11.625
1750398143.274611, 0.0, 11.625
1750398144.288882, 0.0, 11.625
1750398145.298998, 0.0, 11.625
1750398146.3123462, 0.0, 11.625
1750398147.328727, 0.0, 11.625
1750398148.338992, 0.0, 11.625
1750398149.348671, 0.0, 11.625
1750398150.362009, 0.0, 11.625
1750398151.3659399, 0.0, 11.625
1750398152.3783739, 0.0, 11.625
1750398153.394505, 0.0, 11.625
1750398154.4013708, 0.0, 11.625
1750398155.404285, 0.0, 11.625
1750398156.415228, 0.0, 11.625
1750398157.424917, 0.0, 11.625
1750398158.435193, 0.0, 11.625
1750398159.4446359, 0.0, 11.625
1750398160.456078, 0.0, 11.625
1750398161.466341, 0.0, 11.625
1750398162.4776, 0.0, 11.625
1750398163.489345, 0.0, 11.625
1750398164.499598, 0.0, 11.625
1750398165.5134442, 0.0, 11.625
1750398166.523705, 0.0, 11.625
1750398167.533961, 0.0, 11.625
1750398168.537045, 0.0, 11.625
1750398169.547606, 0.0, 11.625
1750398170.56058, 0.0, 11.625
1750398171.561575, 0.0, 11.625
1750398172.571827, 0.0, 11.625
1750398173.58208, 0.0, 11.625
1750398174.5938408, 0.0, 11.625
1750398175.5994298, 0.0, 11.625
1750398176.60729, 0.0, 11.625
1750398177.6124952, 0.0, 11.625
1750398178.619624, 0.0, 11.625
1750398179.6208289, 0.0, 11.625
1750398180.628727, 0.0, 11.625
1750398181.635136, 0.0, 11.625
1750398182.644464, 0.0, 11.625
1750398183.653536, 0.0, 11.625
1750398184.6638331, 0.0, 11.625
1750398185.674129, 0.0, 11.625
1750398186.686993, 0.0, 11.625
1750398187.697943, 0.0, 11.625
1750398188.7109408, 0.0, 11.625
1750398189.721538, 0.0, 11.625
1750398190.7317948, 0.0, 11.625
1750398191.736532, 0.0, 11.625
1750398192.7468438, 0.0, 11.625
1750398193.760125, 0.0, 11.625
1750398194.768783, 0.0, 11.625
1750398195.77908, 0.0, 11.625
1750398196.789349, 0.0, 11.625
1750398197.802525, 0.0, 11.625
1750398198.812793, 0.0, 11.625
1750398199.823199, 0.0, 11.625
1750398200.829491, 0.0, 11.625
1750398201.8342972, 0.0, 11.625
1750398202.844105, 0.0, 11.625
1750398203.8543518, 0.0, 11.625
1750398204.8594182, 0.0, 11.625
1750398205.8698611, 0.0, 11.625
1750398206.8801122, 0.0, 11.625
1750398207.881174, 0.0, 11.625
1750398208.8929222, 0.0, 11.625
1750398209.89989, 0.0, 11.625
1750398210.9101472, 0.0, 11.625
1750398211.9203699, 0.0, 11.625
1750398212.930608, 0.0, 11.625
1750398213.936064, 0.0, 11.625
1750398214.944847, 0.0, 11.625
1750398215.9471328, 0.0, 11.625
1750398216.952301, 0.0, 11.625
1750398217.96302, 0.0, 11.625
1750398218.980265, 0.0, 11.625
1750398219.988971, 0.0, 11.625
1750398220.999279, 0.0, 11.625
1750398222.0055401, 0.0, 11.625
1750398223.0158, 0.0, 11.625
1750398224.025333, 0.0, 11.625
1750398225.035573, 0.0, 11.625
1750398226.045804, 0.0, 11.625
1750398227.051462, 0.0, 11.625
1750398228.054858, 0.0, 11.625
1750398229.0652218, 0.0, 11.625
1750398230.068865, 0.0, 11.625
1750398231.0784562, 0.0, 11.625
1750398232.088712, 0.0, 11.625
1750398233.0928159, 0.0, 11.625
1750398234.093971, 0.0, 11.625
1750398235.097257, 0.0, 11.625
1750398236.108453, 0.0, 11.625
1750398237.112403, 0.0, 11.625
1750398238.1212401, 0.0, 11.625
1750398239.130327, 0.0, 11.625
1750398240.140565, 0.0, 11.625
1750398241.143229, 0.0, 11.625
1750398242.14578, 0.0, 11.625
1750398243.155896, 0.0, 11.625
1750398244.1661508, 0.0, 11.625
1750398245.175903, 0.0, 11.625
1750398246.1795788, 0.0, 11.625
1750398247.19271, 0.0, 11.625
1750398248.199051, 0.0, 11.625
1750398249.210797, 0.0, 11.625
1750398250.221053, 0.0, 11.625
1750398251.23628, 0.0, 11.625
1750398252.2427578, 0.0, 11.625
1750398253.251876, 0.0, 11.625
1750398254.252534, 0.0, 11.625
1750398255.2627861, 0.0, 11.625
1750398256.272382, 0.0, 11.625
1750398257.2778728, 0.0, 11.625
1750398258.287317, 0.0, 11.625
1750398259.296052, 0.0, 11.625
1750398260.308724, 0.0, 11.625
1750398261.318988, 0.0, 11.625
1750398262.325581, 0.0, 11.625
1750398263.3354838, 0.0, 11.625
1750398264.3418, 0.0, 11.625
1750398265.352055, 0.0, 11.625
1750398266.362308, 0.0, 11.625
1750398267.375232, 0.0, 11.625
1750398268.3797498, 0.0, 11.625
1750398269.385779, 0.0, 11.625
1750398270.392985, 0.0, 11.625
1750398271.403245, 0.0, 11.625
1750398272.413589, 0.0, 11.625
1750398273.421932, 0.0, 11.625
1750398274.432147, 0.0, 11.625
1750398275.446246, 0.0, 11.625
1750398276.458143, 0.0, 11.625
1750398277.46749, 0.0, 11.625
1750398278.476738, 0.0, 11.625
1750398279.483735, 0.0, 11.625
1750398280.4944909, 0.0, 11.625
1750398281.498803, 0.0, 11.625
1750398282.512346, 0.0, 11.625
1750398283.521439, 0.0, 11.625
1750398284.5300941, 0.0, 11.625
1750398285.5412931, 0.0, 11.625
1750398286.5593112, 0.0, 11.625
1750398287.564865, 0.0, 11.625
1750398288.5704691, 0.0, 11.625
1750398289.578668, 0.0, 11.625
1750398290.5909, 0.0, 11.625
1750398291.604487, 0.0, 11.625
1750398292.61175, 0.0, 11.625
1750398293.624087, 0.0, 11.625
1750398294.628198, 0.0, 11.625
1750398295.641394, 0.0, 11.625
1750398296.643156, 0.0, 11.625
1750398297.656578, 0.0, 11.625
1750398298.666955, 0.0, 11.625
1750398299.6772292, 0.0, 11.625
1750398300.684048, 0.0, 11.625
1750398301.694319, 0.0, 11.625
1750398302.7071218, 0.0, 11.625
1750398303.717443, 0.0, 11.625
1750398304.72769, 0.0, 11.625
1750398305.741042, 0.0, 11.625
1750398306.7503371, 0.0, 11.625
1750398307.757809, 0.0, 11.625
1750398308.76804, 0.0, 11.625
1750398309.775295, 0.0, 11.625
1750398310.785548, 0.0, 11.625
1750398311.800546, 0.0, 11.625
1750398312.812254, 0.0, 11.625
1750398313.8269382, 0.0, 11.625
1750398314.840621, 0.0, 11.625
1750398315.849953, 0.0, 11.625
1750398316.858121, 0.0, 11.625
1750398317.861346, 0.0, 11.625
1750398318.870154, 0.0, 11.625
1750398319.8804228, 0.0, 11.625
1750398320.881579, 0.0, 11.625
1750398321.891028, 0.0, 11.625
1750398322.8935628, 0.0, 11.625
1750398323.9063418, 0.0, 11.625
1750398324.9164019, 0.0, 11.625
1750398325.9286, 0.0, 11.625
1750398326.939667, 0.0, 11.625
1750398327.9400902, 0.0, 11.625
1750398328.9510999, 0.0, 11.625
1750398329.966732, 0.0, 11.625
1750398330.9769962, 0.0, 11.625
1750398331.9851441, 0.0, 11.625
1750398332.993109, 0.0, 11.625
1750398334.0057511, 0.0, 11.625
1750398335.009139, 0.0, 11.625
1750398336.022451, 0.0, 11.625
1750398337.02862, 0.0, 11.625
1750398338.039005, 0.0, 11.625
1750398339.046287, 0.0, 11.625
1750398340.055746, 0.0, 11.625
1750398341.067706, 0.0, 11.625
1750398342.077968, 0.0, 11.625
1750398343.088692, 0.0, 11.625
1750398344.096968, 0.0, 11.625
1750398345.106092, 0.0, 11.625
1750398346.112009, 0.0, 11.625
1750398347.117323, 0.0, 11.625
1750398348.127604, 0.0, 11.625
1750398349.135075, 0.0, 11.625
1750398350.137884, 0.0, 11.625
1750398351.141498, 0.0, 11.625
1750398352.144927, 0.0, 11.625
1750398353.155143, 0.0, 11.625
1750398354.162096, 0.0, 11.625
1750398355.170472, 0.0, 11.625
1750398356.178862, 0.0, 11.625
1750398357.189035, 0.0, 11.625
1750398358.1991339, 0.0, 11.625
1750398359.209214, 0.0, 11.625
1750398360.2192798, 0.0, 11.625
1750398361.229454, 0.0, 11.625
1750398362.240086, 0.0, 11.625
1750398363.250377, 0.0, 11.625
1750398364.259509, 0.0, 11.625
1750398365.27318, 0.0, 11.625
1750398366.27531, 0.0, 11.625
1750398367.276861, 0.0, 11.625
1750398368.29015, 0.0, 11.625
1750398369.300388, 0.0, 11.625
1750398370.307893, 0.0, 11.625
1750398371.322346, 0.0, 11.625
1750398372.3325498, 0.0, 11.625
1750398373.341182, 0.0, 11.625
1750398374.3427331, 0.0, 11.625
1750398375.353735, 0.0, 11.625
1750398376.359832, 0.0, 11.625
1750398377.3755, 0.0, 11.625
1750398378.3875358, 0.0, 11.625
1750398379.400228, 0.0, 11.625
1750398380.4115999, 0.0, 11.625
1750398381.429067, 0.0, 11.625
1750398382.43931, 0.0, 11.625
1750398383.449569, 0.0, 11.625
1750398384.4559438, 0.0, 11.625
1750398385.471498, 0.0, 11.625
1750398386.4761128, 0.0, 11.625
1750398387.4925382, 0.0, 11.625
1750398388.504443, 0.0, 11.625
1750398389.514699, 0.0, 11.625
1750398390.5222049, 0.0, 11.625
1750398391.5280929, 0.0, 11.625
1750398392.539808, 0.0, 11.625
1750398393.5472682, 0.0, 11.625
1750398394.5575109, 0.0, 11.625
1750398395.569705, 0.0, 11.625
1750398396.579975, 0.0, 11.625
1750398397.5912151, 0.0, 11.625
1750398398.604031, 0.0, 11.625
1750398399.614691, 0.0, 11.625
1750398400.624931, 0.0, 11.625
1750398401.6367161, 0.0, 11.625
1750398402.654471, 0.0, 11.625
1750398403.657621, 0.0, 11.625
1750398404.670759, 0.0, 11.625
1750398405.681011, 0.0, 11.625
1750398406.691277, 0.0, 11.625
1750398407.703522, 0.0, 11.625
1750398408.713776, 0.0, 11.625
1750398409.724561, 0.0, 11.625
1750398410.7365031, 0.0, 11.625
1750398411.74677, 0.0, 11.625
1750398412.757014, 0.0, 11.625
1750398413.7699149, 0.0, 11.625
1750398414.7801752, 0.0, 11.625
1750398415.787117, 0.0, 11.625
1750398416.7927942, 0.0, 11.625
1750398417.8030531, 0.0, 11.625
1750398418.8133109, 0.0, 11.625
1750398419.823583, 0.0, 11.625
1750398420.8268669, 0.0, 11.625
1750398421.830794, 0.0, 11.625
1750398422.8410392, 0.0, 11.625
1750398423.853714, 0.0, 11.625
1750398424.864492, 0.0, 11.625
1750398425.871886, 0.0, 11.625
1750398426.882147, 0.0, 11.625
1750398427.892386, 0.0, 11.625
1750398428.9018502, 0.0, 11.625
1750398429.908185, 0.0, 11.625
1750398430.920908, 0.0, 11.625
1750398431.928042, 0.0, 11.625
1750398432.930547, 0.0, 11.625
1750398433.933894, 0.0, 11.625
1750398434.944169, 0.0, 11.625
1750398435.954423, 0.0, 11.625
1750398436.964679, 0.0, 11.625
1750398437.9705348, 0.0, 11.625
1750398438.980578, 0.0, 11.625
1750398439.986895, 0.0, 11.625
1750398441.0018601, 0.0, 11.625
1750398442.012177, 0.0, 11.625
1750398443.022437, 0.0, 11.625
1750398444.026366, 0.0, 11.625
1750398445.040343, 0.0, 11.625
1750398446.052593, 0.0, 11.625
1750398447.062836, 0.0, 11.625
1750398448.073924, 0.0, 11.625
1750398449.088398, 0.0, 11.625
1750398450.098667, 0.0, 11.625
1750398451.107622, 0.0, 11.625
1750398452.111291, 0.0, 11.625
1750398453.122439, 0.0, 11.625
1750398454.127419, 0.0, 11.625
1750398455.139145, 0.0, 11.625
1750398456.150326, 0.0, 11.625
1750398457.1569762, 0.0, 11.625
1750398458.161311, 0.0, 11.625
1750398459.168975, 0.0, 11.625
1750398460.180995, 0.0, 11.625
1750398461.189423, 0.0, 11.625
1750398462.203158, 0.0, 11.625
1750398463.2134311, 0.0, 11.625
1750398464.2238028, 0.0, 11.625
1750398465.2332008, 0.0, 11.625
1750398466.243526, 0.0, 11.625
1750398467.253803, 0.0, 11.625
1750398468.262212, 0.0, 11.625
1750398469.268565, 0.0, 11.625
1750398470.271501, 0.0, 11.625
1750398471.277853, 0.0, 11.625
1750398472.278547, 0.0, 11.625
1750398473.279497, 0.0, 11.625
1750398474.283904, 0.0, 11.625
1750398475.2940109, 0.0, 11.625
1750398476.304092, 0.0, 11.625
1750398477.314209, 0.0, 11.625
1750398478.324308, 0.0, 11.625
1750398479.334374, 0.0, 11.625
1750398480.344445, 0.0, 11.625
1750398481.357006, 0.0, 11.625
1750398482.3692958, 0.0, 11.625
1750398483.379337, 0.0, 11.625
1750398484.3868978, 0.0, 11.625
1750398485.38924, 0.0, 11.625
1750398486.400897, 0.0, 11.625
1750398487.411183, 0.0, 11.625
1750398488.421464, 0.0, 11.625
1750398489.428907, 0.0, 11.625
1750398490.443233, 0.0, 11.625
1750398491.4564888, 0.0, 11.625
1750398492.466539, 0.0, 11.625
1750398493.476833, 0.0, 11.625
1750398494.485661, 0.0, 11.625
1750398495.495913, 0.0, 11.625
1750398496.506691, 0.0, 11.625
1750398497.519373, 0.0, 11.625
1750398498.532948, 0.0, 11.625
1750398499.53916, 0.0, 11.625
1750398500.545424, 0.0, 11.625
1750398501.5527859, 0.0, 11.625
1750398502.5632792, 0.0, 11.625
1750398503.571657, 0.0, 11.625
1750398504.576423, 0.0, 11.625
1750398505.5793211, 0.0, 11.625
1750398506.5895722, 0.0, 11.625
1750398507.601411, 0.0, 11.625
1750398508.6037838, 0.0, 11.625
1750398509.611167, 0.0, 11.625
1750398510.619307, 0.0, 11.625
1750398511.630809, 0.0, 11.625
1750398512.641099, 0.0, 11.625
1750398513.6513479, 0.0, 11.625
1750398514.6615942, 0.0, 11.625
1750398515.6675148, 0.0, 11.625
1750398516.6777549, 0.0, 11.625
1750398517.679434, 0.0, 11.625
1750398518.689687, 0.0, 11.625
1750398519.7049952, 0.0, 11.625
1750398520.708802, 0.0, 11.625
1750398521.719198, 0.0, 11.625
1750398522.729486, 0.0, 11.625
1750398523.739752, 0.0, 11.625
1750398524.7488441, 0.0, 11.625
1750398525.755697, 0.0, 11.625
1750398526.76515, 0.0, 11.625
1750398527.766558, 0.0, 11.625
1750398528.770464, 0.0, 11.625
1750398529.782462, 0.0, 11.625
1750398530.7933068, 0.0, 11.625
1750398531.806157, 0.0, 11.625
1750398532.813518, 0.0, 11.625
1750398533.823779, 0.0, 11.625
1750398534.833087, 0.0, 11.625
1750398535.843341, 0.0, 11.625
1750398536.8529642, 0.0, 11.625
1750398537.866092, 0.0, 11.625
1750398538.876609, 0.0, 11.625
1750398539.8868952, 0.0, 11.625
1750398540.897177, 0.0, 11.625
1750398541.901023, 0.0, 11.625
1750398542.911221, 0.0, 11.625
1750398543.918147, 0.0, 11.625
1750398544.926136, 0.0, 11.625
1750398545.9359128, 0.0, 11.625
1750398546.946166, 0.0, 11.625
1750398547.9537752, 0.0, 11.625
1750398548.956513, 0.0, 11.625
1750398549.964919, 0.0, 11.625
1750398550.975169, 0.0, 11.625
1750398551.985427, 0.0, 11.625
1750398552.995714, 0.0, 11.625
1750398554.0039308, 0.0, 11.625
1750398555.0124211, 0.0, 11.625
1750398556.0289469, 0.0, 11.625
1750398557.0363069, 0.0, 11.625
1750398558.049241, 0.0, 11.625
1750398559.054246, 0.0, 11.625
1750398560.066992, 0.0, 11.625
1750398561.077271, 0.0, 11.625
1750398562.08553, 0.0, 11.625
1750398563.095778, 0.0, 11.625
1750398564.100575, 0.0, 11.625
1750398565.106302, 0.0, 11.625
1750398566.114638, 0.0, 11.625
1750398567.125034, 0.0, 11.625
1750398568.1326668, 0.0, 11.625
1750398569.135028, 0.0, 11.625
1750398570.144655, 0.0, 11.625
1750398571.1490629, 0.0, 11.625
1750398572.151371, 0.0, 11.625
1750398573.154121, 0.0, 11.625
1750398574.157114, 0.0, 11.625
1750398575.1677299, 0.0, 11.625
1750398576.186989, 0.0, 11.625
1750398577.201944, 0.0, 11.625
1750398578.208658, 0.0, 11.625
1750398579.218933, 0.0, 11.625
1750398580.226801, 0.0, 11.625
1750398581.237082, 0.0, 11.625
1750398582.248439, 0.0, 11.625
1750398583.252639, 0.0, 11.625
1750398584.26795, 0.0, 11.625
1750398585.2782311, 0.0, 11.625
1750398586.285645, 0.0, 11.625
1750398587.2867908, 0.0, 11.625
1750398588.2914639, 0.0, 11.625
1750398589.298571, 0.0, 11.625
1750398590.3088698, 0.0, 11.625
1750398591.319264, 0.0, 11.625
1750398592.3214872, 0.0, 11.625
1750398593.3318038, 0.0, 11.625
1750398594.342051, 0.0, 11.625
1750398595.352242, 0.0, 11.625
1750398596.3623471, 0.0, 11.625
1750398597.372538, 0.0, 11.625
1750398598.382946, 0.0, 11.625
1750398599.3875468, 0.0, 11.625
1750398600.399721, 0.0, 11.625
1750398601.409985, 0.0, 11.625
1750398602.418672, 0.0, 11.625
1750398603.425021, 0.0, 11.625
1750398604.429021, 0.0, 11.625
1750398605.4381142, 0.0, 11.625
1750398606.451413, 0.0, 11.625
1750398607.457328, 0.0, 11.625
1750398608.465387, 0.0, 11.625
1750398609.4756322, 0.0, 11.625
1750398610.4858859, 0.0, 11.625
1750398611.492209, 0.0, 11.625
1750398612.502774, 0.0, 11.625
1750398613.5129972, 0.0, 11.625
1750398614.525433, 0.0, 11.625
1750398615.5324109, 0.0, 11.625
1750398616.542665, 0.0, 11.625
1750398617.552245, 0.0, 11.625
1750398618.55522, 0.0, 11.625
1750398619.559073, 0.0, 11.625
1750398620.5692968, 0.0, 11.625
1750398621.5723798, 0.0, 11.625
1750398622.579254, 0.0, 11.625
1750398623.5841339, 0.0, 11.625
1750398624.594381, 0.0, 11.625
1750398625.604651, 0.0, 11.625
1750398626.614378, 0.0, 11.625
1750398627.62398, 0.0, 11.625
1750398628.634228, 0.0, 11.625
1750398629.6445298, 0.0, 11.625
1750398630.654795, 0.0, 11.625
1750398631.665051, 0.0, 11.625
1750398632.676179, 0.0, 11.625
1750398633.686416, 0.0, 11.625
1750398634.698397, 0.0, 11.625
1750398635.703881, 0.0, 11.625
1750398636.710758, 0.0, 11.625
1750398637.7210839, 0.0, 11.625
1750398638.7321641, 0.0, 11.625
1750398639.742423, 0.0, 11.625
1750398640.752674, 0.0, 11.625
1750398641.754884, 0.0, 11.625
1750398642.7659678, 0.0, 11.625
1750398643.773396, 0.0, 11.625
1750398644.781117, 0.0, 11.625
1750398645.790087, 0.0, 11.625
1750398646.7944908, 0.0, 11.625
1750398647.806684, 0.0, 11.625
1750398648.812681, 0.0, 11.625
1750398649.8181062, 0.0, 11.625
1750398650.822929, 0.0, 11.625
1750398651.83713, 0.0, 11.625
1750398652.841751, 0.0, 11.625
1750398653.846684, 0.0, 11.625
1750398654.8606248, 0.0, 11.625
1750398655.870882, 0.0, 11.625
1750398656.878904, 0.0, 11.625
1750398657.88916, 0.0, 11.625
1750398658.8939462, 0.0, 11.625
1750398659.90322, 0.0, 11.625
1750398660.9193, 0.0, 11.625
1750398661.93586, 0.0, 11.625
1750398662.9474041, 0.0, 11.625
1750398663.957685, 0.0, 11.625
1750398664.9659588, 0.0, 11.625
1750398665.966999, 0.0, 11.625
1750398666.9772842, 0.0, 11.625
1750398667.986505, 0.0, 11.625
1750398668.9900239, 0.0, 11.625
1750398669.99709, 0.0, 11.625
1750398671.012628, 0.0, 11.625
1750398672.032164, 0.0, 11.625
1750398673.03927, 0.0, 11.625
1750398674.049561, 0.0, 11.625
1750398675.059834, 0.0, 11.625
1750398676.070082, 0.0, 11.625
1750398677.073439, 0.0, 11.625
1750398678.083725, 0.0, 11.625
1750398679.0932841, 0.0, 11.625
1750398680.103769, 0.0, 11.625
1750398681.114036, 0.0, 11.625
1750398682.116333, 0.0, 11.625
1750398683.117054, 0.0, 11.625
1750398684.1296058, 0.0, 11.625
1750398685.139894, 0.0, 11.625
1750398686.1490839, 0.0, 11.625
1750398687.1593332, 0.0, 11.625
1750398688.1623628, 0.0, 11.625
1750398689.1726122, 0.0, 11.625
1750398690.182867, 0.0, 11.625
1750398691.1958258, 0.0, 11.625
1750398692.206089, 0.0, 11.625
1750398693.216407, 0.0, 11.625
1750398694.2326632, 0.0, 11.625
1750398695.2461061, 0.0, 11.625
1750398696.256344, 0.0, 11.625
1750398697.2646022, 0.0, 11.625
1750398698.2748759, 0.0, 11.625
1750398699.279181, 0.0, 11.625
1750398700.2838342, 0.0, 11.625
1750398701.2927868, 0.0, 11.625
1750398702.301627, 0.0, 11.625
1750398703.3118458, 0.0, 11.625
1750398704.3220859, 0.0, 11.625
1750398705.332654, 0.0, 11.625
1750398706.3429508, 0.0, 11.625
1750398707.345067, 0.0, 11.625
1750398708.355319, 0.0, 11.625
1750398709.360308, 0.0, 11.625
1750398710.367182, 0.0, 11.625
1750398711.3772821, 0.0, 11.625
1750398712.387372, 0.0, 11.625
1750398713.397449, 0.0, 11.625
1750398714.407508, 0.0, 11.625
1750398715.4210072, 0.0, 11.625
1750398716.431479, 0.0, 11.625
1750398717.441211, 0.0, 11.625
1750398718.448881, 0.0, 11.625
1750398719.457132, 0.0, 11.625
1750398720.467388, 0.0, 11.625
1750398721.482676, 0.0, 11.625
1750398722.486024, 0.0, 11.625
1750398723.4892328, 0.0, 11.625
1750398724.499464, 0.0, 11.625
1750398725.510507, 0.0, 11.625
1750398726.516939, 0.0, 11.625
1750398727.519723, 0.0, 11.625
1750398728.529326, 0.0, 11.625
1750398729.537987, 0.0, 11.625
1750398730.542974, 0.0, 11.625
1750398731.553247, 0.0, 11.625
1750398732.5575051, 0.0, 11.625
1750398733.562662, 0.0, 11.625
1750398734.5716538, 0.0, 11.625
1750398735.581894, 0.0, 11.625
1750398736.5966442, 0.0, 11.625
1750398737.604366, 0.0, 11.625
1750398738.6146219, 0.0, 11.625
1750398739.624898, 0.0, 11.625
1750398740.6304588, 0.0, 11.625
1750398741.645011, 0.0, 11.625
1750398742.6552498, 0.0, 11.625
1750398743.665534, 0.0, 11.625
1750398744.677752, 0.0, 11.625
1750398745.690368, 0.0, 11.625
1750398746.694457, 0.0, 11.625
1750398747.698355, 0.0, 11.625
1750398748.700247, 0.0, 11.625
1750398749.704602, 0.0, 11.625
1750398750.714866, 0.0, 11.625
1750398751.728087, 0.0, 11.625
1750398752.7383811, 0.0, 11.625
1750398753.749107, 0.0, 11.625
1750398754.75573, 0.0, 11.625
1750398755.765964, 0.0, 11.625
1750398756.770664, 0.0, 11.625
1750398757.784169, 0.0, 11.625
1750398758.786844, 0.0, 11.625
1750398759.79813, 0.0, 11.625
1750398760.814374, 0.0, 11.625
1750398761.8272362, 0.0, 11.625
1750398762.8375092, 0.0, 11.625
1750398763.8482618, 0.0, 11.625
1750398764.8599622, 0.0, 11.625
1750398765.8728802, 0.0, 11.625
1750398766.8831391, 0.0, 11.625
1750398767.8933818, 0.0, 11.625
1750398768.903648, 0.0, 11.625
1750398769.909884, 0.0, 11.625
1750398770.9201229, 0.0, 11.625
1750398771.9303732, 0.0, 11.625
1750398772.9393349, 0.0, 11.625
1750398773.952137, 0.0, 11.625
1750398774.962406, 0.0, 11.625
1750398775.96575, 0.0, 11.625
1750398776.975978, 0.0, 11.625
1750398777.988524, 0.0, 11.625
1750398778.998274, 0.0, 11.625
1750398780.011318, 0.0, 11.625
1750398781.0165231, 0.0, 11.625
1750398782.027458, 0.0, 11.625
1750398783.0381598, 0.0, 11.625
1750398784.048405, 0.0, 11.625
1750398785.060564, 0.0, 11.625
1750398786.072371, 0.0, 11.625
1750398787.07707, 0.0, 11.625
1750398788.0830941, 0.0, 11.625
1750398789.095047, 0.0, 11.625
1750398790.104241, 0.0, 11.625
1750398791.1113799, 0.0, 11.625
1750398792.121631, 0.0, 11.625
1750398793.126375, 0.0, 11.625
1750398794.13217, 0.0, 11.625
1750398795.141654, 0.0, 11.625
1750398796.1518981, 0.0, 11.625
1750398797.160347, 0.0, 11.625
1750398798.163559, 0.0, 11.625
1750398799.16504, 0.0, 11.625
1750398800.179591, 0.0, 11.625
1750398801.192687, 0.0, 11.625
1750398802.2029681, 0.0, 11.625
1750398803.2132108, 0.0, 11.625
1750398804.2193348, 0.0, 11.625
1750398805.2243369, 0.0, 11.625
1750398806.2319129, 0.0, 11.625
1750398807.235393, 0.0, 11.625
1750398808.244951, 0.0, 11.625
1750398809.255218, 0.0, 11.625
1750398810.265507, 0.0, 11.625
1750398811.2761998, 0.0, 11.625
1750398812.2835689, 0.0, 11.625
1750398813.291797, 0.0, 11.625
1750398814.2963998, 0.0, 11.625
1750398815.302834, 0.0, 11.625
1750398816.3117282, 0.0, 11.625
1750398817.321968, 0.0, 11.625
1750398818.32482, 0.0, 11.625
1750398819.337065, 0.0, 11.625
1750398820.3417861, 0.0, 11.625
1750398821.352022, 0.0, 11.625
1750398822.362488, 0.0, 11.625
1750398823.372563, 0.0, 11.625
1750398824.3822532, 0.0, 11.625
1750398825.382855, 0.0, 11.625
1750398826.385874, 0.0, 11.625
1750398827.3961291, 0.0, 11.625
1750398828.404793, 0.0, 11.625
1750398829.414912, 0.0, 11.625
1750398830.430218, 0.0, 11.625
1750398831.4429839, 0.0, 11.625
1750398832.4448588, 0.0, 11.625
1750398833.455117, 0.0, 11.625
1750398834.4593658, 0.0, 11.625
1750398835.4696589, 0.0, 11.625
1750398836.4799418, 0.0, 11.625
1750398837.482184, 0.0, 11.625
1750398838.492401, 0.0, 11.625
1750398839.50968, 0.0, 11.625
1750398840.5131352, 0.0, 11.625
1750398841.525461, 0.0, 11.625
1750398842.535962, 0.0, 11.625
1750398843.5425348, 0.0, 11.625
1750398844.553505, 0.0, 11.625
1750398845.563782, 0.0, 11.625
1750398846.576242, 0.0, 11.625
1750398847.580388, 0.0, 11.625
1750398848.591418, 0.0, 11.625
1750398849.601755, 0.0, 11.625
1750398850.6053061, 0.0, 11.625
1750398851.615551, 0.0, 11.625
1750398852.625605, 0.0, 11.625
1750398853.635846, 0.0, 11.625
1750398854.641612, 0.0, 11.625
1750398855.651856, 0.0, 11.625
1750398856.662106, 0.0, 11.625
1750398857.674738, 0.0, 11.625
1750398858.685029, 0.0, 11.625
1750398859.68947, 0.0, 11.625
1750398860.699751, 0.0, 11.625
1750398861.704681, 0.0, 11.625
1750398862.7243369, 0.0, 11.625
1750398863.72813, 0.0, 11.625
1750398864.7392058, 0.0, 11.625
1750398865.758555, 0.0, 11.625
1750398866.767551, 0.0, 11.625
1750398867.777567, 0.0, 11.625
1750398868.7789161, 0.0, 11.625
1750398869.790608, 0.0, 11.625
1750398870.80085, 0.0, 11.625
1750398871.807671, 0.0, 11.625
1750398872.817918, 0.0, 11.625
1750398873.8237062, 0.0, 11.625
1750398874.833081, 0.0, 11.625
1750398875.8347762, 0.0, 11.625
1750398876.848227, 0.0, 11.625
1750398877.862303, 0.0, 11.625
1750398878.865534, 0.0, 11.625
1750398879.875773, 0.0, 11.625
1750398880.889993, 0.0, 11.625
1750398881.9002419, 0.0, 11.625
1750398882.910505, 0.0, 11.625
1750398883.923785, 0.0, 11.625
1750398884.934022, 0.0, 11.625
1750398885.943969, 0.0, 11.625
1750398886.9569721, 0.0, 11.625
1750398887.9609559, 0.0, 11.625
1750398888.9735548, 0.0, 11.625
1750398889.983847, 0.0, 11.625
1750398890.9944901, 0.0, 11.625
1750398891.9999201, 0.0, 11.625
1750398893.010231, 0.0, 11.625
1750398894.019412, 0.0, 11.625
1750398895.02967, 0.0, 11.625
1750398896.038993, 0.0, 11.625
1750398897.055934, 0.0, 11.625
1750398898.067251, 0.0, 11.625
1750398899.077558, 0.0, 11.625
1750398900.07918, 0.0, 11.625
1750398901.09113, 0.0, 11.625
1750398902.108116, 0.0, 11.625
1750398903.11278, 0.0, 11.625
1750398904.1172879, 0.0, 11.625
1750398905.127552, 0.0, 11.625
1750398906.1408498, 0.0, 11.625
1750398907.15112, 0.0, 11.625
1750398908.161366, 0.0, 11.625
1750398909.1743932, 0.0, 11.625
1750398910.190111, 0.0, 11.625
1750398911.199352, 0.0, 11.625
1750398912.210239, 0.0, 11.625
1750398913.216596, 0.0, 11.625
1750398914.2238662, 0.0, 11.625
1750398915.2333481, 0.0, 11.625
1750398916.240504, 0.0, 11.625
1750398917.2480829, 0.0, 11.625
1750398918.258838, 0.0, 11.625
1750398919.269109, 0.0, 11.625
1750398920.2789812, 0.0, 11.625
1750398921.290406, 0.0, 11.625
1750398922.300679, 0.0, 11.625
1750398923.310839, 0.0, 11.625
1750398924.315902, 0.0, 11.625
1750398925.322578, 0.0, 11.625
1750398926.330065, 0.0, 11.625
1750398927.338159, 0.0, 11.625
1750398928.348501, 0.0, 11.625
1750398929.354815, 0.0, 11.625
1750398930.364746, 0.0, 11.625
1750398931.3750038, 0.0, 11.625
1750398932.385258, 0.0, 11.625
1750398933.397047, 0.0, 11.625
1750398934.4073029, 0.0, 11.625
1750398935.4175649, 0.0, 11.625
1750398936.422017, 0.0, 11.625
1750398937.43872, 0.0, 11.625
1750398938.4432771, 0.0, 11.625
1750398939.448729, 0.0, 11.625
1750398940.4516559, 0.0, 11.625
1750398941.461962, 0.0, 11.625
1750398942.472513, 0.0, 11.625
1750398943.482902, 0.0, 11.625
1750398944.4910452, 0.0, 11.625
1750398945.5012412, 0.0, 11.625
1750398946.511341, 0.0, 11.625
1750398947.521418, 0.0, 11.625
1750398948.531483, 0.0, 11.625
1750398949.540223, 0.0, 11.625
1750398950.5504708, 0.0, 11.625
1750398951.551935, 0.0, 11.625
1750398952.562187, 0.0, 11.625
1750398953.5654888, 0.0, 11.625
1750398954.5735822, 0.0, 11.625
1750398955.578499, 0.0, 11.625
1750398956.589934, 0.0, 11.625
1750398957.594439, 0.0, 11.625
1750398958.598658, 0.0, 11.625
1750398959.601068, 0.0, 11.625
1750398960.61133, 0.0, 11.625
1750398961.613018, 0.0, 11.625
1750398962.623751, 0.0, 11.625
1750398963.630919, 0.0, 11.625
1750398964.641173, 0.0, 11.625
1750398965.651428, 0.0, 11.625
1750398966.6617029, 0.0, 11.625
1750398967.6656551, 0.0, 11.625
1750398968.672022, 0.0, 11.625
1750398969.682271, 0.0, 11.625
1750398970.6925151, 0.0, 11.625
1750398971.708669, 0.0, 11.625
1750398972.723402, 0.0, 11.625
1750398973.7237, 0.0, 11.625
1750398974.7278342, 0.0, 11.625
1750398975.743664, 0.0, 11.625
1750398976.7502851, 0.0, 11.625
1750398977.760533, 0.0, 11.625
1750398978.770932, 0.0, 11.625
1750398979.780271, 0.0, 11.625
1750398980.787651, 0.0, 11.625
1750398981.797188, 0.0, 11.625
1750398982.802092, 0.0, 11.625
1750398983.811291, 0.0, 11.625
1750398984.820792, 0.0, 11.625
1750398985.83092, 0.0, 11.625
1750398986.8402529, 0.0, 11.625
1750398987.8505118, 0.0, 11.625
1750398988.856756, 0.0, 11.625
1750398989.8630981, 0.0, 11.625
1750398990.878379, 0.0, 11.625
1750398991.882475, 0.0, 11.625
1750398992.8913448, 0.0, 11.625
1750398993.905951, 0.0, 11.625
1750398994.911755, 0.0, 11.625
1750398995.925024, 0.0, 11.625
1750398996.938626, 0.0, 11.625
1750398997.94888, 0.0, 11.625
1750398998.9591758, 0.0, 11.625
1750398999.97218, 0.0, 11.625
1750399000.9824462, 0.0, 11.625
1750399001.990834, 0.0, 11.625
1750399003.0033789, 0.0, 11.625
1750399004.010257, 0.0, 11.625
1750399005.0205078, 0.1, 11.625
1750399006.025532, 0.0, 11.625
1750399007.026356, 0.0, 11.625
1750399008.0391738, 0.0, 11.625
1750399009.045324, 0.0, 11.625
1750399010.0554922, 0.0, 11.625
1750399011.069525, 0.0, 11.625
1750399012.076909, 0.0, 11.625
1750399013.082207, 0.0, 11.625
1750399014.087914, 0.0, 11.625
1750399015.100281, 0.0, 11.625
1750399016.1080089, 0.0, 11.625
1750399017.121633, 0.0, 11.625
1750399018.13241, 0.0, 11.625
1750399019.144369, 0.0, 11.625
1750399020.155954, 0.0, 11.625
1750399021.166199, 0.0, 11.625
1750399022.1752388, 0.0, 11.625
1750399023.188302, 0.0, 11.625
1750399024.196488, 0.0, 11.625
1750399025.2067451, 0.0, 11.625
1750399026.213981, 0.0, 11.625
1750399027.222689, 0.0, 11.625
1750399028.2329652, 0.0, 11.625
1750399029.233881, 0.0, 11.625
1750399030.24109, 0.0, 11.625
1750399031.2432709, 0.0, 11.625
1750399032.2515478, 0.0, 11.625
1750399033.25344, 0.0, 11.625
1750399034.260598, 0.0, 11.625
1750399035.270881, 0.0, 11.625
1750399036.2811708, 0.0, 11.625
1750399037.286571, 0.0, 11.625
1750399038.29351, 0.0, 11.625
1750399039.303823, 0.0, 11.625
1750399040.312621, 0.0, 11.625
1750399041.32288, 0.0, 11.625
1750399042.330963, 0.0, 11.625
1750399043.341207, 0.0, 11.625
1750399044.353285, 0.0, 11.625
1750399045.360565, 0.0, 11.625
1750399046.3708081, 0.0, 11.625
1750399047.386113, 0.0, 11.625
1750399048.3965828, 0.0, 11.625
1750399049.402747, 0.0, 11.625
1750399050.404023, 0.0, 11.625
1750399051.414298, 0.0, 11.625
1750399052.419185, 0.0, 11.625
1750399053.42306, 0.0, 11.625
1750399054.4324338, 0.0, 11.625
1750399055.444927, 0.0, 11.625
1750399056.458907, 0.0, 11.625
1750399057.469275, 0.0, 11.625
1750399058.478025, 0.0, 11.625
1750399059.4878862, 0.0, 11.625
1750399060.492745, 0.0, 11.625
1750399061.5031319, 0.0, 11.625
1750399062.507085, 0.0, 11.625
1750399063.5134468, 0.0, 11.625
1750399064.522519, 0.0, 11.625
1750399065.532629, 0.0, 11.625
1750399066.542708, 0.0, 11.625
1750399067.55282, 0.0, 11.625
1750399068.562908, 0.0, 11.625
1750399069.572973, 0.0, 11.625
1750399070.590045, 0.0, 11.625
1750399071.594023, 0.0, 11.625
1750399072.605716, 0.0, 11.625
1750399073.618415, 0.0, 11.625
1750399074.619773, 0.0, 11.625
1750399075.6300302, 0.0, 11.625
1750399076.640288, 0.0, 11.625
1750399077.652531, 0.0, 11.625
1750399078.662791, 0.0, 11.625
1750399079.669121, 0.0, 11.625
1750399080.6739929, 0.0, 11.625
1750399081.6848068, 0.0, 11.625
1750399082.6950772, 0.0, 11.625
1750399083.705309, 0.0, 11.625
1750399084.712777, 0.0, 11.625
1750399085.723854, 0.0, 11.625
1750399086.736799, 0.0, 11.625
1750399087.73946, 0.0, 11.625
1750399088.752706, 0.0, 11.625
1750399089.7629461, 0.0, 11.625
1750399090.770518, 0.0, 11.625
1750399091.779234, 0.0, 11.625
1750399092.7840488, 0.0, 11.625
1750399093.795122, 0.0, 11.625
1750399094.8053749, 0.0, 11.625
1750399095.8184419, 0.0, 11.625
1750399096.828692, 0.0, 11.625
1750399097.838345, 0.0, 11.625
1750399098.8476942, 0.0, 11.625
1750399099.8579369, 0.0, 11.625
1750399100.868187, 0.0, 11.625
1750399101.8750389, 0.0, 11.625
1750399102.879327, 0.0, 11.625
1750399103.885849, 0.0, 11.625
1750399104.890343, 0.0, 11.625
1750399105.8992808, 0.0, 11.625
1750399106.908967, 0.0, 11.625
1750399107.917569, 0.0, 11.625
1750399108.927843, 0.0, 11.625
1750399109.9380941, 0.0, 11.625
1750399110.9504929, 0.0, 11.625
1750399111.960744, 0.0, 11.625
1750399112.970746, 0.0, 11.625
1750399113.980358, 0.0, 11.625
1750399114.985043, 0.0, 11.625
1750399115.995362, 0.0, 11.625
1750399117.000524, 0.0, 11.625
1750399118.009208, 0.0, 11.625
1750399119.020277, 0.0, 11.625
1750399120.027528, 0.0, 11.625
1750399121.033408, 0.0, 11.625
1750399122.0369549, 0.0, 11.625
1750399123.049842, 0.0, 11.625
1750399124.052961, 0.0, 11.625
1750399125.060738, 0.0, 11.625
1750399126.068275, 0.0, 11.625
1750399127.0715241, 0.0, 11.625
1750399128.076496, 0.0, 11.625
1750399129.083265, 0.0, 11.625
1750399130.0983748, 0.0, 11.625
1750399131.099349, 0.0, 11.625
1750399132.110274, 0.0, 11.625
1750399133.1188118, 0.0, 11.625
1750399134.12368, 0.0, 11.625
1750399135.1280158, 0.0, 11.625
1750399136.1371388, 0.0, 11.625
1750399137.146073, 0.0, 11.625
1750399138.1495638, 0.0, 11.625
1750399139.158464, 0.0, 11.625
1750399140.167687, 0.0, 11.625
1750399141.176928, 0.0, 11.625
1750399142.181694, 0.0, 11.625
1750399143.191071, 0.0, 11.625
1750399144.201309, 0.0, 11.625
1750399145.209269, 0.0, 11.625
1750399146.218765, 0.0, 11.625
1750399147.2283251, 0.0, 11.625
1750399148.23391, 0.0, 11.625
1750399149.2448142, 0.0, 11.625
1750399150.245963, 0.0, 11.625
1750399151.249784, 0.0, 11.625
1750399152.261386, 0.0, 11.625
1750399153.261455, 0.0, 11.625
1750399154.273412, 0.0, 11.625
1750399155.279319, 0.0, 11.625
1750399156.288197, 0.0, 11.625
1750399157.294807, 0.0, 11.625
1750399158.310009, 0.0, 11.625
1750399159.321703, 0.0, 11.625
1750399160.329062, 0.0, 11.625
1750399161.3373299, 0.0, 11.625
1750399162.339405, 0.0, 11.625
1750399163.3493938, 0.0, 11.625
1750399164.357933, 0.0, 11.625
1750399165.369314, 0.0, 11.625
1750399166.383682, 0.0, 11.625
1750399167.3937438, 0.0, 11.625
1750399168.396595, 0.0, 11.625
1750399169.411942, 0.0, 11.625
1750399170.4181418, 0.0, 11.625
1750399171.421969, 0.0, 11.625
1750399172.434317, 0.0, 11.625
1750399173.4385018, 0.0, 11.625
1750399174.440792, 0.0, 11.625
1750399175.444461, 0.0, 11.625
1750399176.452348, 0.0, 11.625
1750399177.462631, 0.0, 11.625
1750399178.473012, 0.0, 11.625
1750399179.481008, 0.0, 11.625
1750399180.489739, 0.0, 11.625
1750399181.492793, 0.0, 11.625
1750399182.5028312, 0.0, 11.625
1750399183.512832, 0.0, 11.625
1750399184.522836, 0.0, 11.625
1750399185.532832, 0.0, 11.625
1750399186.543008, 0.0, 11.625
1750399187.553208, 0.0, 11.625
1750399188.556884, 0.0, 11.625
1750399189.567115, 0.0, 11.625
1750399190.572544, 0.0, 11.625
1750399191.583808, 0.0, 11.625
1750399192.588923, 0.0, 11.625
1750399193.589728, 0.0, 11.625
1750399194.6026938, 0.0, 11.625
1750399195.6046531, 0.0, 11.625
1750399196.6067488, 0.0, 11.625
1750399197.620654, 0.0, 11.625
1750399198.63323, 0.0, 11.625
1750399199.6394958, 0.0, 11.625
1750399200.649712, 0.0, 11.625
1750399201.657693, 0.0, 11.625
1750399202.666039, 0.0, 11.625
1750399203.6826591, 0.0, 11.625
1750399204.692994, 0.0, 11.625
1750399205.709391, 0.0, 11.625
1750399206.7203782, 0.0, 11.625
1750399207.731702, 0.0, 11.625
1750399208.738039, 0.0, 11.625
1750399209.748694, 0.0, 11.625
1750399210.7575, 0.0, 11.625
1750399211.765476, 0.0, 11.625
1750399212.777727, 0.0, 11.625
1750399213.7908878, 0.0, 11.625
1750399214.798545, 0.0, 11.625
1750399215.804936, 0.0, 11.625
1750399216.811767, 0.0, 11.625
1750399217.813331, 0.0, 11.625
1750399218.82357, 0.0, 11.625
1750399219.830867, 0.0, 11.625
1750399220.841183, 0.0, 11.625
1750399221.8498769, 0.0, 11.625
1750399222.860136, 0.0, 11.625
1750399223.861344, 0.0, 11.625
1750399224.881244, 0.0, 11.625
1750399225.891482, 0.0, 11.625
1750399226.901727, 0.0, 11.625
1750399227.907469, 0.0, 11.625
1750399228.915319, 0.0, 11.625
1750399229.921879, 0.0, 11.625
1750399230.923872, 0.0, 11.625
1750399231.9299011, 0.0, 11.625
1750399232.9344509, 0.0, 11.625
1750399233.946522, 0.0, 11.625
1750399234.956788, 0.0, 11.625
1750399235.96704, 0.0, 11.625
1750399236.974543, 0.0, 11.625
1750399237.984769, 0.0, 11.625
1750399239.0012789, 0.0, 11.625
1750399240.0143921, 0.0, 11.625
1750399241.024622, 0.0, 11.625
1750399242.0312839, 0.0, 11.625
1750399243.045561, 0.0, 11.625
1750399244.058697, 0.0, 11.625
1750399245.0689092, 0.0, 11.625
1750399246.081451, 0.0, 11.625
1750399247.087451, 0.0, 11.625
1750399248.094178, 0.0, 11.625
1750399249.102891, 0.0, 11.625
1750399250.115587, 0.0, 11.625
1750399251.121238, 0.0, 11.625
1750399252.123508, 0.0, 11.625
1750399253.130267, 0.0, 11.625
1750399254.134733, 0.0, 11.625
1750399255.14046, 0.0, 11.625
1750399256.145359, 0.0, 11.625
1750399257.153413, 0.0, 11.625
1750399258.157504, 0.0, 11.625
1750399259.163449, 0.0, 11.625
1750399260.1692889, 0.0, 11.625
1750399261.180872, 0.0, 11.625
1750399262.191113, 0.0, 11.625
1750399263.200599, 0.0, 11.625
1750399264.210388, 0.0, 11.625
1750399265.2206311, 0.0, 11.625
1750399266.2308722, 0.0, 11.625
1750399267.238851, 0.0, 11.625
1750399268.249123, 0.0, 11.625
1750399269.252479, 0.0, 11.625
1750399270.259607, 0.0, 11.625
1750399271.2747269, 0.0, 11.625
1750399272.283432, 0.0, 11.625
1750399273.3032022, 0.0, 11.625
1750399274.3134239, 0.0, 11.625
1750399275.320441, 0.0, 11.625
1750399276.334941, 0.0, 11.625
1750399277.349375, 0.0, 11.625
1750399278.36337, 0.0, 11.625
1750399279.37402, 0.0, 11.625
1750399280.379786, 0.0, 11.625
1750399281.390054, 0.0, 11.625
1750399282.400321, 0.0, 11.625
1750399283.4119291, 0.0, 11.625
1750399284.413453, 0.0, 11.625
1750399285.423807, 0.0, 11.625
1750399286.4340968, 0.0, 11.625
1750399287.4454331, 0.0, 11.625
1750399288.455924, 0.0, 11.625
1750399289.464606, 0.0, 11.625
1750399290.4653509, 0.0, 11.625
1750399291.473869, 0.0, 11.625
1750399292.481531, 0.0, 11.625
1750399293.4944372, 0.0, 11.625
1750399294.5047522, 0.0, 11.625
1750399295.5149848, 0.0, 11.625
1750399296.519677, 0.0, 11.625
1750399297.526531, 0.0, 11.625
1750399298.5315971, 0.0, 11.625
1750399299.53736, 0.0, 11.625
1750399300.5386748, 0.0, 11.625
1750399301.5488122, 0.0, 11.625
1750399302.558922, 0.0, 11.625
1750399303.568987, 0.0, 11.625
1750399304.5790431, 0.0, 11.625
1750399305.5890958, 0.0, 11.625
1750399306.5994399, 0.0, 11.625
1750399307.606354, 0.0, 11.625
1750399308.616629, 0.0, 11.625
1750399309.629447, 0.0, 11.625
1750399310.6367738, 0.0, 11.625
1750399311.63888, 0.0, 11.625
1750399312.649138, 0.0, 11.625
1750399313.662496, 0.0, 11.625
1750399314.672798, 0.0, 11.625
1750399315.6814568, 0.0, 11.625
1750399316.684834, 0.0, 11.625
1750399317.6951869, 0.0, 11.625
1750399318.705434, 0.0, 11.625
1750399319.71569, 0.0, 11.625
1750399320.733609, 0.0, 11.625
1750399321.7451992, 0.0, 11.625
1750399322.751837, 0.0, 11.625
1750399323.7620869, 0.0, 11.625
1750399324.772413, 0.0, 11.625
1750399325.7780218, 0.0, 11.625
1750399326.789301, 0.0, 11.625
1750399327.8019872, 0.0, 11.625
1750399328.811486, 0.0, 11.625
1750399329.814545, 0.0, 11.625
1750399330.8285708, 0.0, 11.625
1750399331.8337028, 0.0, 11.625
1750399332.837887, 0.0, 11.625
1750399333.840045, 0.0, 11.625
1750399334.848325, 0.0, 11.625
1750399335.854219, 0.0, 11.625
1750399336.864473, 0.0, 11.625
1750399337.877275, 0.0, 11.625
1750399338.884044, 0.0, 11.625
1750399339.8929222, 0.0, 11.625
1750399340.9032252, 0.0, 11.625
1750399341.913492, 0.0, 11.625
1750399342.91787, 0.0, 11.625
1750399343.9280908, 0.0, 11.625
1750399344.932482, 0.0, 11.625
1750399345.9370282, 0.0, 11.625
1750399346.9483058, 0.0, 11.625
1750399347.959434, 0.0, 11.625
1750399348.969889, 0.0, 11.625
1750399349.9784698, 0.0, 11.625
1750399350.988707, 0.0, 11.625
1750399351.9969778, 0.0, 11.625
1750399353.006722, 0.0, 11.625
1750399354.017015, 0.0, 11.625
1750399355.019735, 0.0, 11.625
1750399356.0251951, 0.0, 11.625
1750399357.0355399, 0.0, 11.625
1750399358.045782, 0.0, 11.625
1750399359.056351, 0.0, 11.625
1750399360.064068, 0.0, 11.625
1750399361.069216, 0.0, 11.625
1750399362.0785851, 0.0, 11.625
1750399363.092118, 0.0, 11.625
1750399364.102355, 0.0, 11.625
1750399365.1098309, 0.0, 11.625
1750399366.121662, 0.0, 11.625
1750399367.131913, 0.0, 11.625
1750399368.138794, 0.0, 11.625
1750399369.145822, 0.0, 11.625
1750399370.15835, 0.0, 11.625
1750399371.1685781, 0.0, 11.625
1750399372.172503, 0.0, 11.625
1750399373.1781151, 0.0, 11.625
1750399374.182963, 0.0, 11.625
1750399375.19106, 0.0, 11.625
1750399376.203008, 0.0, 11.625
1750399377.213266, 0.0, 11.625
1750399378.228729, 0.0, 11.625
1750399379.241185, 0.0, 11.625
1750399380.249791, 0.0, 11.625
1750399381.252652, 0.0, 11.625
1750399382.2605069, 0.0, 11.625
1750399383.2695081, 0.0, 11.625
1750399384.278253, 0.0, 11.625
1750399385.2850811, 0.0, 11.625
1750399386.292771, 0.0, 11.625
1750399387.297668, 0.0, 11.625
1750399388.309199, 0.0, 11.625
1750399389.319344, 0.0, 11.625
1750399390.329609, 0.0, 11.625
1750399391.346095, 0.0, 11.625
1750399392.3537438, 0.0, 11.625
1750399393.356482, 0.0, 11.625
1750399394.3685372, 0.0, 11.625
1750399395.3722339, 0.0, 11.625
1750399396.385047, 0.0, 11.625
1750399397.391767, 0.0, 11.625
1750399398.4050019, 0.0, 11.625
1750399399.410337, 0.0, 11.625
1750399400.420362, 0.0, 11.625
1750399401.421767, 0.0, 11.625
1750399402.43214, 0.0, 11.625
1750399403.442369, 0.0, 11.625
1750399404.450794, 0.0, 11.625
1750399405.458986, 0.0, 11.625
1750399406.469223, 0.0, 11.625
1750399407.475509, 0.0, 11.625
1750399408.486083, 0.0, 11.625
1750399409.497042, 0.0, 11.625
1750399410.5072708, 0.0, 11.625
1750399411.511504, 0.0, 11.625
1750399412.51217, 0.0, 11.625
1750399413.5161128, 0.0, 11.625
1750399414.5261922, 0.0, 11.625
1750399415.5362802, 0.0, 11.625
1750399416.5466812, 0.0, 11.625
1750399417.55148, 0.0, 11.625
1750399418.561595, 0.0, 11.625
1750399419.571695, 0.0, 11.625
1750399420.5729222, 0.0, 11.625
1750399421.583083, 0.0, 11.625
1750399422.5940092, 0.0, 11.625
1750399423.604688, 0.0, 11.625
1750399424.615068, 0.0, 11.625
1750399425.630584, 0.0, 11.625
1750399426.632053, 0.0, 11.625
1750399427.6417742, 0.0, 11.625
1750399428.652006, 0.0, 11.625
1750399429.662247, 0.0, 11.625
1750399430.674571, 0.0, 11.625
1750399431.6819332, 0.0, 11.625
1750399432.6922371, 0.0, 11.625
1750399433.7024698, 0.0, 11.625
1750399434.7126982, 0.0, 11.625
1750399435.717592, 0.0, 11.625
1750399436.7233942, 0.0, 11.625
1750399437.7260191, 0.0, 11.625
1750399438.736298, 0.0, 11.625
1750399439.746562, 0.0, 11.625
1750399440.751138, 0.0, 11.625
1750399441.761389, 0.0, 11.625
1750399442.774459, 0.0, 11.625
1750399443.779853, 0.0, 11.625
1750399444.7940109, 0.0, 11.625
1750399445.804065, 0.0, 11.625
1750399446.816405, 0.0, 11.625
1750399447.8266811, 0.0, 11.625
1750399448.836975, 0.0, 11.625
1750399449.849869, 0.0, 11.625
1750399450.853354, 0.0, 11.625
1750399451.856941, 0.0, 11.625
1750399452.8622851, 0.0, 11.625
1750399453.8783438, 0.0, 11.625
1750399454.890242, 0.0, 11.625
1750399455.8985019, 0.0, 11.625
1750399456.9063559, 0.0, 11.625
1750399457.9166138, 0.0, 11.625
1750399458.9213388, 0.0, 11.625
1750399459.928705, 0.0, 11.625
1750399460.939617, 0.0, 11.625
1750399461.94467, 0.0, 11.625
1750399462.952933, 0.0, 11.625
1750399463.963179, 0.0, 11.625
1750399464.977615, 0.0, 11.625
1750399465.9909801, 0.0, 11.625
1750399467.001236, 0.0, 11.625
1750399468.012896, 0.0, 11.625
1750399469.0231712, 0.0, 11.625
1750399470.0275168, 0.0, 11.625
1750399471.03902, 0.0, 11.625
1750399472.0492768, 0.0, 11.625
1750399473.059535, 0.0, 11.625
1750399474.077806, 0.0, 11.625
1750399475.0890749, 0.0, 11.625
1750399476.093042, 0.0, 11.625
1750399477.102321, 0.0, 11.625
1750399478.110456, 0.0, 11.625
1750399479.121761, 0.0, 11.625
1750399480.1319969, 0.0, 11.625
1750399481.142426, 0.0, 11.625
1750399482.151691, 0.0, 11.625
1750399483.1624498, 0.0, 11.625
1750399484.164942, 0.0, 11.625
1750399485.174983, 0.0, 11.625
1750399486.181509, 0.0, 11.625
1750399487.191786, 0.0, 11.625
1750399488.20129, 0.0, 11.625
1750399489.209595, 0.0, 11.625
1750399490.224989, 0.0, 11.625
1750399491.237441, 0.0, 11.625
1750399492.250685, 0.0, 11.625
1750399493.2587352, 0.0, 11.625
1750399494.272906, 0.0, 11.625
1750399495.27838, 0.0, 11.625
1750399496.2893598, 0.0, 11.625
1750399497.3040798, 0.0, 11.625
1750399498.309098, 0.0, 11.625
1750399499.320718, 0.0, 11.625
1750399500.3309782, 0.0, 11.625
1750399501.341237, 0.0, 11.625
1750399502.351501, 0.0, 11.625
1750399503.358942, 0.0, 11.625
1750399504.3688362, 0.0, 11.625
1750399505.382257, 0.0, 11.625
1750399506.388575, 0.0, 11.625
1750399507.398827, 0.0, 11.625
1750399508.4090939, 0.0, 11.625
1750399509.421742, 0.0, 11.625
1750399510.433932, 0.0, 11.625
1750399511.444173, 0.0, 11.625
1750399512.454914, 0.0, 11.625
1750399513.46516, 0.0, 11.625
1750399514.475431, 0.0, 11.625
1750399515.4877498, 0.0, 11.625
1750399516.49877, 0.0, 11.625
1750399517.507963, 0.0, 11.625
1750399518.5158532, 0.0, 11.625
1750399519.5207381, 0.0, 11.625
1750399520.531219, 0.0, 11.625
1750399521.5416949, 0.0, 11.625
1750399522.547731, 0.0, 11.625
1750399523.558005, 0.0, 11.625
1750399524.568265, 0.0, 11.625
1750399525.5748942, 0.0, 11.625
1750399526.585175, 0.0, 11.625
1750399527.587071, 0.0, 11.625
1750399528.588202, 0.0, 11.625
1750399529.594186, 0.0, 11.625
1750399530.5967739, 0.0, 11.625
1750399531.606865, 0.0, 11.625
1750399532.616956, 0.0, 11.625
1750399533.627193, 0.0, 11.625
1750399534.641933, 0.0, 11.625
1750399535.654537, 0.0, 11.625
1750399536.663666, 0.0, 11.625
1750399537.677844, 0.0, 11.625
1750399538.688085, 0.0, 11.625
1750399539.692255, 0.0, 11.625
1750399540.707985, 0.0, 11.625
1750399541.71505, 0.0, 11.625
1750399542.7253199, 0.0, 11.625
1750399543.7276642, 0.0, 11.625
1750399544.730782, 0.0, 11.625
1750399545.740271, 0.0, 11.625
1750399546.7454982, 0.0, 11.625
1750399547.752703, 0.0, 11.625
1750399548.7571058, 0.0, 11.625
1750399549.77201, 0.0, 11.625
1750399550.778189, 0.0, 11.625
1750399551.788464, 0.0, 11.625
1750399552.7989419, 0.0, 11.625
1750399553.809951, 0.0, 11.625
1750399554.820204, 0.0, 11.625
1750399555.8251572, 0.0, 11.625
1750399556.833262, 0.0, 11.625
1750399557.83955, 0.0, 11.625
1750399558.85327, 0.0, 11.625
1750399559.8582761, 0.0, 11.625
1750399560.8603232, 0.0, 11.625
1750399561.8659751, 0.0, 11.625
1750399562.881161, 0.0, 11.625
1750399563.886563, 0.0, 11.625
1750399564.896836, 0.0, 11.625
1750399565.903032, 0.0, 11.625
1750399566.9131079, 0.0, 11.625
1750399567.923334, 0.0, 11.625
1750399568.935783, 0.0, 11.625
1750399569.9398441, 0.0, 11.625
1750399570.9533062, 0.0, 11.625
1750399571.962954, 0.0, 11.625
1750399572.964447, 0.0, 11.625
1750399573.978216, 0.0, 11.625
1750399574.988436, 0.0, 11.625
1750399575.995733, 0.0, 11.625
1750399577.006012, 0.0, 11.625
1750399578.017962, 0.0, 11.625
1750399579.028689, 0.0, 11.625
1750399580.036173, 0.0, 11.625
1750399581.037786, 0.0, 11.625
1750399582.041055, 0.0, 11.625
1750399583.046423, 0.0, 11.625
1750399584.0627358, 0.0, 11.625
1750399585.068785, 0.0, 11.625
1750399586.074646, 0.0, 11.625
1750399587.082328, 0.0, 11.625
1750399588.09258, 0.0, 11.625
1750399589.1028092, 0.0, 11.625
1750399590.112034, 0.0, 11.625
1750399591.123432, 0.0, 11.625
1750399592.135207, 0.0, 11.625
1750399593.1395562, 0.0, 11.625
1750399594.145128, 0.0, 11.625
1750399595.1553888, 0.0, 11.625
1750399596.168173, 0.0, 11.625
1750399597.1792672, 0.0, 11.625
1750399598.1898031, 0.0, 11.625
1750399599.2014878, 0.0, 11.625
1750399600.2114618, 0.0, 11.625
1750399601.223698, 0.0, 11.625
1750399602.2353961, 0.0, 11.625
1750399603.245643, 0.0, 11.625
1750399604.251093, 0.0, 11.625
1750399605.2614, 0.0, 11.625
1750399606.264423, 0.0, 11.625
1750399607.271998, 0.0, 11.625
1750399608.2839198, 0.0, 11.625
1750399609.294189, 0.0, 11.625
1750399610.30464, 0.0, 11.625
1750399611.316928, 0.0, 11.625
1750399612.327225, 0.0, 11.625
1750399613.333163, 0.0, 11.625
1750399614.343411, 0.0, 11.625
1750399615.35417, 0.0, 11.625
1750399616.3677812, 0.0, 11.625
1750399617.378022, 0.0, 11.625
1750399618.388265, 0.0, 11.625
1750399619.4028292, 0.0, 11.625
1750399620.409348, 0.0, 11.625
1750399621.419612, 0.0, 11.625
1750399622.424744, 0.0, 11.625
1750399623.429924, 0.0, 11.625
1750399624.442785, 0.0, 11.625
1750399625.455353, 0.0, 11.625
1750399626.467478, 0.0, 11.625
1750399627.4777641, 0.0, 11.625
1750399628.4885151, 0.0, 11.625
1750399629.501013, 0.0, 11.625
1750399630.511252, 0.0, 11.625
1750399631.513193, 0.0, 11.625
1750399632.514027, 0.0, 11.625
1750399633.5169432, 0.0, 11.625
1750399634.5208871, 0.0, 11.625
1750399635.534337, 0.0, 11.625
1750399636.538868, 0.0, 11.625
1750399637.542836, 0.0, 11.625
1750399638.5483332, 0.0, 11.625
1750399639.559121, 0.0, 11.625
1750399640.566623, 0.0, 11.625
1750399641.576869, 0.0, 11.625
1750399642.580252, 0.0, 11.625
1750399643.590345, 0.0, 11.625
1750399644.6004212, 0.0, 11.625
1750399645.6104891, 0.0, 11.625
1750399646.6206698, 0.0, 11.625
1750399647.633727, 0.0, 11.625
1750399648.6424918, 0.0, 11.625
1750399649.6527512, 0.0, 11.625
1750399650.65831, 0.0, 11.625
1750399651.667443, 0.0, 11.625
1750399652.6880598, 0.0, 11.625
1750399653.700105, 0.0, 11.625
1750399654.710391, 0.0, 11.625
1750399655.715874, 0.0, 11.625
1750399656.724531, 0.0, 11.625
1750399657.7307699, 0.0, 11.625
1750399658.738975, 0.0, 11.625
1750399659.746733, 0.0, 11.625
1750399660.7569852, 0.0, 11.625
1750399661.767241, 0.0, 11.625
1750399662.772193, 0.0, 11.625
1750399663.783072, 0.0, 11.625
1750399664.786144, 0.0, 11.625
1750399665.797481, 0.0, 11.625
1750399666.804416, 0.0, 11.625
1750399667.815766, 0.0, 11.625
1750399668.822431, 0.0, 11.625
1750399669.8327072, 0.0, 11.625
1750399670.8429399, 0.0, 11.625
1750399671.853313, 0.0, 11.625
1750399672.862464, 0.0, 11.625
1750399673.872837, 0.0, 11.625
1750399674.882835, 0.0, 11.625
1750399675.893108, 0.0, 11.625
1750399676.9033668, 0.0, 11.625
1750399677.915402, 0.0, 11.625
1750399678.918056, 0.0, 11.625
1750399679.927244, 0.0, 11.625
1750399680.9393501, 0.0, 11.625
1750399681.949831, 0.0, 11.625
1750399682.960106, 0.0, 11.625
1750399683.966648, 0.0, 11.625
1750399684.9761128, 0.0, 11.625
1750399685.982181, 0.0, 11.625
1750399686.992411, 0.0, 11.625
1750399687.995594, 0.0, 11.625
1750399689.006619, 0.0, 11.625
1750399690.016983, 0.0, 11.625
1750399691.029862, 0.0, 11.625
1750399692.0401332, 0.0, 11.625
1750399693.052186, 0.0, 11.625
1750399694.0648232, 0.0, 11.625
1750399695.076438, 0.0, 11.625
1750399696.085783, 0.0, 11.625
1750399697.09811, 0.0, 11.625
1750399698.106744, 0.0, 11.625
1750399699.1170182, 0.0, 11.625
1750399700.1227012, 0.0, 11.625
1750399701.1313229, 0.0, 11.625
1750399702.149248, 0.0, 11.625
1750399703.157139, 0.0, 11.625
1750399704.167397, 0.0, 11.625
1750399705.1810298, 0.0, 11.625
1750399706.1924648, 0.0, 11.625
1750399707.207024, 0.0, 11.625
1750399708.211812, 0.0, 11.625
1750399709.222433, 0.0, 11.625
1750399710.2327812, 0.0, 11.625
1750399711.24271, 0.0, 11.625
1750399712.2515242, 0.0, 11.625
1750399713.2658508, 0.0, 11.625
1750399714.273555, 0.0, 11.625
1750399715.281893, 0.0, 11.625
1750399716.292492, 0.0, 11.625
1750399717.3008242, 0.0, 11.625
1750399718.31524, 0.0, 11.625
1750399719.330007, 0.0, 11.625
1750399720.334017, 0.0, 11.625
1750399721.347727, 0.0, 11.625
1750399722.357986, 0.0, 11.625
1750399723.367061, 0.0, 11.625
1750399724.3736162, 0.0, 11.625
1750399725.379976, 0.0, 11.625
1750399726.3902059, 0.0, 11.625
1750399727.396066, 0.0, 11.625
1750399728.401128, 0.0, 11.625
1750399729.4171252, 0.0, 11.625
1750399730.4294279, 0.0, 11.625
1750399731.440066, 0.0, 11.625
1750399732.445703, 0.0, 11.625
1750399733.456531, 0.0, 11.625
1750399734.462385, 0.0, 11.625
1750399735.467425, 0.0, 11.625
1750399736.479743, 0.0, 11.625
1750399737.4863071, 0.0, 11.625
1750399738.4965482, 0.0, 11.625
1750399739.501138, 0.0, 11.625
1750399740.512197, 0.0, 11.625
1750399741.514708, 0.0, 11.625
1750399742.5249689, 0.0, 11.625
1750399743.532541, 0.0, 11.625
1750399744.5428019, 0.0, 11.625
1750399745.5436502, 0.0, 11.625
1750399746.5539, 0.0, 11.625
1750399747.564088, 0.0, 11.625
1750399748.574529, 0.0, 11.625
1750399749.581217, 0.0, 11.625
1750399750.591465, 0.0, 11.625
1750399751.604068, 0.0, 11.625
1750399752.606343, 0.0, 11.625
1750399753.616599, 0.0, 11.625
1750399754.6268659, 0.0, 11.625
1750399755.633145, 0.0, 11.625
1750399756.643206, 0.0, 11.625
1750399757.646485, 0.0, 11.625
1750399758.650354, 0.0, 11.625
1750399759.6605911, 0.0, 11.625
1750399760.670835, 0.0, 11.625
1750399761.6784158, 0.0, 11.625
1750399762.680107, 0.0, 11.625
1750399763.69033, 0.0, 11.625
1750399764.692354, 0.0, 11.625
1750399765.7025301, 0.0, 11.625
1750399766.713362, 0.0, 11.625
1750399767.718098, 0.0, 11.625
1750399768.724246, 0.0, 11.625
1750399769.7335758, 0.0, 11.625
1750399770.746188, 0.0, 11.625
1750399771.750481, 0.0, 11.625
1750399772.7640052, 0.0, 11.625
1750399773.76763, 0.0, 11.625
1750399774.780527, 0.0, 11.625
1750399775.7907789, 0.0, 11.625
1750399776.801145, 0.0, 11.625
1750399777.816648, 0.0, 11.625
1750399778.8286898, 0.0, 11.625
1750399779.833546, 0.0, 11.625
1750399780.845505, 0.0, 11.625
1750399781.855744, 0.0, 11.625
1750399782.8660219, 0.0, 11.625
1750399783.8787389, 0.0, 11.625
1750399784.8881369, 0.0, 11.625
1750399785.898716, 0.0, 11.625
1750399786.9118469, 0.0, 11.625
1750399787.921377, 0.0, 11.625
1750399788.933928, 0.0, 11.625
1750399789.94465, 0.0, 11.625
1750399790.949533, 0.0, 11.625
1750399791.961431, 0.0, 11.625
1750399792.97168, 0.0, 11.625
1750399793.9808269, 0.0, 11.625
1750399794.9881291, 0.0, 11.625
1750399795.991026, 0.0, 11.625
1750399797.001344, 0.0, 11.625
1750399798.0116029, 0.0, 11.625
1750399799.014951, 0.0, 11.625
1750399800.0225, 0.0, 11.625
1750399801.032744, 0.0, 11.625
1750399802.045186, 0.0, 11.625
1750399803.0472162, 0.0, 11.625
1750399804.057478, 0.0, 11.625
1750399805.067709, 0.0, 11.625
1750399806.078748, 0.0, 11.625
1750399807.079099, 0.0, 11.625
1750399808.0883892, 0.0, 11.625
1750399809.1044621, 0.0, 11.625
1750399810.1147368, 0.0, 11.625
1750399811.1278899, 0.0, 11.625
1750399812.1381419, 0.0, 11.625
1750399813.148428, 0.0, 11.625
1750399814.159107, 0.0, 11.625
1750399815.169342, 0.0, 11.625
1750399816.184136, 0.0, 11.625
1750399817.1908212, 0.0, 11.625
1750399818.194242, 0.0, 11.625
1750399819.2044659, 0.0, 11.625
1750399820.210931, 0.0, 11.625
1750399821.2215302, 0.0, 11.625
1750399822.223593, 0.0, 11.625
1750399823.230688, 0.0, 11.625
1750399824.24376, 0.0, 11.625
1750399825.253993, 0.0, 11.625
1750399826.264263, 0.0, 11.625
1750399827.276775, 0.0, 11.625
1750399828.287037, 0.0, 11.625
1750399829.2975528, 0.0, 11.625
1750399830.298882, 0.0, 11.625
1750399831.303066, 0.0, 11.625
1750399832.3064861, 0.0, 11.625
1750399833.313056, 0.0, 11.625
1750399834.316277, 0.0, 11.625
1750399835.3247402, 0.0, 11.625
1750399836.336113, 0.0, 11.625
1750399837.339524, 0.0, 11.625
1750399838.346595, 0.0, 11.625
1750399839.356044, 0.0, 11.625
1750399840.369171, 0.0, 11.625
1750399841.377582, 0.0, 11.625
1750399842.387893, 0.0, 11.625
1750399843.39818, 0.0, 11.625
1750399844.403698, 0.0, 11.625
1750399845.41395, 0.0, 11.625
1750399846.427131, 0.0, 11.625
1750399847.4298959, 0.0, 11.625
1750399848.438016, 0.0, 11.625
1750399849.452675, 0.0, 11.625
1750399850.464083, 0.0, 11.625
1750399851.476244, 0.0, 11.625
1750399852.48421, 0.0, 11.625
1750399853.49424, 0.0, 11.625
1750399854.50449, 0.0, 11.625
1750399855.514886, 0.0, 11.625
1750399856.5262358, 0.0, 11.625
1750399857.536491, 0.0, 11.625
1750399858.547644, 0.0, 11.625
1750399859.560158, 0.0, 11.625
1750399860.570418, 0.0, 11.625
1750399861.580674, 0.0, 11.625
1750399862.583862, 0.0, 11.625
1750399863.5947368, 0.0, 11.625
1750399864.597452, 0.0, 11.625
1750399865.602624, 0.0, 11.625
1750399866.610025, 0.0, 11.625
1750399867.6206012, 0.0, 11.625
1750399868.627359, 0.0, 11.625
1750399869.637634, 0.0, 11.625
1750399870.647917, 0.0, 11.625
1750399871.6579258, 0.0, 11.625
1750399872.6683881, 0.0, 11.625
1750399873.678638, 0.0, 11.625
1750399874.685576, 0.0, 11.625
1750399875.692228, 0.0, 11.625
1750399876.696918, 0.0, 11.625
1750399877.707621, 0.0, 11.625
1750399878.7134159, 0.0, 11.625
1750399879.7218938, 0.0, 11.625
1750399880.730114, 0.0, 11.625
1750399881.738423, 0.0, 11.609375
1750399882.748543, 0.0, 11.609375
1750399883.763842, 0.0, 11.609375
1750399884.784239, 0.0, 11.609375
1750399885.7923672, 0.0, 11.609375
1750399886.797399, 0.0, 11.609375
1750399887.809173, 0.0, 11.609375
1750399888.816182, 0.0, 11.609375
1750399889.825753, 0.0, 11.609375
1750399890.8360279, 0.0, 11.609375
1750399891.837427, 0.0, 11.609375
1750399892.8476968, 0.0, 11.609375
1750399893.8519738, 0.0, 11.609375
1750399894.855318, 0.0, 11.609375
1750399895.8620958, 0.0, 11.609375
1750399896.875223, 0.0, 11.609375
1750399897.886515, 0.0, 11.609375
1750399898.896052, 0.0, 11.609375
1750399899.907744, 0.0, 11.609375
1750399900.922497, 0.0, 11.609375
1750399901.931509, 0.0, 11.609375
1750399902.93803, 0.0, 11.609375
1750399903.948288, 0.0, 11.609375
1750399904.958528, 0.0, 11.609375
1750399905.967469, 0.0, 11.609375
1750399906.9777122, 0.0, 11.609375
1750399907.979211, 0.0, 11.609375
1750399908.9918048, 0.0, 11.609375
1750399910.0073721, 0.0, 11.609375
1750399911.012846, 0.0, 11.609375
1750399912.026017, 0.0, 11.609375
1750399913.030953, 0.0, 11.609375
1750399914.0409951, 0.0, 11.609375
1750399915.046505, 0.0, 11.609375
1750399916.0613859, 0.0, 11.609375
1750399917.067863, 0.0, 11.609375
1750399918.076969, 0.0, 11.609375
1750399919.086103, 0.0, 11.609375
1750399920.094595, 0.0, 11.609375
1750399921.107807, 0.0, 11.609375
1750399922.109985, 0.0, 11.609375
1750399923.120229, 0.0, 11.609375
1750399924.12832, 0.0, 11.609375
1750399925.1396859, 0.0, 11.609375
1750399926.1499531, 0.0, 11.609375
1750399927.157465, 0.0, 11.609375
1750399928.161077, 0.0, 11.609375
1750399929.176827, 0.0, 11.609375
1750399930.184097, 0.0, 11.609375
1750399931.19053, 0.0, 11.609375
1750399932.200802, 0.0, 11.609375
1750399933.209101, 0.0, 11.609375
1750399934.214495, 0.0, 11.609375
1750399935.216735, 0.0, 11.609375
1750399936.2269828, 0.0, 11.609375
1750399937.233325, 0.0, 11.609375
1750399938.24961, 0.0, 11.609375
1750399939.259796, 0.0, 11.609375
1750399940.267977, 0.0, 11.609375
1750399941.2791219, 0.0, 11.609375
1750399942.289771, 0.0, 11.609375
1750399943.300311, 0.0, 11.609375
1750399944.31056, 0.0, 11.609375
1750399945.3253381, 0.0, 11.609375
1750399946.3356001, 0.0, 11.609375
1750399947.3472052, 0.0, 11.609375
1750399948.356313, 0.0, 11.609375
1750399949.3665779, 0.0, 11.609375
1750399950.376835, 0.0, 11.609375
1750399951.389675, 0.0, 11.609375
1750399952.399932, 0.0, 11.609375
1750399953.405396, 0.0, 11.609375
1750399954.415657, 0.0, 11.609375
1750399955.4243991, 0.0, 11.609375
1750399956.434641, 0.0, 11.609375
1750399957.438515, 0.0, 11.609375
1750399958.44879, 0.0, 11.609375
1750399959.4590552, 0.0, 11.609375
1750399960.471551, 0.0, 11.609375
1750399961.4816241, 0.0, 11.609375
1750399962.491926, 0.0, 11.609375
1750399963.505321, 0.0, 11.609375
1750399964.5106099, 0.0, 11.609375
1750399965.52217, 0.0, 11.609375
1750399966.532421, 0.0, 11.609375
1750399967.548031, 0.0, 11.609375
1750399968.55829, 0.0, 11.609375
1750399969.5637178, 0.0, 11.609375
1750399970.575549, 0.0, 11.609375
1750399971.5812328, 0.0, 11.609375
1750399972.591489, 0.0, 11.609375
1750399973.604335, 0.0, 11.609375
1750399974.610494, 0.0, 11.609375
1750399975.627566, 0.0, 11.609375
1750399976.6378272, 0.0, 11.609375
1750399977.6439848, 0.0, 11.609375
1750399978.6542149, 0.0, 11.609375
1750399979.655521, 0.0, 11.609375
1750399980.657535, 0.0, 11.609375
1750399981.661202, 0.0, 11.609375
1750399982.6725152, 0.0, 11.609375
1750399983.6820512, 0.0, 11.609375
1750399984.688444, 0.0, 11.609375
1750399985.693232, 0.0, 11.609375
1750399986.697582, 0.0, 11.609375
1750399987.708381, 0.0, 11.609375
1750399988.72088, 0.0, 11.609375
1750399989.721524, 0.0, 11.609375
1750399990.725724, 0.0, 11.609375
1750399991.733155, 0.0, 11.609375
1750399992.741624, 0.0, 11.609375
1750399993.753791, 0.0, 11.609375
1750399994.76092, 0.0, 11.609375
1750399995.771147, 0.0, 11.609375
1750399996.7771368, 0.0, 11.609375
1750399997.787227, 0.0, 11.609375
1750399998.798052, 0.0, 11.609375
1750399999.80813, 0.0, 11.609375
1750400000.818305, 0.0, 11.609375
1750400001.831226, 0.0, 11.609375
1750400002.839735, 0.0, 11.609375
1750400003.843741, 0.0, 11.609375
1750400004.848299, 0.0, 11.609375
1750400005.859465, 0.0, 11.609375
1750400006.8717382, 0.0, 11.609375
1750400007.876308, 0.0, 11.609375
1750400008.886981, 0.0, 11.609375
1750400009.897255, 0.0, 11.609375
1750400010.907455, 0.0, 11.609375
1750400011.917696, 0.0, 11.609375
1750400012.926404, 0.0, 11.609375
1750400013.937632, 0.0, 11.609375
1750400014.947901, 0.0, 11.609375
1750400015.954415, 0.0, 11.609375
1750400016.9644842, 0.0, 11.609375
1750400017.9756968, 0.0, 11.609375
1750400018.985527, 0.0, 11.609375
1750400019.989625, 0.0, 11.609375
1750400020.996377, 0.0, 11.609375
1750400022.013867, 0.0, 11.609375
1750400023.0303879, 0.0, 11.609375
1750400024.040631, 0.0, 11.609375
1750400025.046741, 0.0, 11.609375
1750400026.0554612, 0.0, 11.609375
1750400027.060446, 0.0, 11.609375
1750400028.070515, 0.0, 11.609375
1750400029.0867789, 0.0, 11.609375
1750400030.097134, 0.0, 11.609375
1750400031.107384, 0.0, 11.609375
1750400032.12371, 0.0, 11.609375
1750400033.138724, 0.0, 11.609375
1750400034.1486459, 0.0, 11.609375
1750400035.158893, 0.0, 11.609375
1750400036.169633, 0.0, 11.609375
1750400037.179858, 0.0, 11.609375
1750400038.1901062, 0.0, 11.609375
1750400039.195264, 0.0, 11.609375
1750400040.2055418, 0.0, 11.609375
1750400041.2090151, 0.0, 11.609375
1750400042.2136981, 0.0, 11.609375
1750400043.220337, 0.0, 11.609375
1750400044.230579, 0.0, 11.609375
1750400045.241475, 0.0, 11.609375
1750400046.2526772, 0.0, 11.609375
1750400047.259418, 0.0, 11.609375
1750400048.263007, 0.0, 11.609375
1750400049.273281, 0.0, 11.609375
1750400050.2840252, 0.0, 11.609375
1750400051.3044322, 0.0, 11.609375
1750400052.309626, 0.0, 11.609375
1750400053.3193521, 0.0, 11.609375
1750400054.329632, 0.0, 11.609375
1750400055.3371918, 0.0, 11.609375
1750400056.347441, 0.0, 11.609375
1750400057.3534, 0.0, 11.609375
1750400058.356025, 0.0, 11.609375
1750400059.366837, 0.0, 11.609375
1750400060.37572, 0.0, 11.609375
1750400061.380898, 0.0, 11.609375
1750400062.391135, 0.0, 11.609375
1750400063.401166, 0.0, 11.609375
1750400064.4116201, 0.0, 11.609375
1750400065.418425, 0.0, 11.609375
1750400066.428689, 0.0, 11.609375
1750400067.430382, 0.0, 11.609375
1750400068.4388149, 0.0, 11.609375
1750400069.447585, 0.0, 11.609375
1750400070.461749, 0.0, 11.609375
1750400071.4735959, 0.0, 11.609375
1750400072.485004, 0.0, 11.609375
1750400073.501302, 0.0, 11.609375
1750400074.504291, 0.0, 11.609375
1750400075.5152252, 0.0, 11.609375
1750400076.518306, 0.0, 11.609375
1750400077.525304, 0.0, 11.609375
1750400078.533663, 0.0, 11.609375
1750400079.543923, 0.0, 11.609375
1750400080.554167, 0.0, 11.609375
1750400081.567539, 0.0, 11.609375
1750400082.577813, 0.0, 11.609375
1750400083.579799, 0.0, 11.609375
1750400084.5845718, 0.0, 11.609375
1750400085.5948548, 0.0, 11.609375
1750400086.6059709, 0.0, 11.609375
1750400087.616881, 0.0, 11.609375
1750400088.624318, 0.0, 11.609375
1750400089.6303859, 0.0, 11.609375
1750400090.639563, 0.0, 11.609375
1750400091.6503098, 0.0, 11.609375
1750400092.6666381, 0.0, 11.609375
1750400093.6706471, 0.0, 11.609375
1750400094.684075, 0.0, 11.609375
1750400095.687735, 0.0, 11.609375
1750400096.698741, 0.0, 11.609375
1750400097.708648, 0.0, 11.609375
1750400098.718914, 0.0, 11.609375
1750400099.729175, 0.0, 11.609375
1750400100.731791, 0.0, 11.609375
1750400101.742038, 0.0, 11.609375
1750400102.7563038, 0.0, 11.609375
1750400103.7574909, 0.0, 11.609375
1750400104.762916, 0.0, 11.609375
1750400105.772127, 0.0, 11.609375
1750400106.7731159, 0.0, 11.609375
1750400107.784087, 0.0, 11.609375
1750400108.788474, 0.0, 11.609375
1750400109.797528, 0.0, 11.609375
1750400110.8077362, 0.0, 11.609375
1750400111.8179982, 0.0, 11.609375
1750400112.837931, 0.0, 11.609375
1750400113.848151, 0.0, 11.609375
1750400114.852118, 0.0, 11.609375
1750400115.862952, 0.0, 11.609375
1750400116.871507, 0.0, 11.609375
1750400117.8781812, 0.0, 11.609375
1750400118.888084, 0.0, 11.609375
1750400119.901032, 0.0, 11.609375
1750400120.910814, 0.0, 11.609375
1750400121.918067, 0.0, 11.609375
1750400122.929059, 0.0, 11.609375
1750400123.937016, 0.0, 11.609375
1750400124.939772, 0.0, 11.609375
1750400125.949572, 0.0, 11.609375
1750400126.954449, 0.0, 11.609375
1750400127.96902, 0.0, 11.609375
1750400128.976855, 0.0, 11.609375
1750400129.982913, 0.0, 11.609375
1750400130.989123, 0.0, 11.609375
1750400131.9968388, 0.0, 11.609375
1750400133.007137, 0.0, 11.609375
1750400134.0173771, 0.0, 11.609375
1750400135.027616, 0.0, 11.609375
1750400136.0324779, 0.0, 11.609375
1750400137.034217, 0.0, 11.609375
1750400138.040631, 0.0, 11.609375
1750400139.050868, 0.0, 11.609375
1750400140.0589068, 0.0, 11.609375
1750400141.0691772, 0.0, 11.609375
1750400142.079472, 0.0, 11.609375
1750400143.0863092, 0.0, 11.609375
1750400144.100489, 0.0, 11.609375
1750400145.1094809, 0.0, 11.609375
1750400146.119754, 0.0, 11.609375
1750400147.1340642, 0.0, 11.609375
1750400148.148858, 0.0, 11.609375
1750400149.155377, 0.0, 11.609375
1750400150.170881, 0.0, 11.609375
1750400151.175376, 0.0, 11.609375
1750400152.185654, 0.0, 11.609375
1750400153.195433, 0.0, 11.609375
1750400154.205684, 0.0, 11.609375
1750400155.2159512, 0.0, 11.609375
1750400156.221708, 0.0, 11.609375
1750400157.231971, 0.0, 11.609375
1750400158.23723, 0.0, 11.609375
1750400159.248723, 0.0, 11.609375
1750400160.2513978, 0.0, 11.609375
1750400161.2532039, 0.0, 11.609375
1750400162.259348, 0.0, 11.609375
1750400163.269599, 0.0, 11.609375
1750400164.284519, 0.0, 11.609375
1750400165.297994, 0.0, 11.609375
1750400166.308703, 0.0, 11.609375
1750400167.311487, 0.0, 11.609375
1750400168.3171918, 0.0, 11.609375
1750400169.327443, 0.0, 11.609375
1750400170.3419032, 0.0, 11.609375
1750400171.35813, 0.0, 11.609375
1750400172.3688252, 0.0, 11.609375
1750400173.377975, 0.0, 11.609375
1750400174.3882911, 0.0, 11.609375
1750400175.398546, 0.0, 11.609375
1750400176.410036, 0.0, 11.609375
1750400177.410802, 0.0, 11.609375
1750400178.41502, 0.0, 11.609375
1750400179.4252522, 0.0, 11.609375
1750400180.438328, 0.0, 11.609375
1750400181.448549, 0.0, 11.609375
1750400182.451379, 0.0, 11.609375
1750400183.464625, 0.0, 11.609375
1750400184.472311, 0.0, 11.609375
1750400185.478706, 0.0, 11.609375
1750400186.490784, 0.0, 11.609375
1750400187.501034, 0.0, 11.609375
1750400188.506722, 0.0, 11.609375
1750400189.516941, 0.0, 11.609375
1750400190.519906, 0.0, 11.609375
1750400191.532126, 0.0, 11.609375
1750400192.5363781, 0.0, 11.609375
1750400193.5508952, 0.0, 11.609375
1750400194.5570712, 0.0, 11.609375
1750400195.562769, 0.0, 11.609375
1750400196.5674949, 0.0, 11.609375
1750400197.581013, 0.0, 11.609375
1750400198.5914361, 0.0, 11.609375
1750400199.5985842, 0.0, 11.609375
1750400200.606484, 0.0, 11.609375
1750400201.616713, 0.0, 11.609375
1750400202.621013, 0.0, 11.609375
1750400203.6291468, 0.0, 11.609375
1750400204.639528, 0.0, 11.609375
1750400205.6424398, 0.0, 11.609375
1750400206.650002, 0.0, 11.609375
1750400207.654248, 0.0, 11.609375
1750400208.667985, 0.0, 11.609375
1750400209.677494, 0.0, 11.609375
1750400210.683477, 0.0, 11.609375
1750400211.695768, 0.0, 11.609375
1750400212.712165, 0.0, 11.609375
1750400213.7224011, 0.0, 11.609375
1750400214.7326798, 0.0, 11.609375
1750400215.7372239, 0.0, 11.609375
1750400216.7474701, 0.0, 11.609375
1750400217.7578099, 0.0, 11.609375
1750400218.769074, 0.0, 11.609375
1750400219.772034, 0.0, 11.609375
1750400220.779549, 0.0, 11.609375
1750400221.7815292, 0.0, 11.609375
1750400222.791759, 0.0, 11.609375
1750400223.797614, 0.0, 11.609375
1750400224.809674, 0.0, 11.609375
1750400225.819927, 0.0, 11.609375
1750400226.8234859, 0.0, 11.609375
1750400227.833759, 0.0, 11.609375
1750400228.845085, 0.0, 11.609375
1750400229.85538, 0.0, 11.609375
1750400230.86563, 0.0, 11.609375
1750400231.875982, 0.0, 11.609375
1750400232.886084, 0.0, 11.609375
1750400233.9008179, 0.0, 11.609375
1750400234.9138958, 0.0, 11.609375
1750400235.923542, 0.0, 11.609375
1750400236.933834, 0.0, 11.609375
1750400237.946623, 0.0, 11.609375
1750400238.9579, 0.0, 11.609375
1750400239.963155, 0.0, 11.609375
1750400240.9693608, 0.0, 11.609375
1750400241.979299, 0.0, 11.609375
1750400242.9926221, 0.0, 11.609375
1750400244.005269, 0.0, 11.609375
1750400245.020677, 0.0, 11.609375
1750400246.026056, 0.0, 11.609375
1750400247.0416708, 0.0, 11.609375
1750400248.048355, 0.0, 11.609375
1750400249.058626, 0.0, 11.609375
1750400250.06646, 0.0, 11.609375
1750400251.079066, 0.0, 11.609375
1750400252.086196, 0.0, 11.609375
1750400253.095694, 0.0, 11.609375
1750400254.09936, 0.0, 11.609375
1750400255.102527, 0.0, 11.609375
1750400256.117146, 0.0, 11.609375
1750400257.122081, 0.0, 11.609375
1750400258.125205, 0.0, 11.609375
1750400259.1406531, 0.0, 11.609375
1750400260.150888, 0.0, 11.609375
1750400261.154882, 0.0, 11.609375
1750400262.162352, 0.0, 11.609375
1750400263.1716092, 0.0, 11.609375
1750400264.1779578, 0.0, 11.609375
1750400265.188194, 0.0, 11.609375
1750400266.1984372, 0.0, 11.609375
1750400267.202532, 0.0, 11.609375
1750400268.2079208, 0.0, 11.609375
1750400269.218171, 0.0, 11.609375
1750400270.227813, 0.0, 11.609375
1750400271.232034, 0.0, 11.609375
1750400272.236845, 0.0, 11.609375
1750400273.24717, 0.0, 11.609375
1750400274.252321, 0.0, 11.609375
1750400275.261035, 0.0, 11.609375
1750400276.265002, 0.0, 11.609375
1750400277.2689779, 0.0, 11.609375
1750400278.283155, 0.0, 11.609375
1750400279.288692, 0.0, 11.609375
1750400280.296663, 0.0, 11.609375
1750400281.300287, 0.0, 11.609375
1750400282.302308, 0.0, 11.609375
1750400283.30839, 0.0, 11.609375
1750400284.318645, 0.0, 11.609375
1750400285.319276, 0.0, 11.609375
1750400286.33264, 0.0, 11.609375
1750400287.344529, 0.0, 11.609375
1750400288.352016, 0.0, 11.609375
1750400289.3623471, 0.0, 11.609375
1750400290.366401, 0.0, 11.609375
1750400291.372694, 0.0, 11.609375
1750400292.377438, 0.0, 11.609375
1750400293.382724, 0.0, 11.609375
1750400294.392575, 0.0, 11.609375
1750400295.395448, 0.0, 11.609375
1750400296.4034429, 0.0, 11.609375
1750400297.409696, 0.0, 11.609375
1750400298.419944, 0.0, 11.609375
1750400299.427372, 0.0, 11.609375
1750400300.4376671, 0.0, 11.609375
1750400301.449137, 0.0, 11.609375
1750400302.4575849, 0.0, 11.609375
1750400303.472224, 0.0, 11.609375
1750400304.478376, 0.0, 11.609375
1750400305.488647, 0.0, 11.609375
1750400306.498772, 0.0, 11.609375
1750400307.5099719, 0.0, 11.609375
1750400308.516932, 0.0, 11.609375
1750400309.5271811, 0.0, 11.609375
1750400310.533668, 0.0, 11.609375
1750400311.539892, 0.0, 11.609375
1750400312.550155, 0.0, 11.609375
1750400313.5604029, 0.0, 11.609375
1750400314.570644, 0.0, 11.609375
1750400315.580888, 0.0, 11.609375
1750400316.592893, 0.0, 11.609375
1750400317.594683, 0.0, 11.609375
1750400318.597024, 0.0, 11.609375
1750400319.611678, 0.0, 11.609375
1750400320.638317, 0.0, 11.609375
1750400321.6500869, 0.0, 11.609375
1750400322.6603332, 0.0, 11.609375
1750400323.668952, 0.0, 11.609375
1750400324.678463, 0.0, 11.609375
1750400325.685416, 0.0, 11.609375
1750400326.688895, 0.0, 11.609375
1750400327.6933708, 0.0, 11.609375
1750400328.696324, 0.0, 11.609375
1750400329.702189, 0.0, 11.609375
1750400330.712456, 0.0, 11.609375
1750400331.722689, 0.0, 11.609375
1750400332.732929, 0.0, 11.609375
1750400333.7431989, 0.0, 11.609375
1750400334.748804, 0.0, 11.609375
1750400335.7646542, 0.0, 11.609375
1750400336.7662451, 0.0, 11.609375
1750400337.774646, 0.0, 11.609375
1750400338.784872, 0.0, 11.609375
1750400339.795179, 0.0, 11.609375
1750400340.7976692, 0.0, 11.609375
1750400341.8063831, 0.0, 11.609375
1750400342.816628, 0.0, 11.609375
1750400343.8268769, 0.0, 11.609375
1750400344.830053, 0.0, 11.609375
1750400345.838142, 0.0, 11.609375
1750400346.8466098, 0.0, 11.609375
1750400347.8568478, 0.0, 11.609375
1750400348.8665159, 0.0, 11.609375
1750400349.8766131, 0.0, 11.609375
1750400350.8867059, 0.0, 11.609375
1750400351.896766, 0.0, 11.609375
1750400352.906935, 0.0, 11.609375
1750400353.917335, 0.0, 11.609375
1750400354.927969, 0.0, 11.609375
1750400355.9352388, 0.0, 11.609375
1750400356.94549, 0.0, 11.609375
1750400357.9557629, 0.0, 11.609375
1750400358.9633129, 0.0, 11.609375
1750400359.976254, 0.0, 11.609375
1750400360.986505, 0.0, 11.609375
1750400361.995352, 0.0, 11.609375
1750400362.995842, 0.0, 11.609375
1750400364.0067751, 0.0, 11.609375
1750400365.01706, 0.0, 11.609375
1750400366.025624, 0.0, 11.609375
1750400367.034563, 0.0, 11.609375
1750400368.04479, 0.0, 11.609375
1750400369.0583959, 0.0, 11.609375
1750400370.06418, 0.0, 11.609375
1750400371.079617, 0.0, 11.609375
1750400372.091542, 0.0, 11.609375
1750400373.0998049, 0.0, 11.609375
1750400374.110073, 0.0, 11.609375
1750400375.111145, 0.0, 11.609375
1750400376.125053, 0.0, 11.609375
1750400377.135333, 0.0, 11.609375
1750400378.1413991, 0.0, 11.609375
1750400379.1516988, 0.0, 11.609375
1750400380.161976, 0.0, 11.609375
1750400381.163759, 0.0, 11.609375
1750400382.1710541, 0.0, 11.609375
1750400383.180387, 0.0, 11.609375
1750400384.185819, 0.0, 11.609375
1750400385.196053, 0.0, 11.609375
1750400386.2081332, 0.0, 11.609375
1750400387.2172868, 0.0, 11.609375
1750400388.224125, 0.0, 11.609375
1750400389.23538, 0.0, 11.609375
1750400390.239509, 0.0, 11.609375
1750400391.250581, 0.0, 11.609375
1750400392.260826, 0.0, 11.609375
1750400393.273659, 0.0, 11.609375
1750400394.2839282, 0.0, 11.609375
1750400395.294198, 0.0, 11.609375
1750400396.299743, 0.0, 11.609375
1750400397.309978, 0.0, 11.609375
1750400398.320029, 0.0, 11.609375
1750400399.32834, 0.0, 11.609375
1750400400.341009, 0.0, 11.609375
1750400401.345278, 0.0, 11.609375
1750400402.3597498, 0.0, 11.609375
1750400403.369996, 0.0, 11.609375
1750400404.380241, 0.0, 11.609375
1750400405.395085, 0.0, 11.609375
1750400406.4040298, 0.0, 11.609375
1750400407.41429, 0.0, 11.609375
1750400408.424551, 0.0, 11.609375
1750400409.4347908, 0.0, 11.609375
1750400410.440469, 0.0, 11.609375
1750400411.4436622, 0.0, 11.609375
1750400412.4509282, 0.0, 11.609375
1750400413.456482, 0.0, 11.609375
1750400414.467055, 0.0, 11.609375
1750400415.4772859, 0.0, 11.609375
1750400416.490036, 0.0, 11.609375
1750400417.497803, 0.0, 11.609375
1750400418.507664, 0.0, 11.609375
1750400419.51146, 0.0, 11.609375
1750400420.5257611, 0.0, 11.609375
1750400421.536, 0.0, 11.609375
1750400422.5390878, 0.0, 11.609375
1750400423.552172, 0.0, 11.609375
1750400424.558443, 0.0, 11.609375
1750400425.568684, 0.0, 11.609375
1750400426.5789208, 0.0, 11.609375
1750400427.5899572, 0.0, 11.609375
1750400428.600537, 0.0, 11.609375
1750400429.611603, 0.0, 11.609375
1750400430.622305, 0.0, 11.609375
1750400431.6264472, 0.0, 11.609375
1750400432.639967, 0.0, 11.609375
1750400433.648963, 0.0, 11.609375
1750400434.6592371, 0.0, 11.609375
1750400435.673117, 0.0, 11.609375
1750400436.682119, 0.0, 11.609375
1750400437.6887481, 0.0, 11.609375
1750400438.692647, 0.0, 11.609375
1750400439.7097542, 0.0, 11.609375
1750400440.713121, 0.0, 11.609375
1750400441.7184079, 0.0, 11.609375
1750400442.7287319, 0.0, 11.609375
1750400443.737891, 0.0, 11.609375
1750400444.743407, 0.0, 11.609375
1750400445.7546802, 0.0, 11.609375
1750400446.764106, 0.0, 11.609375
1750400447.774328, 0.0, 11.609375
1750400448.784606, 0.0, 11.609375
1750400449.7949078, 0.0, 11.609375
1750400450.8007731, 0.0, 11.609375
1750400451.8052008, 0.0, 11.609375
1750400452.80688, 0.0, 11.609375
1750400453.811556, 0.0, 11.609375
1750400454.8143969, 0.0, 11.609375
1750400455.817513, 0.0, 11.609375
1750400456.825851, 0.0, 11.609375
1750400457.836096, 0.0, 11.609375
1750400458.843564, 0.0, 11.609375
1750400459.853869, 0.0, 11.609375
1750400460.857991, 0.0, 11.609375
1750400461.868201, 0.0, 11.609375
1750400462.878311, 0.0, 11.609375
1750400463.890445, 0.0, 11.609375
1750400464.905694, 0.0, 11.609375
1750400465.910559, 0.0, 11.609375
1750400466.922462, 0.0, 11.609375
1750400467.933839, 0.0, 11.609375
1750400468.9440398, 0.0, 11.609375
1750400469.957036, 0.0, 11.609375
1750400470.967308, 0.0, 11.609375
1750400471.981576, 0.0, 11.609375
1750400472.992574, 0.0, 11.609375
1750400473.997626, 0.0, 11.609375
1750400475.0071712, 0.0, 11.609375
1750400476.013406, 0.0, 11.609375
1750400477.023683, 0.0, 11.609375
1750400478.030891, 0.0, 11.609375
1750400479.041447, 0.0, 11.609375
1750400480.0556319, 0.0, 11.609375
1750400481.057446, 0.0, 11.609375
1750400482.0579531, 0.0, 11.609375
1750400483.064825, 0.0, 11.609375
1750400484.074292, 0.0, 11.609375
1750400485.086814, 0.0, 11.609375
1750400486.0971332, 0.0, 11.609375
1750400487.102106, 0.0, 11.609375
1750400488.112384, 0.0, 11.609375
1750400489.122655, 0.0, 11.609375
1750400490.1387289, 0.0, 11.609375
1750400491.15376, 0.0, 11.609375
1750400492.167213, 0.0, 11.609375
1750400493.17837, 0.0, 11.609375
1750400494.190946, 0.0, 11.609375
1750400495.200468, 0.0, 11.609375
1750400496.210721, 0.0, 11.609375
1750400497.2170382, 0.0, 11.609375
1750400498.220437, 0.0, 11.609375
1750400499.2244868, 0.0, 11.609375
1750400500.233475, 0.0, 11.609375
1750400501.254316, 0.0, 11.609375
1750400502.2639518, 0.0, 11.609375
1750400503.2740119, 0.0, 11.609375
1750400504.288331, 0.0, 11.609375
1750400505.295372, 0.0, 11.609375
1750400506.302727, 0.0, 11.609375
1750400507.313142, 0.0, 11.609375
1750400508.320527, 0.0, 11.609375
1750400509.3307729, 0.0, 11.609375
1750400510.3360121, 0.0, 11.609375
1750400511.351739, 0.0, 11.609375
1750400512.3620129, 0.0, 11.609375
1750400513.373366, 0.0, 11.609375
1750400514.390383, 0.0, 11.609375
1750400515.397939, 0.0, 11.609375
1750400516.4081779, 0.0, 11.609375
1750400517.413204, 0.0, 11.609375
1750400518.422535, 0.0, 11.609375
1750400519.42896, 0.0, 11.609375
1750400520.4342349, 0.0, 11.609375
1750400521.439839, 0.0, 11.609375
1750400522.4476569, 0.0, 11.609375
1750400523.4567869, 0.0, 11.609375
1750400524.472636, 0.0, 11.609375
1750400525.482893, 0.0, 11.609375
1750400526.4931479, 0.0, 11.609375
1750400527.502574, 0.0, 11.609375
1750400528.507137, 0.0, 11.609375
1750400529.512874, 0.0, 11.609375
1750400530.524344, 0.0, 11.609375
1750400531.531052, 0.0, 11.609375
1750400532.536129, 0.0, 11.609375
1750400533.546422, 0.0, 11.609375
1750400534.554421, 0.0, 11.609375
1750400535.564673, 0.0, 11.609375
1750400536.5676029, 0.0, 11.609375
1750400537.578892, 0.0, 11.609375
1750400538.584811, 0.0, 11.609375
1750400539.595488, 0.0, 11.609375
1750400540.605844, 0.0, 11.609375
1750400541.6147032, 0.0, 11.609375
1750400542.624962, 0.0, 11.609375
1750400543.640685, 0.0, 11.609375
1750400544.645157, 0.0, 11.609375
1750400545.6554072, 0.0, 11.609375
1750400546.665218, 0.0, 11.609375
1750400547.675651, 0.0, 11.609375
1750400548.685159, 0.0, 11.609375
1750400549.695391, 0.0, 11.609375
1750400550.701527, 0.0, 11.609375
1750400551.711891, 0.0, 11.609375
1750400552.7208252, 0.0, 11.609375
1750400553.7310941, 0.0, 11.609375
1750400554.735342, 0.0, 11.609375
1750400555.745596, 0.0, 11.609375
1750400556.755672, 0.0, 11.609375
1750400557.769258, 0.0, 11.609375
1750400558.779517, 0.0, 11.609375
1750400559.7897851, 0.0, 11.609375
1750400560.794304, 0.0, 11.609375
1750400561.801549, 0.0, 11.609375
1750400562.8059928, 0.0, 11.609375
1750400563.8098838, 0.0, 11.609375
1750400564.8126578, 0.0, 11.609375
1750400565.817418, 0.0, 11.609375
1750400566.825509, 0.0, 11.609375
1750400567.835754, 0.0, 11.609375
1750400568.846174, 0.0, 11.609375
1750400569.856352, 0.0, 11.609375
1750400570.863631, 0.0, 11.609375
1750400571.867788, 0.0, 11.609375
1750400572.876284, 0.0, 11.609375
1750400573.886507, 0.0, 11.609375
1750400574.894478, 0.0, 11.609375
1750400575.896651, 0.0, 11.609375
1750400576.906837, 0.0, 11.609375
1750400577.92128, 0.0, 11.609375
1750400578.934576, 0.0, 11.609375
1750400579.944778, 0.0, 11.609375
1750400580.955699, 0.0, 11.609375
1750400581.968114, 0.0, 11.609375
1750400582.974334, 0.0, 11.609375
1750400583.98499, 0.0, 11.609375
1750400584.995527, 0.0, 11.609375
1750400586.005779, 0.0, 11.609375
1750400587.014295, 0.0, 11.609375
1750400588.0229619, 0.0, 11.609375
1750400589.036155, 0.0, 11.609375
1750400590.0468302, 0.0, 11.609375
1750400591.057344, 0.0, 11.609375
1750400592.0658329, 0.0, 11.609375
1750400593.0774012, 0.0, 11.609375
1750400594.0852768, 0.0, 11.609375
1750400595.09449, 0.0, 11.609375
1750400596.102984, 0.0, 11.609375
1750400597.113229, 0.0, 11.609375
1750400598.1178272, 0.0, 11.609375
1750400599.1230102, 0.0, 11.609375
1750400600.13402, 0.0, 11.609375
1750400601.1377978, 0.0, 11.609375
1750400602.143657, 0.0, 11.609375
1750400603.1555462, 0.0, 11.609375
1750400604.166733, 0.0, 11.609375
1750400605.177026, 0.0, 11.609375
1750400606.186904, 0.0, 11.609375
1750400607.2033348, 0.0, 11.609375
1750400608.2163332, 0.0, 11.609375
1750400609.226581, 0.0, 11.609375
1750400610.235052, 0.0, 11.609375
1750400611.2421, 0.0, 11.609375
1750400612.246273, 0.0, 11.609375
1750400613.2496462, 0.0, 11.609375
1750400614.260781, 0.0, 11.609375
1750400615.2636878, 0.0, 11.609375
1750400616.270731, 0.0, 11.609375
1750400617.273121, 0.0, 11.609375
1750400618.2834828, 0.0, 11.609375
1750400619.2937229, 0.0, 11.609375
1750400620.303966, 0.0, 11.609375
1750400621.316872, 0.0, 11.609375
1750400622.3271449, 0.0, 11.609375
1750400623.337394, 0.0, 11.609375
1750400624.349453, 0.0, 11.609375
1750400625.359714, 0.0, 11.609375
1750400626.3616178, 0.0, 11.609375
1750400627.371858, 0.0, 11.609375
1750400628.375005, 0.0, 11.609375
1750400629.3851268, 0.0, 11.609375
1750400630.3987572, 0.0, 11.609375
1750400631.410329, 0.0, 11.609375
1750400632.420605, 0.0, 11.609375
1750400633.4237921, 0.0, 11.609375
1750400634.434061, 0.0, 11.609375
1750400635.438122, 0.0, 11.609375
1750400636.44836, 0.0, 11.609375
1750400637.458594, 0.0, 11.609375
1750400638.472146, 0.0, 11.609375
1750400639.4823968, 0.0, 11.609375
1750400640.487134, 0.0, 11.609375
1750400641.499555, 0.0, 11.609375
1750400642.5074291, 0.0, 11.609375
1750400643.516002, 0.0, 11.609375
1750400644.526253, 0.0, 11.609375
1750400645.535242, 0.0, 11.609375
1750400646.545481, 0.0, 11.609375
1750400647.555825, 0.0, 11.609375
1750400648.560392, 0.0, 11.609375
1750400649.575356, 0.0, 11.609375
1750400650.584975, 0.0, 11.609375
1750400651.592003, 0.0, 11.609375
1750400652.6021938, 0.0, 11.609375
1750400653.611904, 0.0, 11.609375
1750400654.619549, 0.0, 11.609375
1750400655.6318662, 0.0, 11.609375
1750400656.644941, 0.0, 11.609375
1750400657.648221, 0.0, 11.609375
1750400658.6524842, 0.0, 11.609375
1750400659.6650171, 0.0, 11.609375
1750400660.677931, 0.0, 11.609375
1750400661.6890519, 0.0, 11.609375
1750400662.695435, 0.0, 11.609375
1750400663.6970172, 0.0, 11.609375
1750400664.699679, 0.0, 11.609375
1750400665.709951, 0.0, 11.609375
1750400666.715714, 0.0, 11.609375
1750400667.7243352, 0.0, 11.609375
1750400668.734575, 0.0, 11.609375
1750400669.748966, 0.0, 11.609375
1750400670.755508, 0.0, 11.609375
1750400671.7576551, 0.0, 11.609375
1750400672.767982, 0.0, 11.609375
1750400673.779686, 0.0, 11.609375
1750400674.789799, 0.0, 11.609375
1750400675.802048, 0.0, 11.609375
1750400676.813494, 0.0, 11.609375
1750400677.817305, 0.0, 11.609375
1750400678.830187, 0.0, 11.609375
1750400679.840451, 0.0, 11.609375
1750400680.8466828, 0.0, 11.609375
1750400681.850858, 0.0, 11.609375
1750400682.853625, 0.0, 11.609375
1750400683.8638778, 0.0, 11.609375
1750400684.8742652, 0.0, 11.609375
1750400685.881687, 0.0, 11.609375
1750400686.884678, 0.0, 11.609375
1750400687.893739, 0.0, 11.609375
1750400688.903973, 0.0, 11.609375
1750400689.912554, 0.0, 11.609375
1750400690.921243, 0.0, 11.609375
1750400691.9246132, 0.0, 11.609375
1750400692.934716, 0.0, 11.609375
1750400693.9447942, 0.0, 11.609375
1750400694.9548538, 0.0, 11.609375
1750400695.964907, 0.0, 11.609375
1750400696.974957, 0.0, 11.609375
1750400697.992469, 0.0, 11.609375
1750400699.002839, 0.0, 11.609375
1750400700.0142348, 0.0, 11.609375
1750400701.026786, 0.0, 11.609375
1750400702.037066, 0.0, 11.609375
1750400703.0473258, 0.0, 11.609375
1750400704.057548, 0.0, 11.609375
1750400705.059952, 0.0, 11.609375
1750400706.0703092, 0.0, 11.609375
1750400707.0821278, 0.0, 11.609375
1750400708.096916, 0.0, 11.609375
1750400709.101274, 0.0, 11.609375
1750400710.117215, 0.0, 11.609375
1750400711.132969, 0.0, 11.609375
1750400712.144608, 0.0, 11.609375
1750400713.1548722, 0.0, 11.609375
1750400714.163279, 0.0, 11.609375
1750400715.168108, 0.0, 11.609375
1750400716.1775098, 0.0, 11.609375
1750400717.1877959, 0.0, 11.609375
1750400718.1980522, 0.0, 11.609375
1750400719.210478, 0.0, 11.609375
1750400720.2199302, 0.0, 11.609375
1750400721.230551, 0.0, 11.609375
1750400722.233823, 0.0, 11.609375
1750400723.2491462, 0.0, 11.609375
1750400724.262501, 0.0, 11.609375
1750400725.2727392, 0.0, 11.609375
1750400726.283466, 0.0, 11.609375
1750400727.295598, 0.0, 11.609375
1750400728.2992818, 0.0, 11.609375
1750400729.312147, 0.0, 11.609375
1750400730.322512, 0.0, 11.609375
1750400731.327738, 0.0, 11.609375
1750400732.33809, 0.0, 11.609375
1750400733.348361, 0.0, 11.609375
1750400734.353761, 0.0, 11.609375
1750400735.364983, 0.0, 11.609375
1750400736.378346, 0.0, 11.609375
1750400737.3811688, 0.0, 11.609375
1750400738.38357, 0.0, 11.609375
1750400739.399057, 0.0, 11.609375
1750400740.411489, 0.0, 11.609375
1750400741.4215732, 0.0, 11.609375
1750400742.428003, 0.0, 11.609375
1750400743.437301, 0.0, 11.609375
1750400744.440156, 0.0, 11.609375
1750400745.450874, 0.0, 11.609375
1750400746.462519, 0.0, 11.609375
1750400747.47278, 0.0, 11.609375
1750400748.4834392, 0.0, 11.609375
1750400749.484968, 0.0, 11.609375
1750400750.4952278, 0.0, 11.609375
1750400751.507489, 0.0, 11.609375
1750400752.5193758, 0.0, 11.609375
1750400753.531141, 0.0, 11.609375
1750400754.532479, 0.0, 11.609375
1750400755.537187, 0.0, 11.609375
1750400756.547453, 0.0, 11.609375
1750400757.560895, 0.0, 11.609375
1750400758.5711622, 0.0, 11.609375
1750400759.581588, 0.0, 11.609375
1750400760.585817, 0.0, 11.609375
1750400761.5917308, 0.0, 11.609375
1750400762.597593, 0.0, 11.609375
1750400763.6036081, 0.0, 11.609375
1750400764.612013, 0.0, 11.609375
1750400765.6153119, 0.0, 11.609375
1750400766.629813, 0.0, 11.609375
1750400767.640048, 0.0, 11.609375
1750400768.65294, 0.0, 11.609375
1750400769.663401, 0.0, 11.609375
1750400770.673652, 0.0, 11.609375
1750400771.68074, 0.0, 11.609375
1750400772.6814132, 0.0, 11.609375
1750400773.6911318, 0.0, 11.609375
1750400774.699402, 0.0, 11.609375
1750400775.702821, 0.0, 11.609375
1750400776.711175, 0.0, 11.609375
1750400777.721592, 0.0, 11.609375
1750400778.731987, 0.0, 11.609375
1750400779.740971, 0.0, 11.609375
1750400780.754143, 0.0, 11.609375
1750400781.764405, 0.0, 11.609375
1750400782.777338, 0.0, 11.609375
1750400783.781055, 0.0, 11.609375
1750400784.788702, 0.0, 11.609375
1750400785.7976131, 0.0, 11.609375
1750400786.801274, 0.0, 11.609375
1750400787.8115652, 0.0, 11.609375
1750400788.814463, 0.0, 11.609375
1750400789.819486, 0.0, 11.609375
1750400790.827111, 0.0, 11.609375
1750400791.837355, 0.0, 11.609375
1750400792.8442152, 0.0, 11.609375
1750400793.8633401, 0.0, 11.609375
1750400794.873683, 0.0, 11.609375
1750400795.884205, 0.0, 11.609375
1750400796.89445, 0.0, 11.609375
1750400797.8982341, 0.0, 11.609375
1750400798.91011, 0.0, 11.609375
1750400799.9128199, 0.0, 11.609375
1750400800.914716, 0.0, 11.609375
1750400801.930781, 0.0, 11.609375
1750400802.936596, 0.0, 11.609375
1750400803.940114, 0.0, 11.609375
1750400804.9510982, 0.0, 11.609375
1750400805.961369, 0.0, 11.609375
1750400806.971662, 0.0, 11.609375
1750400807.982162, 0.0, 11.609375
1750400808.9924018, 0.0, 11.609375
1750400810.0030432, 0.0, 11.609375
1750400811.012165, 0.0, 11.609375
1750400812.022357, 0.0, 11.609375
1750400813.031508, 0.0, 11.609375
1750400814.0417438, 0.0, 11.609375
1750400815.0521019, 0.0, 11.609375
1750400816.062284, 0.0, 11.609375
1750400817.0723982, 0.0, 11.609375
1750400818.0824761, 0.0, 11.609375
1750400819.092549, 0.0, 11.609375
1750400820.102714, 0.0, 11.609375
1750400821.1109838, 0.0, 11.609375
1750400822.1212459, 0.0, 11.609375
1750400823.127607, 0.0, 11.609375
1750400824.137881, 0.0, 11.609375
1750400825.1446478, 0.0, 11.609375
1750400826.146118, 0.0, 11.609375
1750400827.148156, 0.0, 11.609375
1750400828.162536, 0.0, 11.609375
1750400829.1767511, 0.0, 11.609375
1750400830.1879969, 0.0, 11.609375
1750400831.202016, 0.0, 11.609375
1750400832.209266, 0.0, 11.609375
1750400833.2140439, 0.0, 11.609375
1750400834.2155159, 0.0, 11.609375
1750400835.225433, 0.0, 11.609375
1750400836.231468, 0.0, 11.609375
1750400837.2423072, 0.0, 11.609375
1750400838.244601, 0.0, 11.609375
1750400839.253628, 0.0, 11.609375
1750400840.2638888, 0.0, 11.609375
1750400841.273576, 0.0, 11.609375
1750400842.278763, 0.0, 11.609375
1750400843.2847512, 0.0, 11.609375
1750400844.29501, 0.0, 11.609375
1750400845.3048909, 0.0, 11.609375
1750400846.30932, 0.0, 11.609375
1750400847.313695, 0.0, 11.609375
1750400848.324816, 0.0, 11.609375
1750400849.327504, 0.0, 11.609375
1750400850.334642, 0.0, 11.609375
1750400851.344884, 0.0, 11.609375
1750400852.358216, 0.0, 11.609375
1750400853.363414, 0.0, 11.609375
1750400854.37477, 0.0, 11.609375
1750400855.3850298, 0.0, 11.609375
1750400856.3921962, 0.0, 11.609375
1750400857.398815, 0.0, 11.609375
1750400858.409102, 0.0, 11.609375
1750400859.423136, 0.0, 11.609375
1750400860.4371488, 0.0, 11.609375
1750400861.446683, 0.0, 11.609375
1750400862.456415, 0.0, 11.609375
1750400863.462792, 0.0, 11.609375
1750400864.4758039, 0.0, 11.609375
1750400865.486052, 0.0, 11.609375
1750400866.488874, 0.0, 11.609375
1750400867.4991412, 0.0, 11.609375
1750400868.506666, 0.0, 11.609375
1750400869.523214, 0.0, 11.609375
1750400870.533679, 0.0, 11.609375
1750400871.5401092, 0.0, 11.609375
1750400872.5450308, 0.0, 11.609375
1750400873.5568619, 0.0, 11.609375
1750400874.5606852, 0.0, 11.609375
1750400875.5733492, 0.0, 11.609375
1750400876.581528, 0.0, 11.609375
1750400877.590019, 0.0, 11.609375
1750400878.594904, 0.0, 11.609375
1750400879.6106272, 0.0, 11.609375
1750400880.624164, 0.0, 11.609375
1750400881.628596, 0.0, 11.609375
1750400882.641108, 0.0, 11.609375
1750400883.660757, 0.0, 11.609375
1750400884.670841, 0.0, 11.609375
1750400885.684566, 0.0, 11.609375
1750400886.694838, 0.0, 11.609375
1750400887.700523, 0.0, 11.609375
1750400888.710198, 0.0, 11.609375
1750400889.7255528, 0.0, 11.609375
1750400890.7338629, 0.0, 11.609375
1750400891.744151, 0.0, 11.609375
1750400892.752287, 0.0, 11.609375
1750400893.754601, 0.0, 11.609375
1750400894.764842, 0.0, 11.609375
1750400895.774258, 0.0, 11.609375
1750400896.783338, 0.0, 11.609375
1750400897.801408, 0.0, 11.609375
1750400898.8069718, 0.0, 11.609375
1750400899.817927, 0.0, 11.609375
1750400900.825779, 0.0, 11.609375
1750400901.84001, 0.0, 11.609375
1750400902.850262, 0.0, 11.609375
1750400903.8612192, 0.0, 11.609375
1750400904.871537, 0.0, 11.609375
1750400905.883394, 0.0, 11.609375
1750400906.889869, 0.0, 11.609375
1750400907.894002, 0.0, 11.609375
1750400908.907726, 0.0, 11.609375
1750400909.917061, 0.0, 11.609375
1750400910.9255092, 0.0, 11.609375
1750400911.934724, 0.0, 11.609375
1750400912.939601, 0.0, 11.609375
1750400913.9444191, 0.0, 11.609375
1750400914.9617112, 0.0, 11.609375
1750400915.976736, 0.0, 11.609375
1750400916.9894211, 0.0, 11.609375
1750400917.99426, 0.0, 11.609375
1750400919.006828, 0.0, 11.609375
1750400920.016287, 0.0, 11.609375
1750400921.023108, 0.0, 11.609375
1750400922.0281549, 0.0, 11.609375
1750400923.040687, 0.0, 11.609375
1750400924.048754, 0.0, 11.609375
1750400925.0589418, 0.0, 11.609375
1750400926.067061, 0.0, 11.609375
1750400927.077298, 0.0, 11.609375
1750400928.087523, 0.0, 11.609375
1750400929.097769, 0.0, 11.609375
1750400930.101727, 0.0, 11.609375
1750400931.111997, 0.0, 11.609375
1750400932.1204422, 0.0, 11.609375
1750400933.13352, 0.0, 11.609375
1750400934.1436229, 0.0, 11.609375
1750400935.153704, 0.0, 11.609375
1750400936.163767, 0.0, 11.609375
1750400937.173826, 0.0, 11.609375
1750400938.1839948, 0.0, 11.609375
1750400939.194109, 0.0, 11.609375
1750400940.2066612, 0.0, 11.609375
1750400941.216954, 0.0, 11.609375
1750400942.224247, 0.0, 11.609375
1750400943.234688, 0.0, 11.609375
1750400944.2449448, 0.0, 11.609375
1750400945.250145, 0.0, 11.609375
1750400946.255544, 0.0, 11.609375
1750400947.25608, 0.0, 11.609375
1750400948.2604532, 0.0, 11.609375
1750400949.2686138, 0.0, 11.609375
1750400950.282437, 0.0, 11.609375
1750400951.290734, 0.0, 11.609375
1750400952.303775, 0.0, 11.609375
1750400953.3116832, 0.0, 11.609375
1750400954.313094, 0.0, 11.609375
1750400955.321453, 0.0, 11.609375
1750400956.325797, 0.0, 11.609375
1750400957.3352342, 0.0, 11.609375
1750400958.341494, 0.0, 11.609375
1750400959.3549309, 0.0, 11.609375
1750400960.359696, 0.0, 11.609375
1750400961.362973, 0.0, 11.609375
1750400962.375853, 0.0, 11.609375
1750400963.3878841, 0.0, 11.609375
1750400964.396053, 0.0, 11.609375
1750400965.4081972, 0.0, 11.609375
1750400966.421056, 0.0, 11.609375
1750400967.430804, 0.0, 11.609375
1750400968.437587, 0.0, 11.609375
1750400969.445672, 0.0, 11.609375
1750400970.455978, 0.0, 11.609375
1750400971.458699, 0.0, 11.609375
1750400972.477794, 0.0, 11.609375
1750400973.486906, 0.0, 11.609375
1750400974.496473, 0.0, 11.609375
1750400975.501237, 0.0, 11.609375
1750400976.511489, 0.0, 11.609375
1750400977.524213, 0.0, 11.609375
1750400978.536514, 0.0, 11.609375
1750400979.547483, 0.0, 11.609375
1750400980.5499442, 0.0, 11.609375
1750400981.556163, 0.0, 11.609375
1750400982.566477, 0.0, 11.609375
1750400983.576739, 0.0, 11.609375
1750400984.585186, 0.0, 11.609375
1750400985.587599, 0.0, 11.609375
1750400986.5979059, 0.0, 11.609375
1750400987.606842, 0.0, 11.609375
1750400988.617774, 0.0, 11.609375
1750400989.628845, 0.0, 11.609375
1750400990.639122, 0.0, 11.609375
1750400991.646771, 0.0, 11.609375
1750400992.657024, 0.0, 11.609375
1750400993.6698089, 0.0, 11.609375
1750400994.680062, 0.0, 11.609375
1750400995.6956081, 0.0, 11.609375
1750400996.7018821, 0.0, 11.609375
1750400997.712099, 0.0, 11.609375
1750400998.7208269, 0.0, 11.609375
1750400999.731058, 0.0, 11.609375
1750401000.7415922, 0.0, 11.609375
1750401001.753134, 0.0, 11.609375
1750401002.769849, 0.0, 11.609375
1750401003.776486, 0.0, 11.609375
1750401004.780632, 0.0, 11.609375
1750401005.790633, 0.0, 11.609375
1750401006.803037, 0.0, 11.609375
1750401007.813281, 0.0, 11.609375
1750401008.824029, 0.0, 11.609375
1750401009.836457, 0.0, 11.609375
1750401010.846733, 0.0, 11.609375
1750401011.856986, 0.0, 11.609375
1750401012.8711529, 0.0, 11.609375
1750401013.886112, 0.0, 11.609375
1750401014.888758, 0.0, 11.609375
1750401015.8967192, 0.0, 11.609375
1750401016.906996, 0.0, 11.609375
1750401017.912413, 0.0, 11.609375
1750401018.922765, 0.0, 11.609375
1750401019.928677, 0.0, 11.609375
1750401020.9370492, 0.0, 11.609375
1750401021.940491, 0.0, 11.609375
1750401022.951232, 0.0, 11.609375
1750401023.9614751, 0.0, 11.609375
1750401024.971762, 0.0, 11.609375
1750401025.985077, 0.0, 11.609375
1750401026.994099, 0.0, 11.609375
1750401028.0043268, 0.0, 11.609375
1750401029.0145679, 0.0, 11.609375
1750401030.0244741, 0.0, 11.609375
1750401031.03222, 0.0, 11.609375
1750401032.0400362, 0.0, 11.609375
1750401033.047551, 0.0, 11.609375
1750401034.05792, 0.0, 11.609375
1750401035.067339, 0.0, 11.609375
1750401036.084816, 0.0, 11.609375
1750401037.090636, 0.0, 11.609375
1750401038.103738, 0.0, 11.609375
1750401039.110967, 0.0, 11.609375
1750401040.124465, 0.0, 11.609375
1750401041.1347158, 0.0, 11.609375
1750401042.14399, 0.0, 11.609375
1750401043.152113, 0.0, 11.609375
1750401044.162209, 0.0, 11.609375
1750401045.1720011, 0.0, 11.609375
1750401046.187084, 0.0, 11.609375
1750401047.199971, 0.0, 11.609375
1750401048.210227, 0.0, 11.609375
1750401049.217083, 0.0, 11.609375
1750401050.227422, 0.0, 11.609375
1750401051.228958, 0.0, 11.609375
1750401052.239184, 0.0, 11.609375
1750401053.246729, 0.0, 11.609375
1750401054.249362, 0.0, 11.609375
1750401055.259454, 0.0, 11.609375
1750401056.2695198, 0.0, 11.609375
1750401057.2795799, 0.0, 11.609375
1750401058.289643, 0.0, 11.609375
1750401059.299697, 0.0, 11.609375
1750401060.3098428, 0.0, 11.609375
1750401061.320215, 0.0, 11.609375
1750401062.329477, 0.0, 11.609375
1750401063.338558, 0.0, 11.609375
1750401064.351723, 0.0, 11.609375
1750401065.35713, 0.0, 11.609375
1750401066.368664, 0.0, 11.609375
1750401067.378019, 0.0, 11.609375
1750401068.386529, 0.0, 11.609375
1750401069.39681, 0.0, 11.609375
1750401070.407101, 0.0, 11.609375
1750401071.418005, 0.0, 11.609375
1750401072.421414, 0.0, 11.609375
1750401073.4364219, 0.0, 11.609375
1750401074.4463518, 0.0, 11.609375
1750401075.4609652, 0.0, 11.609375
1750401076.4712589, 0.0, 11.609375
1750401077.484749, 0.0, 11.609375
1750401078.4949918, 0.0, 11.609375
1750401079.506061, 0.0, 11.609375
1750401080.516095, 0.0, 11.609375
1750401081.520897, 0.0, 11.609375
1750401082.528401, 0.0, 11.609375
1750401083.5393898, 0.0, 11.609375
1750401084.5518541, 0.0, 11.609375
1750401085.553899, 0.0, 11.609375
1750401086.566562, 0.0, 11.609375
1750401087.57784, 0.0, 11.609375
1750401088.585949, 0.0, 11.609375
1750401089.596212, 0.0, 11.609375
1750401090.609379, 0.0, 11.609375
1750401091.619304, 0.0, 11.609375
1750401092.622281, 0.0, 11.609375
1750401093.636702, 0.0, 11.609375
1750401094.6516, 0.0, 11.609375
1750401095.653402, 0.0, 11.609375
1750401096.664495, 0.0, 11.609375
1750401097.674746, 0.0, 11.609375
1750401098.688232, 0.0, 11.609375
1750401099.695894, 0.0, 11.609375
1750401100.699759, 0.0, 11.609375
1750401101.7101529, 0.0, 11.609375
1750401102.723552, 0.0, 11.609375
1750401103.731394, 0.0, 11.609375
1750401104.736095, 0.0, 11.609375
1750401105.748652, 0.0, 11.609375
1750401106.760004, 0.0, 11.609375
1750401107.7651231, 0.0, 11.609375
1750401108.776159, 0.0, 11.609375
1750401109.786433, 0.0, 11.609375
1750401110.7951748, 0.0, 11.609375
1750401111.805446, 0.0, 11.609375
1750401112.80983, 0.0, 11.609375
1750401113.815638, 0.0, 11.609375
1750401114.827104, 0.0, 11.609375
1750401115.837346, 0.0, 11.609375
1750401116.845987, 0.0, 11.609375
1750401117.85628, 0.0, 11.609375
1750401118.866543, 0.0, 11.609375
1750401119.871594, 0.0, 11.609375
1750401120.873525, 0.0, 11.609375
1750401121.883762, 0.0, 11.609375
1750401122.895804, 0.0, 11.609375
1750401123.911227, 0.0, 11.609375
1750401124.9214761, 0.0, 11.609375
1750401125.9367301, 0.0, 11.609375
1750401126.945555, 0.0, 11.609375
1750401127.9593291, 0.0, 11.609375
1750401128.9662411, 0.0, 11.609375
1750401129.971387, 0.0, 11.609375
1750401130.9859688, 0.0, 11.609375
1750401132.000323, 0.0, 11.609375
1750401133.010612, 0.0, 11.609375
1750401134.014875, 0.0, 11.609375
1750401135.02839, 0.0, 11.609375
1750401136.038646, 0.0, 11.609375
1750401137.0488992, 0.0, 11.609375
1750401138.053267, 0.0, 11.609375
1750401139.058214, 0.0, 11.609375
1750401140.0667598, 0.0, 11.609375
1750401141.072632, 0.0, 11.609375
1750401142.080832, 0.0, 11.609375
1750401143.091084, 0.0, 11.609375
1750401144.1013372, 0.0, 11.609375
1750401145.113308, 0.0, 11.609375
1750401146.124238, 0.0, 11.609375
1750401147.132638, 0.0, 11.609375
1750401148.14077, 0.0, 11.609375
1750401149.1476, 0.0, 11.609375
1750401150.1578538, 0.0, 11.609375
1750401151.167549, 0.0, 11.609375
1750401152.177242, 0.0, 11.609375
1750401153.187499, 0.0, 11.609375
1750401154.1886232, 0.0, 11.609375
1750401155.190347, 0.0, 11.609375
1750401156.2006028, 0.0, 11.609375
1750401157.2134662, 0.0, 11.609375
1750401158.223713, 0.0, 11.609375
1750401159.2300138, 0.0, 11.609375
1750401160.2399611, 0.0, 11.609375
1750401161.2503738, 0.0, 11.609375
1750401162.263822, 0.0, 11.609375
1750401163.268518, 0.0, 11.609375
1750401164.276466, 0.0, 11.609375
1750401165.2847638, 0.0, 11.609375
1750401166.287914, 0.0, 11.609375
1750401167.2981749, 0.0, 11.609375
1750401168.308491, 0.0, 11.609375
1750401169.311754, 0.0, 11.609375
1750401170.322793, 0.0, 11.609375
1750401171.326779, 0.0, 11.609375
1750401172.333267, 0.0, 11.609375
1750401173.342526, 0.0, 11.609375
1750401174.352716, 0.0, 11.609375
1750401175.362816, 0.0, 11.609375
1750401176.37289, 0.0, 11.609375
1750401177.383672, 0.0, 11.609375
1750401178.3940759, 0.0, 11.609375
1750401179.408347, 0.0, 11.609375
1750401180.4185889, 0.0, 11.609375
1750401181.421269, 0.0, 11.609375
1750401182.4230778, 0.0, 11.609375
1750401183.4333482, 0.0, 11.609375
1750401184.441107, 0.0, 11.609375
1750401185.443149, 0.0, 11.609375
1750401186.449613, 0.0, 11.609375
1750401187.4581702, 0.0, 11.609375
1750401188.4609091, 0.0, 11.609375
1750401189.467571, 0.0, 11.609375
1750401190.480188, 0.0, 11.609375
1750401191.4838002, 0.0, 11.609375
1750401192.4934149, 0.0, 11.609375
1750401193.5055811, 0.0, 11.609375
1750401194.515811, 0.0, 11.609375
1750401195.5248, 0.0, 11.609375
1750401196.535069, 0.0, 11.609375
1750401197.545291, 0.0, 11.609375
1750401198.551599, 0.0, 11.609375
1750401199.5630789, 0.0, 11.609375
1750401200.573952, 0.0, 11.609375
1750401201.579493, 0.0, 11.609375
1750401202.589729, 0.0, 11.609375
1750401203.600106, 0.0, 11.609375
1750401204.6109471, 0.0, 11.609375
1750401205.6211991, 0.0, 11.609375
1750401206.629654, 0.0, 11.609375
1750401207.635794, 0.0, 11.609375
1750401208.638721, 0.0, 11.609375
1750401209.649338, 0.0, 11.609375
1750401210.666164, 0.0, 11.609375
1750401211.681159, 0.0, 11.609375
1750401212.691398, 0.0, 11.609375
1750401213.6952262, 0.0, 11.609375
1750401214.704096, 0.0, 11.609375
1750401215.7117069, 0.0, 11.609375
1750401216.722244, 0.0, 11.609375
1750401217.732476, 0.0, 11.609375
1750401218.734369, 0.0, 11.609375
1750401219.74495, 0.0, 11.609375
1750401220.7489731, 0.0, 11.609375
1750401221.760422, 0.0, 11.609375
1750401222.770165, 0.0, 11.609375
1750401223.780405, 0.0, 11.609375
1750401224.796351, 0.0, 11.609375
1750401225.804205, 0.0, 11.609375
1750401226.809401, 0.0, 11.609375
1750401227.820207, 0.0, 11.609375
1750401228.829879, 0.0, 11.609375
1750401229.8401458, 0.0, 11.609375
1750401230.8478222, 0.0, 11.609375
1750401231.8616252, 0.0, 11.609375
1750401232.871878, 0.0, 11.609375
1750401233.881376, 0.0, 11.609375
1750401234.8816938, 0.0, 11.609375
1750401235.89058, 0.0, 11.609375
1750401236.899644, 0.0, 11.609375
1750401237.905115, 0.0, 11.609375
1750401238.9155, 0.0, 11.609375
1750401239.928264, 0.0, 11.609375
1750401240.938516, 0.0, 11.609375
1750401241.948759, 0.0, 11.609375
1750401242.959689, 0.0, 11.609375
1750401243.970749, 0.0, 11.609375
1750401244.980986, 0.0, 11.609375
1750401245.9912589, 0.0, 11.609375
1750401247.000731, 0.0, 11.609375
1750401248.01569, 0.0, 11.609375
1750401249.021527, 0.0, 11.609375
1750401250.027752, 0.0, 11.609375
1750401251.037392, 0.0, 11.609375
1750401252.0476422, 0.0, 11.609375
1750401253.0591638, 0.0, 11.609375
1750401254.06187, 0.0, 11.609375
1750401255.0721622, 0.0, 11.609375
1750401256.082457, 0.0, 11.609375
1750401257.0940568, 0.0, 11.609375
1750401258.107432, 0.0, 11.609375
1750401259.117714, 0.0, 11.609375
1750401260.129007, 0.0, 11.609375
1750401261.1373582, 0.0, 11.609375
1750401262.147579, 0.0, 11.609375
1750401263.157108, 0.0, 11.609375
1750401264.166241, 0.0, 11.609375
1750401265.170678, 0.0, 11.609375
1750401266.180562, 0.0, 11.609375
1750401267.186904, 0.0, 11.609375
1750401268.197291, 0.0, 11.609375
1750401269.209952, 0.0, 11.609375
1750401270.2106931, 0.0, 11.609375
1750401271.220991, 0.0, 11.609375
1750401272.2312589, 0.0, 11.609375
1750401273.242524, 0.0, 11.609375
1750401274.254223, 0.0, 11.609375
1750401275.263289, 0.0, 11.609375
1750401276.277931, 0.0, 11.609375
1750401277.28817, 0.0, 11.609375
1750401278.2968462, 0.0, 11.609375
1750401279.3075771, 0.0, 11.609375
1750401280.317837, 0.0, 11.609375
1750401281.3271701, 0.0, 11.609375
1750401282.330352, 0.0, 11.609375
1750401283.342718, 0.0, 11.609375
1750401284.352989, 0.0, 11.609375
1750401285.363246, 0.0, 11.609375
1750401286.372257, 0.0, 11.609375
1750401287.382554, 0.0, 11.609375
1750401288.394117, 0.0, 11.609375
1750401289.404393, 0.0, 11.609375
1750401290.414758, 0.0, 11.609375
1750401291.4154298, 0.0, 11.609375
1750401292.425605, 0.0, 11.609375
1750401293.4357052, 0.0, 11.609375
1750401294.445774, 0.0, 11.609375
1750401295.4558342, 0.0, 11.609375
1750401296.470338, 0.0, 11.609375
1750401297.480727, 0.0, 11.609375
1750401298.493403, 0.0, 11.609375
1750401299.5038269, 0.0, 11.609375
1750401300.515566, 0.0, 11.609375
1750401301.519829, 0.0, 11.609375
1750401302.521039, 0.0, 11.609375
1750401303.5225332, 0.0, 11.609375
1750401304.531136, 0.0, 11.609375
1750401305.543067, 0.0, 11.609375
1750401306.550522, 0.0, 11.609375
1750401307.56398, 0.0, 11.609375
1750401308.5760908, 0.0, 11.609375
1750401309.584049, 0.0, 11.609375
1750401310.5871732, 0.0, 11.609375
1750401311.5925791, 0.0, 11.609375
1750401312.5956428, 0.0, 11.609375
1750401313.610852, 0.0, 11.609375
1750401314.625539, 0.0, 11.609375
1750401315.626666, 0.0, 11.609375
1750401316.635839, 0.0, 11.609375
1750401317.646113, 0.0, 11.609375
1750401318.658648, 0.0, 11.609375
1750401319.670578, 0.0, 11.609375
1750401320.680855, 0.0, 11.609375
1750401321.6885939, 0.0, 11.609375
1750401322.6988559, 0.0, 11.609375
1750401323.7051709, 0.0, 11.609375
1750401324.7129412, 0.0, 11.609375
1750401325.726336, 0.0, 11.609375
1750401326.736604, 0.0, 11.609375
1750401327.742146, 0.0, 11.609375
1750401328.74491, 0.0, 11.609375
1750401329.7547362, 0.0, 11.609375
1750401330.7592802, 0.0, 11.609375
1750401331.767838, 0.0, 11.609375
1750401332.7780259, 0.0, 11.609375
1750401333.78395, 0.0, 11.609375
1750401334.79423, 0.0, 11.609375
1750401335.800271, 0.0, 11.609375
1750401336.801162, 0.0, 11.609375
1750401337.8065221, 0.0, 11.609375
1750401338.8168802, 0.0, 11.609375
1750401339.827445, 0.0, 11.609375
1750401340.840412, 0.0, 11.609375
1750401341.851244, 0.0, 11.609375
1750401342.8615339, 0.0, 11.609375
1750401343.875068, 0.0, 11.609375
1750401344.8790169, 0.0, 11.609375
1750401345.882533, 0.0, 11.609375
1750401346.892782, 0.0, 11.609375
1750401347.903145, 0.0, 11.609375
1750401348.9149828, 0.0, 11.609375
1750401349.925269, 0.0, 11.609375
1750401350.9395761, 0.0, 11.609375
1750401351.9446888, 0.0, 11.609375
1750401352.956203, 0.0, 11.609375
1750401353.960133, 0.0, 11.609375
1750401354.969772, 0.0, 11.609375
1750401355.980026, 0.0, 11.609375
1750401356.989677, 0.0, 11.609375
1750401357.9932008, 0.0, 11.609375
1750401359.005993, 0.0, 11.609375
1750401360.0144541, 0.0, 11.609375
1750401361.024714, 0.0, 11.609375
1750401362.034392, 0.0, 11.609375
1750401363.037004, 0.0, 11.609375
1750401364.0440981, 0.0, 11.609375
1750401365.056195, 0.0, 11.609375
1750401366.066425, 0.0, 11.609375
1750401367.0766761, 0.0, 11.609375
1750401368.089668, 0.0, 11.609375
1750401369.10078, 0.0, 11.609375
1750401370.1060941, 0.0, 11.609375
1750401371.111914, 0.0, 11.609375
1750401372.125961, 0.0, 11.609375
1750401373.136235, 0.0, 11.609375
1750401374.1465018, 0.0, 11.609375
1750401375.150281, 0.0, 11.609375
1750401376.161727, 0.0, 11.609375
1750401377.1744, 0.0, 11.609375
1750401378.18467, 0.0, 11.609375
1750401379.188799, 0.0, 11.609375
1750401380.199053, 0.0, 11.609375
1750401381.211257, 0.0, 11.609375
1750401382.225087, 0.0, 11.609375
1750401383.22858, 0.0, 11.609375
1750401384.2385652, 0.0, 11.609375
1750401385.244318, 0.0, 11.609375
1750401386.257526, 0.0, 11.609375
1750401387.267766, 0.0, 11.609375
1750401388.277161, 0.0, 11.609375
1750401389.28905, 0.0, 11.609375
1750401390.2992861, 0.0, 11.609375
1750401391.309522, 0.0, 11.609375
1750401392.323072, 0.0, 11.609375
1750401393.325713, 0.0, 11.609375
1750401394.338706, 0.0, 11.609375
1750401395.348744, 0.0, 11.609375
1750401396.352063, 0.0, 11.609375
1750401397.362314, 0.0, 11.609375
1750401398.371713, 0.0, 11.609375
1750401399.381974, 0.0, 11.609375
1750401400.388295, 0.0, 11.609375
1750401401.3985379, 0.0, 11.609375
1750401402.4016662, 0.0, 11.609375
1750401403.416544, 0.0, 11.609375
1750401404.426794, 0.0, 11.609375
1750401405.4373188, 0.0, 11.609375
1750401406.450746, 0.0, 11.609375
1750401407.455554, 0.0, 11.609375
1750401408.462794, 0.0, 11.609375
1750401409.469928, 0.0, 11.609375
1750401410.47106, 0.0, 11.609375
1750401411.473272, 0.0, 11.609375
1750401412.481886, 0.0, 11.609375
1750401413.491997, 0.0, 11.609375
1750401414.502151, 0.0, 11.609375
1750401415.512209, 0.0, 11.609375
1750401416.522358, 0.0, 11.609375
1750401417.524448, 0.0, 11.609375
1750401418.5320508, 0.0, 11.609375
1750401419.542312, 0.0, 11.609375
1750401420.551788, 0.0, 11.609375
1750401421.562268, 0.0, 11.609375
1750401422.572507, 0.0, 11.609375
1750401423.575477, 0.0, 11.609375
1750401424.589021, 0.0, 11.609375
1750401425.5947251, 0.0, 11.609375
1750401426.595968, 0.0, 11.609375
1750401427.602012, 0.0, 11.609375
1750401428.6129138, 0.0, 11.609375
1750401429.62323, 0.0, 11.609375
1750401430.628673, 0.0, 11.609375
1750401431.6389272, 0.0, 11.609375
1750401432.6449192, 0.0, 11.609375
1750401433.648273, 0.0, 11.609375
1750401434.662014, 0.0, 11.609375
1750401435.6722612, 0.0, 11.609375
1750401436.680893, 0.0, 11.609375
1750401437.6911428, 0.0, 11.609375
1750401438.695054, 0.0, 11.609375
1750401439.704421, 0.0, 11.609375
1750401440.705743, 0.0, 11.609375
1750401441.7118988, 0.0, 11.609375
1750401442.722155, 0.0, 11.609375
1750401443.732418, 0.0, 11.609375
1750401444.744483, 0.0, 11.609375
1750401445.753731, 0.0, 11.609375
1750401446.763981, 0.0, 11.609375
1750401447.7725189, 0.0, 11.609375
1750401448.783273, 0.0, 11.609375
1750401449.7935228, 0.0, 11.609375
1750401450.8004851, 0.0, 11.609375
1750401451.810726, 0.0, 11.609375
1750401452.820222, 0.0, 11.609375
1750401453.829744, 0.0, 11.609375
1750401454.833536, 0.0, 11.609375
1750401455.84672, 0.0, 11.609375
1750401456.856468, 0.0, 11.609375
1750401457.8743732, 0.0, 11.609375
1750401458.886119, 0.0, 11.609375
1750401459.903014, 0.0, 11.609375
1750401460.9082398, 0.0, 11.609375
1750401461.9200041, 0.0, 11.609375
1750401462.9288378, 0.0, 11.609375
1750401463.939852, 0.0, 11.609375
1750401464.95183, 0.0, 11.609375
1750401465.96211, 0.0, 11.609375
1750401466.969064, 0.0, 11.609375
1750401467.9758651, 0.0, 11.609375
1750401468.981065, 0.0, 11.609375
1750401469.9895942, 0.0, 11.609375
1750401471.0025, 0.0, 11.609375
1750401472.013772, 0.0, 11.609375
1750401473.0191429, 0.0, 11.609375
1750401474.0294132, 0.0, 11.609375
1750401475.036762, 0.0, 11.609375
1750401476.0377119, 0.0, 11.609375
1750401477.048505, 0.0, 11.609375
1750401478.061193, 0.0, 11.609375
1750401479.0725791, 0.0, 11.609375
1750401480.082836, 0.0, 11.609375
1750401481.093112, 0.0, 11.609375
1750401482.105778, 0.0, 11.609375
1750401483.1151009, 0.0, 11.609375
1750401484.1240802, 0.0, 11.609375
1750401485.126304, 0.0, 11.609375
1750401486.1365519, 0.0, 11.609375
1750401487.146802, 0.0, 11.609375
1750401488.157055, 0.0, 11.609375
1750401489.173575, 0.0, 11.609375
1750401490.186273, 0.0, 11.609375
1750401491.196428, 0.0, 11.609375
1750401492.202834, 0.0, 11.609375
1750401493.219125, 0.0, 11.609375
1750401494.228344, 0.0, 11.609375
1750401495.240277, 0.0, 11.609375
1750401496.253515, 0.0, 11.609375
1750401497.263944, 0.0, 11.609375
1750401498.2741692, 0.0, 11.609375
1750401499.2879748, 0.0, 11.609375
1750401500.295489, 0.0, 11.609375
1750401501.3057542, 0.0, 11.609375
1750401502.312544, 0.0, 11.609375
1750401503.3167958, 0.0, 11.609375
1750401504.3270578, 0.0, 11.609375
1750401505.337814, 0.0, 11.609375
1750401506.34806, 0.0, 11.609375
1750401507.364065, 0.0, 11.609375
1750401508.374292, 0.0, 11.609375
1750401509.384629, 0.0, 11.609375
1750401510.395465, 0.0, 11.609375
1750401511.405727, 0.0, 11.609375
1750401512.418379, 0.0, 11.609375
1750401513.428622, 0.0, 11.609375
1750401514.437044, 0.0, 11.609375
1750401515.446569, 0.0, 11.609375
1750401516.456678, 0.0, 11.609375
1750401517.46927, 0.0, 11.609375
1750401518.479566, 0.0, 11.609375
1750401519.489831, 0.0, 11.609375
1750401520.5053859, 0.0, 11.609375
1750401521.517457, 0.0, 11.609375
1750401522.527752, 0.0, 11.609375
1750401523.534281, 0.0, 11.609375
1750401524.5428338, 0.0, 11.609375
1750401525.550592, 0.0, 11.609375
1750401526.560834, 0.0, 11.609375
1750401527.567206, 0.0, 11.609375
1750401528.575627, 0.0, 11.609375
1750401529.5803049, 0.0, 11.609375
1750401530.582183, 0.0, 11.609375
1750401531.592336, 0.0, 11.609375
1750401532.602438, 0.0, 11.609375
1750401533.6125069, 0.0, 11.609375
1750401534.622564, 0.0, 11.609375
1750401535.632612, 0.0, 11.609375
1750401536.642794, 0.0, 11.609375
1750401537.6535192, 0.0, 11.609375
1750401538.655582, 0.0, 11.609375
1750401539.668061, 0.0, 11.609375
1750401540.6747031, 0.0, 11.609375
1750401541.686045, 0.0, 11.609375
1750401542.69596, 0.0, 11.609375
1750401543.7062201, 0.0, 11.609375
1750401544.718227, 0.0, 11.609375
1750401545.721828, 0.0, 11.609375
1750401546.7390988, 0.0, 11.609375
1750401547.747838, 0.0, 11.609375
1750401548.760847, 0.0, 11.609375
1750401549.775744, 0.0, 11.609375
1750401550.785998, 0.0, 11.609375
1750401551.7962549, 0.0, 11.609375
1750401552.8009112, 0.0, 11.609375
1750401553.811148, 0.0, 11.609375
1750401554.812497, 0.0, 11.609375
1750401555.819448, 0.0, 11.609375
1750401556.834471, 0.0, 11.609375
1750401557.836236, 0.0, 11.609375
1750401558.8464918, 0.0, 11.609375
1750401559.853746, 0.0, 11.609375
1750401560.866689, 0.0, 11.609375
1750401561.876941, 0.0, 11.609375
1750401562.87904, 0.0, 11.609375
1750401563.886962, 0.0, 11.609375
1750401564.900188, 0.0, 11.609375
1750401565.9157288, 0.0, 11.609375
1750401566.925997, 0.0, 11.609375
1750401567.933994, 0.0, 11.609375
1750401568.937958, 0.0, 11.609375
1750401569.950037, 0.0, 11.609375
1750401570.960295, 0.0, 11.609375
1750401571.966184, 0.0, 11.609375
1750401572.966808, 0.0, 11.609375
1750401573.982561, 0.0, 11.609375
1750401574.992814, 0.0, 11.609375
1750401576.002132, 0.0, 11.609375
1750401577.012397, 0.0, 11.609375
1750401578.015937, 0.0, 11.609375
1750401579.026179, 0.0, 11.609375
1750401580.03526, 0.0, 11.609375
1750401581.047267, 0.0, 11.609375
1750401582.0527139, 0.0, 11.609375
1750401583.0656168, 0.0, 11.609375
1750401584.071667, 0.0, 11.609375
1750401585.0818932, 0.0, 11.609375
1750401586.0869608, 0.0, 11.609375
1750401587.097664, 0.0, 11.609375
1750401588.107917, 0.0, 11.609375
1750401589.11487, 0.0, 11.609375
1750401590.1163561, 0.0, 11.609375
1750401591.126611, 0.0, 11.609375
1750401592.135796, 0.0, 11.609375
1750401593.1379719, 0.0, 11.609375
1750401594.141593, 0.0, 11.609375
1750401595.152134, 0.0, 11.609375
1750401596.166537, 0.0, 11.609375
1750401597.167445, 0.0, 11.609375
1750401598.177738, 0.0, 11.609375
1750401599.1812851, 0.0, 11.609375
1750401600.191551, 0.0, 11.609375
1750401601.201963, 0.0, 11.609375
1750401602.2054589, 0.0, 11.609375
1750401603.2182589, 0.0, 11.609375
1750401604.228523, 0.0, 11.609375
1750401605.238791, 0.0, 11.609375
1750401606.242549, 0.0, 11.609375
1750401607.248724, 0.0, 11.609375
1750401608.258966, 0.0, 11.609375
1750401609.269216, 0.0, 11.609375
1750401610.274515, 0.0, 11.609375
1750401611.2929, 0.0, 11.609375
1750401612.302235, 0.0, 11.609375
1750401613.308514, 0.0, 11.609375
1750401614.314105, 0.0, 11.609375
1750401615.322589, 0.0, 11.609375
1750401616.332622, 0.0, 11.609375
1750401617.339254, 0.0, 11.609375
1750401618.341391, 0.0, 11.609375
1750401619.348382, 0.0, 11.609375
1750401620.352557, 0.0, 11.609375
1750401621.365338, 0.0, 11.609375
1750401622.370137, 0.0, 11.609375
1750401623.38128, 0.0, 11.609375
1750401624.387915, 0.0, 11.609375
1750401625.3981671, 0.0, 11.609375
1750401626.405206, 0.0, 11.609375
1750401627.415482, 0.0, 11.609375
1750401628.4202838, 0.0, 11.609375
1750401629.427487, 0.0, 11.609375
1750401630.439181, 0.0, 11.609375
1750401631.449465, 0.0, 11.609375
1750401632.463905, 0.0, 11.609375
1750401633.4741719, 0.0, 11.609375
1750401634.483695, 0.0, 11.609375
1750401635.497443, 0.0, 11.609375
1750401636.502274, 0.0, 11.609375
1750401637.509412, 0.0, 11.609375
1750401638.518697, 0.0, 11.609375
1750401639.522667, 0.0, 11.609375
1750401640.529917, 0.0, 11.609375
1750401641.536361, 0.0, 11.609375
1750401642.548414, 0.0, 11.609375
1750401643.55868, 0.0, 11.609375
1750401644.569076, 0.0, 11.609375
1750401645.584811, 0.0, 11.609375
1750401646.598869, 0.0, 11.609375
1750401647.608494, 0.0, 11.609375
1750401648.61887, 0.0, 11.609375
1750401649.621352, 0.0, 11.609375
1750401650.631586, 0.0, 11.609375
1750401651.636571, 0.0, 11.609375
1750401652.646089, 0.0, 11.609375
1750401653.655639, 0.0, 11.609375
1750401654.665855, 0.0, 11.609375
1750401655.675949, 0.0, 11.609375
1750401656.686134, 0.0, 11.609375
1750401657.6976771, 0.0, 11.609375
1750401658.698574, 0.0, 11.609375
1750401659.702094, 0.0, 11.609375
1750401660.714058, 0.0, 11.609375
1750401661.724316, 0.0, 11.609375
1750401662.733012, 0.0, 11.609375
1750401663.73974, 0.0, 11.609375
1750401664.747282, 0.0, 11.609375
1750401665.757556, 0.0, 11.609375
1750401666.771489, 0.0, 11.609375
1750401667.781735, 0.0, 11.609375
1750401668.789685, 0.0, 11.609375
1750401669.803394, 0.0, 11.609375
1750401670.806709, 0.0, 11.609375
1750401671.817448, 0.0, 11.609375
1750401672.8232598, 0.0, 11.609375
1750401673.833144, 0.0, 11.609375
1750401674.845313, 0.0, 11.609375
1750401675.855555, 0.0, 11.609375
1750401676.8630211, 0.0, 11.609375
1750401677.874741, 0.0, 11.609375
1750401678.884983, 0.0, 11.609375
1750401679.89587, 0.0, 11.609375
1750401680.902879, 0.0, 11.609375
1750401681.906034, 0.0, 11.609375
1750401682.916286, 0.0, 11.609375
1750401683.929363, 0.0, 11.609375
1750401684.932631, 0.0, 11.609375
1750401685.939297, 0.0, 11.609375
1750401686.949585, 0.0, 11.609375
1750401687.950212, 0.0, 11.609375
1750401688.953491, 0.0, 11.609375
1750401689.957726, 0.0, 11.609375
1750401690.962164, 0.0, 11.609375
1750401691.972415, 0.0, 11.609375
1750401692.982214, 0.0, 11.609375
1750401693.994956, 0.0, 11.609375
1750401695.001577, 0.0, 11.609375
1750401696.015441, 0.0, 11.609375
1750401697.021163, 0.0, 11.609375
1750401698.031369, 0.0, 11.609375
1750401699.041574, 0.0, 11.609375
1750401700.050546, 0.0, 11.609375
1750401701.05471, 0.0, 11.609375
1750401702.064994, 0.0, 11.609375
1750401703.077894, 0.0, 11.609375
1750401704.081249, 0.0, 11.609375
1750401705.094451, 0.0, 11.609375
1750401706.1046982, 0.0, 11.609375
1750401707.110094, 0.0, 11.609375
1750401708.115575, 0.0, 11.609375
1750401709.127521, 0.0, 11.609375
1750401710.1392121, 0.0, 11.609375
1750401711.15054, 0.0, 11.609375
1750401712.156208, 0.0, 11.609375
1750401713.1664472, 0.0, 11.609375
1750401714.180649, 0.0, 11.609375
1750401715.19348, 0.0, 11.609375
1750401716.195117, 0.0, 11.609375
1750401717.2053618, 0.0, 11.609375
1750401718.215617, 0.0, 11.609375
1750401719.223584, 0.0, 11.609375
1750401720.22988, 0.0, 11.609375
1750401721.238198, 0.0, 11.609375
1750401722.247017, 0.0, 11.609375
1750401723.251008, 0.0, 11.609375
1750401724.2653298, 0.0, 11.609375
1750401725.271443, 0.0, 11.609375
1750401726.2836108, 0.0, 11.609375
1750401727.294436, 0.0, 11.609375
1750401728.306678, 0.0, 11.609375
1750401729.316036, 0.0, 11.609375
1750401730.326287, 0.0, 11.609375
1750401731.336555, 0.0, 11.609375
1750401732.346863, 0.0, 11.609375
1750401733.356257, 0.0, 11.609375
1750401734.3665159, 0.0, 11.609375
1750401735.370511, 0.0, 11.609375
1750401736.377555, 0.0, 11.609375
1750401737.378718, 0.0, 11.609375
1750401738.382887, 0.0, 11.609375
1750401739.3936782, 0.0, 11.609375
1750401740.401247, 0.0, 11.609375
1750401741.411148, 0.0, 11.609375
1750401742.412703, 0.0, 11.609375
1750401743.427308, 0.0, 11.609375
1750401744.436239, 0.0, 11.609375
1750401745.445717, 0.0, 11.609375
1750401746.455998, 0.0, 11.609375
1750401747.460054, 0.0, 11.609375
1750401748.4667468, 0.0, 11.609375
1750401749.476589, 0.0, 11.609375
1750401750.48262, 0.0, 11.609375
1750401751.4924428, 0.0, 11.609375
1750401752.502696, 0.0, 11.609375
1750401753.505984, 0.0, 11.609375
1750401754.5125198, 0.0, 11.609375
1750401755.5227761, 0.0, 11.609375
1750401756.5318348, 0.0, 11.609375
1750401757.543405, 0.0, 11.609375
1750401758.548317, 0.0, 11.609375
1750401759.559336, 0.0, 11.609375
1750401760.569612, 0.0, 11.609375
1750401761.580549, 0.0, 11.609375
1750401762.589111, 0.0, 11.609375
1750401763.589634, 0.0, 11.609375
1750401764.5924082, 0.0, 11.609375
1750401765.6001961, 0.0, 11.609375
1750401766.608536, 0.0, 11.609375
1750401767.6184692, 0.0, 11.609375
1750401768.619127, 0.0, 11.609375
1750401769.627017, 0.0, 11.609375
1750401770.636852, 0.0, 11.609375
1750401771.647033, 0.0, 11.609375
1750401772.657142, 0.0, 11.609375
1750401773.667221, 0.0, 11.609375
1750401774.677292, 0.0, 11.609375
1750401775.687346, 0.0, 11.609375
1750401776.697398, 0.0, 11.609375
1750401777.7074518, 0.0, 11.609375
1750401778.717504, 0.0, 11.609375
1750401779.728599, 0.0, 11.609375
1750401780.738948, 0.0, 11.609375
1750401781.749131, 0.0, 11.609375
1750401782.7637591, 0.0, 11.609375
1750401783.777588, 0.0, 11.609375
1750401784.789196, 0.0, 11.609375
1750401785.7947872, 0.0, 11.609375
1750401786.800239, 0.0, 11.609375
1750401787.813235, 0.0, 11.609375
1750401788.826574, 0.0, 11.609375
1750401789.833573, 0.0, 11.609375
1750401790.8438022, 0.0, 11.609375
1750401791.853191, 0.0, 11.609375
1750401792.860555, 0.0, 11.609375
1750401793.870798, 0.0, 11.609375
1750401794.881044, 0.0, 11.609375
1750401795.896673, 0.0, 11.609375
1750401796.902497, 0.0, 11.609375
1750401797.9127228, 0.0, 11.609375
1750401798.925148, 0.0, 11.609375
1750401799.9288929, 0.0, 11.609375
1750401800.943421, 0.0, 11.609375
1750401801.9536588, 0.0, 11.609375
1750401802.958744, 0.0, 11.609375
1750401803.9751098, 0.0, 11.609375
1750401804.984978, 0.0, 11.609375
1750401805.992554, 0.0, 11.609375
1750401807.002833, 0.0, 11.609375
1750401808.008118, 0.0, 11.609375
1750401809.018343, 0.0, 11.609375
1750401810.0275369, 0.0, 11.609375
1750401811.034782, 0.0, 11.609375
1750401812.0413692, 0.0, 11.609375
1750401813.046297, 0.0, 11.609375
1750401814.062103, 0.0, 11.609375
1750401815.074773, 0.0, 11.609375
1750401816.085021, 0.0, 11.609375
1750401817.09452, 0.0, 11.609375
1750401818.102485, 0.0, 11.609375
1750401819.11119, 0.0, 11.609375
1750401820.120783, 0.0, 11.609375
1750401821.1310751, 0.0, 11.609375
1750401822.132205, 0.0, 11.609375
1750401823.1427672, 0.0, 11.609375
1750401824.153013, 0.0, 11.609375
1750401825.1641548, 0.0, 11.609375
1750401826.1734111, 0.0, 11.609375
1750401827.183455, 0.0, 11.609375
1750401828.190304, 0.0, 11.609375
1750401829.2025568, 0.0, 11.609375
1750401830.212838, 0.0, 11.609375
1750401831.223649, 0.0, 11.609375
1750401832.2310112, 0.0, 11.609375
1750401833.2412748, 0.0, 11.609375
1750401834.244896, 0.0, 11.609375
1750401835.2496672, 0.0, 11.609375
1750401836.2603362, 0.0, 11.609375
1750401837.269641, 0.0, 11.609375
1750401838.275499, 0.0, 11.609375
1750401839.2820868, 0.0, 11.609375
1750401840.29297, 0.0, 11.609375
1750401841.308866, 0.0, 11.609375
1750401842.3191218, 0.0, 11.609375
1750401843.329365, 0.0, 11.609375
1750401844.3405461, 0.0, 11.609375
1750401845.3508182, 0.0, 11.609375
1750401846.36718, 0.0, 11.609375
1750401847.3712058, 0.0, 11.609375
1750401848.381461, 0.0, 11.609375
1750401849.390013, 0.0, 11.609375
1750401850.402655, 0.0, 11.609375
1750401851.412398, 0.0, 11.609375
1750401852.424117, 0.0, 11.609375
1750401853.434612, 0.0, 11.609375
1750401854.444858, 0.0, 11.609375
1750401855.458091, 0.0, 11.609375
1750401856.468373, 0.0, 11.609375
1750401857.469506, 0.0, 11.609375
1750401858.476524, 0.0, 11.609375
1750401859.4876218, 0.0, 11.609375
1750401860.493749, 0.0, 11.609375
1750401861.506206, 0.0, 11.609375
1750401862.5132039, 0.0, 11.609375
1750401863.5259452, 0.0, 11.609375
1750401864.5393128, 0.0, 11.609375
1750401865.5495439, 0.0, 11.609375
1750401866.558497, 0.0, 11.609375
1750401867.560606, 0.0, 11.609375
1750401868.583942, 0.0, 11.609375
1750401869.594122, 0.0, 11.609375
1750401870.6032808, 0.0, 11.609375
1750401871.613537, 0.0, 11.609375
1750401872.618814, 0.0, 11.609375
1750401873.628785, 0.0, 11.609375
1750401874.6354601, 0.0, 11.609375
1750401875.638856, 0.0, 11.609375
1750401876.648581, 0.0, 11.609375
1750401877.6583622, 0.0, 11.609375
1750401878.6708639, 0.0, 11.609375
1750401879.681191, 0.0, 11.609375
1750401880.687883, 0.0, 11.609375
1750401881.697218, 0.0, 11.609375
1750401882.707467, 0.0, 11.609375
1750401883.717708, 0.0, 11.609375
1750401884.727494, 0.0, 11.609375
1750401885.734748, 0.0, 11.609375
1750401886.738254, 0.0, 11.609375
1750401887.742204, 0.0, 11.609375
1750401888.744301, 0.0, 11.609375
1750401889.7545831, 0.0, 11.609375
1750401890.7647831, 0.0, 11.609375
1750401891.7748978, 0.0, 11.609375
1750401892.791394, 0.0, 11.609375
1750401893.802119, 0.0, 11.609375
1750401894.803924, 0.0, 11.609375
1750401895.814181, 0.0, 11.609375
1750401896.824426, 0.0, 11.609375
1750401897.826827, 0.0, 11.609375
1750401898.839642, 0.0, 11.609375
1750401899.847284, 0.0, 11.609375
1750401900.854666, 0.0, 11.609375
1750401901.863134, 0.0, 11.609375
1750401902.874891, 0.0, 11.609375
1750401903.885141, 0.0, 11.609375
1750401904.895537, 0.0, 11.609375
1750401905.905783, 0.0, 11.609375
1750401906.908036, 0.0, 11.609375
1750401907.918268, 0.0, 11.609375
1750401908.928503, 0.0, 11.609375
1750401909.9419441, 0.0, 11.609375
1750401910.9547892, 0.0, 11.609375
1750401911.959767, 0.0, 11.609375
1750401912.968149, 0.0, 11.609375
1750401913.9785118, 0.0, 11.609375
1750401914.988769, 0.0, 11.609375
1750401915.99721, 0.0, 11.609375
1750401917.006602, 0.0, 11.609375
1750401918.016868, 0.0, 11.609375
1750401919.0271208, 0.0, 11.609375
1750401920.0423129, 0.0, 11.609375
1750401921.05153, 0.0, 11.609375
1750401922.057722, 0.0, 11.609375
1750401923.070705, 0.0, 11.609375
1750401924.074568, 0.0, 11.609375
1750401925.081137, 0.0, 11.609375
1750401926.087053, 0.0, 11.609375
1750401927.097325, 0.0, 11.609375
1750401928.115005, 0.0, 11.609375
1750401929.1262689, 0.0, 11.609375
1750401930.130325, 0.0, 11.609375
1750401931.136383, 0.0, 11.609375
1750401932.146761, 0.0, 11.609375
1750401933.156505, 0.0, 11.609375
1750401934.1667771, 0.0, 11.609375
1750401935.180115, 0.0, 11.609375
1750401936.19035, 0.0, 11.609375
1750401937.1923058, 0.0, 11.609375
1750401938.206559, 0.0, 11.609375
1750401939.219049, 0.0, 11.609375
1750401940.226526, 0.0, 11.609375
1750401941.230866, 0.0, 11.609375
1750401942.2411132, 0.0, 11.609375
1750401943.246314, 0.0, 11.609375
1750401944.2565591, 0.0, 11.609375
1750401945.268447, 0.0, 11.609375
1750401946.2788138, 0.0, 11.609375
1750401947.289112, 0.0, 11.609375
1750401948.292177, 0.0, 11.609375
1750401949.3065758, 0.0, 11.609375
1750401950.3191822, 0.0, 11.609375
1750401951.331895, 0.0, 11.609375
1750401952.339533, 0.0, 11.609375
1750401953.353046, 0.0, 11.609375
1750401954.3650088, 0.0, 11.609375
1750401955.375577, 0.0, 11.609375
1750401956.3858151, 0.0, 11.609375
1750401957.38816, 0.0, 11.609375
1750401958.398475, 0.0, 11.609375
1750401959.410526, 0.0, 11.609375
1750401960.422237, 0.0, 11.609375
1750401961.425528, 0.0, 11.609375
1750401962.43412, 0.0, 11.609375
1750401963.443115, 0.0, 11.609375
1750401964.453135, 0.0, 11.609375
1750401965.456473, 0.0, 11.609375
1750401966.470134, 0.0, 11.609375
1750401967.486502, 0.0, 11.609375
1750401968.49608, 0.0, 11.609375
1750401969.5109, 0.0, 11.609375
1750401970.521155, 0.0, 11.609375
1750401971.531424, 0.0, 11.609375
1750401972.545919, 0.0, 11.609375
1750401973.5555909, 0.0, 11.609375
1750401974.565831, 0.0, 11.609375
1750401975.5700831, 0.0, 11.609375
1750401976.573992, 0.0, 11.609375
1750401977.5812402, 0.0, 11.609375
1750401978.5977879, 0.0, 11.609375
1750401979.6080341, 0.0, 11.609375
1750401980.617693, 0.0, 11.609375
1750401981.6280801, 0.0, 11.609375
1750401982.639943, 0.0, 11.609375
1750401983.6510332, 0.0, 11.609375
1750401984.661381, 0.0, 11.609375
1750401985.669137, 0.0, 11.609375
1750401986.679397, 0.0, 11.609375
1750401987.6948638, 0.0, 11.609375
1750401988.705153, 0.0, 11.609375
1750401989.705729, 0.0, 11.609375
1750401990.7091079, 0.0, 11.609375
1750401991.71936, 0.0, 11.609375
1750401992.72963, 0.0, 11.609375
1750401993.739887, 0.0, 11.609375
1750401994.751241, 0.0, 11.609375
1750401995.761497, 0.0, 11.609375
1750401996.769724, 0.0, 11.609375
1750401997.776493, 0.0, 11.609375
1750401998.7832441, 0.0, 11.609375
1750401999.794958, 0.0, 11.609375
1750402000.795719, 0.0, 11.609375
1750402001.803767, 0.0, 11.609375
1750402002.81406, 0.0, 11.609375
1750402003.824301, 0.0, 11.609375
1750402004.833657, 0.0, 11.609375
1750402005.843772, 0.0, 11.609375
1750402006.8538408, 0.0, 11.609375
1750402007.863907, 0.0, 11.609375
1750402008.873966, 0.0, 11.609375
1750402009.885231, 0.0, 11.609375
1750402010.895605, 0.0, 11.609375
1750402011.9033558, 0.0, 11.609375
1750402012.906574, 0.0, 11.609375
1750402013.919484, 0.0, 11.609375
1750402014.924333, 0.0, 11.609375
1750402015.935487, 0.0, 11.609375
1750402016.939889, 0.0, 11.609375
1750402017.9572768, 0.0, 11.609375
1750402018.961526, 0.0, 11.609375
1750402019.970749, 0.0, 11.609375
1750402020.9800699, 0.0, 11.609375
1750402021.990304, 0.0, 11.609375
1750402023.004886, 0.0, 11.609375
1750402024.0108259, 0.0, 11.609375
1750402025.021081, 0.0, 11.609375
1750402026.034394, 0.0, 11.609375
1750402027.044748, 0.0, 11.609375
1750402028.051861, 0.0, 11.609375
1750402029.056044, 0.0, 11.609375
1750402030.067428, 0.0, 11.609375
1750402031.077711, 0.0, 11.609375
1750402032.0910149, 0.0, 11.609375
1750402033.101533, 0.0, 11.609375
1750402034.111806, 0.0, 11.609375
1750402035.1180632, 0.0, 11.609375
1750402036.121334, 0.0, 11.609375
1750402037.1275918, 0.0, 11.609375
1750402038.132437, 0.0, 11.609375
1750402039.146435, 0.0, 11.609375
1750402040.153501, 0.0, 11.609375
1750402041.158368, 0.0, 11.609375
1750402042.1720068, 0.0, 11.609375
1750402043.183666, 0.0, 11.609375
1750402044.1874251, 0.0, 11.609375
1750402045.20175, 0.0, 11.609375
1750402046.209548, 0.0, 11.609375
1750402047.2150779, 0.0, 11.609375
1750402048.22541, 0.0, 11.609375
1750402049.23567, 0.0, 11.609375
1750402050.245951, 0.0, 11.609375
1750402051.256428, 0.0, 11.609375
1750402052.265822, 0.0, 11.609375
1750402053.276309, 0.0, 11.609375
1750402054.2868092, 0.0, 11.609375
1750402055.299383, 0.0, 11.609375
1750402056.3096588, 0.0, 11.609375
1750402057.31993, 0.0, 11.609375
1750402058.3317518, 0.0, 11.609375
1750402059.343735, 0.0, 11.609375
1750402060.353378, 0.0, 11.609375
1750402061.359488, 0.0, 11.609375
1750402062.369802, 0.0, 11.609375
1750402063.3823, 0.0, 11.609375
1750402064.3925571, 0.0, 11.609375
1750402065.402816, 0.0, 11.609375
1750402066.415114, 0.0, 11.609375
1750402067.425359, 0.0, 11.609375
1750402068.435717, 0.0, 11.609375
1750402069.4455318, 0.0, 11.609375
1750402070.455776, 0.0, 11.609375
1750402071.466084, 0.0, 11.609375
1750402072.4747672, 0.0, 11.609375
1750402073.4809442, 0.0, 11.609375
1750402074.491172, 0.0, 11.609375
1750402075.498622, 0.0, 11.609375
1750402076.50899, 0.0, 11.609375
1750402077.51931, 0.0, 11.609375
1750402078.527572, 0.0, 11.609375
1750402079.537899, 0.0, 11.609375
1750402080.549154, 0.0, 11.609375
1750402081.559414, 0.0, 11.609375
1750402082.56966, 0.0, 11.609375
1750402083.574642, 0.0, 11.609375
1750402084.588104, 0.0, 11.609375
1750402085.6007621, 0.0, 11.609375
1750402086.60337, 0.0, 11.609375
1750402087.608742, 0.0, 11.609375
1750402088.618457, 0.0, 11.609375
1750402089.625484, 0.0, 11.609375
1750402090.6375082, 0.0, 11.609375
1750402091.648501, 0.0, 11.609375
1750402092.658769, 0.0, 11.609375
1750402093.664211, 0.0, 11.609375
1750402094.6817868, 0.0, 11.609375
1750402095.69202, 0.0, 11.609375
1750402096.701673, 0.0, 11.609375
1750402097.714911, 0.0, 11.609375
1750402098.725143, 0.0, 11.609375
1750402099.73541, 0.0, 11.609375
1750402100.7446961, 0.0, 11.609375
1750402101.754942, 0.0, 11.609375
1750402102.765165, 0.0, 11.609375
1750402103.780861, 0.0, 11.609375
1750402104.791096, 0.0, 11.609375
1750402105.801481, 0.0, 11.609375
1750402106.814255, 0.0, 11.609375
1750402107.8191319, 0.0, 11.609375
1750402108.8303108, 0.0, 11.609375
1750402109.8384042, 0.0, 11.609375
1750402110.850859, 0.0, 11.609375
1750402111.860628, 0.0, 11.609375
1750402112.870965, 0.0, 11.609375
1750402113.874027, 0.0, 11.609375
1750402114.8805308, 0.0, 11.609375
1750402115.890777, 0.0, 11.609375
1750402116.897216, 0.0, 11.609375
1750402117.904076, 0.0, 11.609375
1750402118.9102452, 0.0, 11.609375
1750402119.9205918, 0.0, 11.609375
1750402120.9288719, 0.0, 11.609375
1750402121.939059, 0.0, 11.609375
1750402122.9491808, 0.0, 11.609375
1750402123.9592571, 0.0, 11.609375
1750402124.9693298, 0.0, 11.609375
1750402125.979392, 0.0, 11.609375
1750402126.986041, 0.0, 11.609375
1750402127.999007, 0.0, 11.609375
1750402129.009249, 0.0, 11.609375
1750402130.0198789, 0.0, 11.609375
1750402131.030037, 0.0, 11.609375
1750402132.036575, 0.0, 11.609375
1750402133.0487459, 0.0, 11.609375
1750402134.051305, 0.0, 11.609375
1750402135.064495, 0.0, 11.609375
1750402136.072861, 0.0, 11.609375
1750402137.077306, 0.0, 11.609375
1750402138.087554, 0.0, 11.609375
1750402139.100789, 0.0, 11.609375
1750402140.1138492, 0.0, 11.609375
1750402141.124108, 0.0, 11.609375
1750402142.13056, 0.0, 11.609375
1750402143.141074, 0.0, 11.609375
1750402144.1481988, 0.0, 11.609375
1750402145.16368, 0.0, 11.609375
1750402146.1660569, 0.0, 11.609375
1750402147.168569, 0.0, 11.609375
1750402148.182359, 0.0, 11.609375
1750402149.18616, 0.0, 11.609375
1750402150.197172, 0.0, 11.609375
1750402151.209205, 0.0, 11.609375
1750402152.213063, 0.0, 11.609375
1750402153.229708, 0.0, 11.609375
1750402154.2369332, 0.0, 11.609375
1750402155.247183, 0.0, 11.609375
1750402156.2525399, 0.0, 11.609375
1750402157.256955, 0.0, 11.609375
1750402158.2615721, 0.0, 11.609375
1750402159.266044, 0.0, 11.609375
1750402160.27329, 0.0, 11.609375
1750402161.283232, 0.0, 11.609375
1750402162.2961001, 0.0, 11.609375
1750402163.302639, 0.0, 11.609375
1750402164.3067179, 0.0, 11.609375
1750402165.316656, 0.0, 11.609375
1750402166.328744, 0.0, 11.609375
1750402167.332879, 0.0, 11.609375
1750402168.342099, 0.0, 11.609375
1750402169.350944, 0.0, 11.609375
1750402170.365637, 0.0, 11.609375
1750402171.378326, 0.0, 11.609375
1750402172.389409, 0.0, 11.609375
1750402173.3970282, 0.0, 11.609375
1750402174.403604, 0.0, 11.609375
1750402175.413834, 0.0, 11.609375
1750402176.4151208, 0.0, 11.609375
1750402177.424864, 0.0, 11.609375
1750402178.435097, 0.0, 11.609375
1750402179.4456499, 0.0, 11.609375
1750402180.455924, 0.0, 11.609375
1750402181.460145, 0.0, 11.609375
1750402182.4740531, 0.0, 11.609375
1750402183.482378, 0.0, 11.609375
1750402184.491061, 0.0, 11.609375
1750402185.499094, 0.0, 11.609375
1750402186.503947, 0.0, 11.609375
1750402187.514498, 0.0, 11.609375
1750402188.52757, 0.0, 11.609375
1750402189.5283809, 0.0, 11.609375
1750402190.5386071, 0.0, 11.609375
1750402191.544745, 0.0, 11.609375
1750402192.555018, 0.0, 11.609375
1750402193.5619562, 0.0, 11.609375
1750402194.573279, 0.0, 11.609375
1750402195.578686, 0.0, 11.609375
1750402196.5889862, 0.0, 11.609375
1750402197.599244, 0.0, 11.609375
1750402198.6099808, 0.0, 11.609375
1750402199.61652, 0.0, 11.609375
1750402200.628408, 0.0, 11.609375
1750402201.633376, 0.0, 11.609375
1750402202.637555, 0.0, 11.609375
1750402203.647836, 0.0, 11.609375
1750402204.658109, 0.0, 11.609375
1750402205.66804, 0.0, 11.609375
1750402206.670628, 0.0, 11.609375
1750402207.67785, 0.0, 11.609375
1750402208.6815062, 0.0, 11.609375
1750402209.696751, 0.0, 11.609375
1750402210.707018, 0.0, 11.609375
1750402211.717268, 0.0, 11.609375
1750402212.719191, 0.0, 11.609375
1750402213.7294898, 0.0, 11.609375
1750402214.730475, 0.0, 11.609375
1750402215.740767, 0.0, 11.609375
1750402216.746042, 0.0, 11.609375
1750402217.756293, 0.0, 11.609375
1750402218.76654, 0.0, 11.609375
1750402219.777838, 0.0, 11.609375
1750402220.782419, 0.0, 11.609375
1750402221.79136, 0.0, 11.609375
1750402222.80159, 0.0, 11.609375
1750402223.803617, 0.0, 11.609375
1750402224.8139899, 0.0, 11.609375
1750402225.815254, 0.0, 11.609375
1750402226.827321, 0.0, 11.609375
1750402227.834618, 0.0, 11.609375
1750402228.847834, 0.0, 11.609375
1750402229.8612149, 0.0, 11.609375
1750402230.871634, 0.0, 11.609375
1750402231.8769422, 0.0, 11.609375
1750402232.880296, 0.0, 11.609375
1750402233.882498, 0.0, 11.609375
1750402234.892664, 0.0, 11.609375
1750402235.9029179, 0.0, 11.609375
1750402236.913142, 0.0, 11.609375
1750402237.9155772, 0.0, 11.609375
1750402238.922603, 0.0, 11.609375
1750402239.932702, 0.0, 11.609375
1750402240.9427688, 0.0, 11.609375
1750402241.952946, 0.0, 11.609375
1750402242.963479, 0.0, 11.609375
1750402243.97679, 0.0, 11.609375
1750402244.9819798, 0.0, 11.609375
1750402245.985613, 0.0, 11.609375
1750402246.995861, 0.0, 11.609375
1750402247.999386, 0.0, 11.609375
1750402249.014476, 0.0, 11.609375
1750402250.017001, 0.0, 11.609375
1750402251.028364, 0.0, 11.609375
1750402252.033098, 0.0, 11.609375
1750402253.0451531, 0.0, 11.609375
1750402254.0494258, 0.0, 11.609375
1750402255.0598972, 0.0, 11.609375
1750402256.064893, 0.0, 11.609375
1750402257.06691, 0.0, 11.609375
1750402258.076491, 0.0, 11.609375
1750402259.096303, 0.0, 11.609375
1750402260.097396, 0.0, 11.609375
1750402261.11256, 0.0, 11.609375
1750402262.1137059, 0.0, 11.609375
1750402263.114497, 0.0, 11.609375
1750402264.119964, 0.0, 11.609375
1750402265.122796, 0.0, 11.609375
1750402266.130872, 0.0, 11.609375
1750402267.1426308, 0.0, 11.609375
1750402268.153611, 0.0, 11.609375
1750402269.168412, 0.0, 11.609375
1750402270.177495, 0.0, 11.609375
1750402271.197672, 0.0, 11.609375
1750402272.205651, 0.0, 11.609375
1750402273.212244, 0.0, 11.609375
1750402274.225376, 0.0, 11.609375
1750402275.2357178, 0.0, 11.609375
1750402276.2423098, 0.0, 11.609375
1750402277.245961, 0.0, 11.609375
1750402278.259098, 0.0, 11.609375
1750402279.2812312, 0.0, 11.609375
1750402280.2919219, 0.0, 11.609375
1750402281.296363, 0.0, 11.609375
1750402282.302043, 0.0, 11.609375
1750402283.3115351, 0.0, 11.609375
1750402284.324951, 0.0, 11.609375
1750402285.331129, 0.0, 11.609375
1750402286.341612, 0.0, 11.609375
1750402287.35197, 0.0, 11.609375
1750402288.357931, 0.0, 11.609375
1750402289.361143, 0.0, 11.609375
1750402290.374412, 0.0, 11.609375
1750402291.381928, 0.0, 11.609375
1750402292.392193, 0.0, 11.609375
1750402293.4008288, 0.0, 11.609375
1750402294.411194, 0.0, 11.609375
1750402295.4215198, 0.0, 11.609375
1750402296.4277859, 0.0, 11.609375
1750402297.440656, 0.0, 11.609375
1750402298.457389, 0.0, 11.609375
1750402299.4666612, 0.0, 11.609375
1750402300.4769018, 0.0, 11.609375
1750402301.49011, 0.0, 11.609375
1750402302.500384, 0.0, 11.609375
1750402303.510635, 0.0, 11.609375
1750402304.516672, 0.0, 11.609375
1750402305.52334, 0.0, 11.609375
1750402306.526386, 0.0, 11.609375
1750402307.5395572, 0.0, 11.609375
1750402308.550503, 0.0, 11.609375
1750402309.55652, 0.0, 11.609375
1750402310.5674071, 0.0, 11.609375
1750402311.5790038, 0.0, 11.609375
1750402312.58946, 0.0, 11.609375
1750402313.5996969, 0.0, 11.609375
1750402314.605168, 0.0, 11.609375
1750402315.609816, 0.0, 11.609375
1750402316.61641, 0.0, 11.609375
1750402317.6232681, 0.0, 11.609375
1750402318.63362, 0.0, 11.609375
1750402319.643824, 0.0, 11.609375
1750402320.657496, 0.0, 11.609375
1750402321.6595452, 0.0, 11.609375
1750402322.669781, 0.0, 11.609375
1750402323.6818402, 0.0, 11.609375
1750402324.692087, 0.0, 11.609375
1750402325.700707, 0.0, 11.609375
1750402326.7102091, 0.0, 11.609375
1750402327.716243, 0.0, 11.609375
1750402328.7341251, 0.0, 11.609375
1750402329.745022, 0.0, 11.609375
1750402330.756902, 0.0, 11.609375
1750402331.759128, 0.0, 11.609375
1750402332.769403, 0.0, 11.609375
1750402333.772435, 0.0, 11.609375
1750402334.778904, 0.0, 11.609375
1750402335.790066, 0.0, 11.609375
1750402336.794123, 0.0, 11.609375
1750402337.806775, 0.0, 11.609375
1750402338.809342, 0.0, 11.609375
1750402339.8139572, 0.0, 11.609375
1750402340.816073, 0.0, 11.609375
1750402341.824507, 0.0, 11.609375
1750402342.8330061, 0.0, 11.609375
1750402343.8432791, 0.0, 11.609375
1750402344.8527281, 0.0, 11.609375
1750402345.856256, 0.0, 11.609375
1750402346.863771, 0.0, 11.609375
1750402347.869188, 0.0, 11.609375
1750402348.8706439, 0.0, 11.609375
1750402349.872129, 0.0, 11.609375
1750402350.88223, 0.0, 11.609375
1750402351.892291, 0.0, 11.609375
1750402352.902445, 0.0, 11.609375
1750402353.918717, 0.0, 11.609375
1750402354.928961, 0.0, 11.609375
1750402355.944486, 0.0, 11.609375
1750402356.949038, 0.0, 11.609375
1750402357.956519, 0.0, 11.609375
1750402358.973093, 0.0, 11.609375
1750402359.9765491, 0.0, 11.609375
1750402360.989444, 0.0, 11.609375
1750402361.99922, 0.0, 11.609375
1750402363.0094998, 0.0, 11.609375
1750402364.021806, 0.0, 11.609375
1750402365.025214, 0.0, 11.609375
1750402366.0354528, 0.0, 11.609375
1750402367.03931, 0.0, 11.609375
1750402368.049566, 0.0, 11.609375
1750402369.05399, 0.0, 11.609375
1750402370.059156, 0.0, 11.609375
1750402371.070339, 0.0, 11.609375
1750402372.080575, 0.0, 11.609375
1750402373.088181, 0.0, 11.609375
1750402374.09804, 0.0, 11.609375
1750402375.109719, 0.0, 11.609375
1750402376.1207721, 0.0, 11.609375
1750402377.126335, 0.0, 11.609375
1750402378.138292, 0.0, 11.609375
1750402379.148545, 0.0, 11.609375
1750402380.150005, 0.0, 11.609375
1750402381.159907, 0.0, 11.609375
1750402382.164652, 0.0, 11.609375
1750402383.176369, 0.0, 11.609375
1750402384.187551, 0.0, 11.609375
1750402385.197793, 0.0, 11.609375
1750402386.208033, 0.0, 11.609375
1750402387.2211258, 0.0, 11.609375
1750402388.2247722, 0.0, 11.609375
1750402389.229523, 0.0, 11.609375
1750402390.243563, 0.0, 11.609375
1750402391.259563, 0.0, 11.609375
1750402392.264694, 0.0, 11.609375
1750402393.2749481, 0.0, 11.609375
1750402394.288037, 0.0, 11.609375
1750402395.2981381, 0.0, 11.609375
1750402396.301844, 0.0, 11.609375
1750402397.3055518, 0.0, 11.609375
1750402398.308202, 0.0, 11.609375
1750402399.321023, 0.0, 11.609375
1750402400.336449, 0.0, 11.609375
1750402401.3467898, 0.0, 11.609375
1750402402.358338, 0.0, 11.609375
1750402403.361851, 0.0, 11.609375
1750402404.372465, 0.0, 11.609375
1750402405.379211, 0.0, 11.609375
1750402406.386981, 0.0, 11.609375
1750402407.40134, 0.0, 11.609375
1750402408.4115891, 0.0, 11.609375
1750402409.421835, 0.0, 11.609375
1750402410.430279, 0.0, 11.609375
1750402411.440568, 0.0, 11.609375
1750402412.443969, 0.0, 11.609375
1750402413.4542289, 0.0, 11.609375
1750402414.46451, 0.0, 11.609375
1750402415.474734, 0.0, 11.609375
1750402416.479341, 0.0, 11.609375
1750402417.489592, 0.0, 11.609375
1750402418.4991639, 0.0, 11.609375
1750402419.499701, 0.0, 11.609375
1750402420.509948, 0.0, 11.609375
1750402421.519256, 0.0, 11.609375
1750402422.528867, 0.0, 11.609375
1750402423.537232, 0.0, 11.609375
1750402424.5471702, 0.0, 11.609375
1750402425.5522199, 0.0, 11.609375
1750402426.562458, 0.0, 11.609375
1750402427.57273, 0.0, 11.609375
1750402428.585687, 0.0, 11.609375
1750402429.589247, 0.0, 11.609375
1750402430.596114, 0.0, 11.609375
1750402431.606376, 0.0, 11.609375
1750402432.619213, 0.0, 11.609375
1750402433.628302, 0.0, 11.609375
1750402434.638724, 0.0, 11.609375
1750402435.6517801, 0.0, 11.609375
1750402436.668494, 0.0, 11.609375
1750402437.671796, 0.0, 11.609375
1750402438.685041, 0.0, 11.609375
1750402439.701036, 0.0, 11.609375
1750402440.711393, 0.0, 11.609375
1750402441.7134159, 0.0, 11.609375
1750402442.719557, 0.0, 11.609375
1750402443.733089, 0.0, 11.609375
1750402444.7433338, 0.0, 11.609375
1750402445.75552, 0.0, 11.609375
1750402446.765764, 0.0, 11.609375
1750402447.7725, 0.0, 11.609375
1750402448.7793589, 0.0, 11.609375
1750402449.792671, 0.0, 11.609375
1750402450.802925, 0.0, 11.609375
1750402451.813184, 0.0, 11.609375
1750402452.8234398, 0.0, 11.609375
1750402453.8326552, 0.0, 11.609375
1750402454.8407528, 0.0, 11.609375
1750402455.842824, 0.0, 11.609375
1750402456.8529, 0.0, 11.609375
1750402457.861269, 0.0, 11.609375
1750402458.8689861, 0.0, 11.609375
1750402459.873858, 0.0, 11.609375
1750402460.884486, 0.0, 11.609375
1750402461.899543, 0.0, 11.609375
1750402462.907158, 0.0, 11.609375
1750402463.9152708, 0.0, 11.609375
1750402464.925476, 0.0, 11.609375
1750402465.93558, 0.0, 11.609375
1750402466.945649, 0.0, 11.609375
1750402467.955713, 0.0, 11.609375
1750402468.9678001, 0.0, 11.609375
1750402469.978118, 0.0, 11.609375
1750402470.9883652, 0.0, 11.609375
1750402471.9954739, 0.0, 11.609375
1750402473.003604, 0.0, 11.609375
1750402474.012369, 0.0, 11.609375
1750402475.023711, 0.0, 11.609375
1750402476.0362291, 0.0, 11.609375
1750402477.046475, 0.0, 11.609375
1750402478.053695, 0.0, 11.609375
1750402479.0639648, 0.0, 11.609375
1750402480.068671, 0.0, 11.609375
1750402481.078945, 0.0, 11.609375
1750402482.087337, 0.0, 11.609375
1750402483.1019342, 0.0, 11.609375
1750402484.105441, 0.0, 11.609375
1750402485.1185122, 0.0, 11.609375
1750402486.128756, 0.0, 11.609375
1750402487.1388211, 0.0, 11.609375
1750402488.144489, 0.0, 11.609375
1750402489.1578171, 0.0, 11.609375
1750402490.162685, 0.0, 11.609375
1750402491.1729379, 0.0, 11.609375
1750402492.184621, 0.0, 11.609375
1750402493.187458, 0.0, 11.609375
1750402494.1883578, 0.0, 11.609375
1750402495.203648, 0.0, 11.609375
1750402496.213907, 0.0, 11.609375
1750402497.224156, 0.0, 11.609375
1750402498.236044, 0.0, 11.609375
1750402499.243679, 0.0, 11.609375
1750402500.253942, 0.0, 11.609375
1750402501.2634518, 0.0, 11.609375
1750402502.2685509, 0.0, 11.609375
1750402503.271691, 0.0, 11.609375
1750402504.280936, 0.0, 11.609375
1750402505.291589, 0.0, 11.609375
1750402506.301839, 0.0, 11.609375
1750402507.312098, 0.0, 11.609375
1750402508.322356, 0.0, 11.609375
1750402509.329238, 0.0, 11.609375
1750402510.3387032, 0.0, 11.609375
1750402511.348934, 0.0, 11.609375
1750402512.3559208, 0.0, 11.609375
1750402513.367197, 0.0, 11.609375
1750402514.3787992, 0.0, 11.609375
1750402515.390493, 0.0, 11.609375
1750402516.400748, 0.0, 11.609375
1750402517.407965, 0.0, 11.609375
1750402518.4164832, 0.0, 11.609375
1750402519.42673, 0.0, 11.609375
1750402520.4315321, 0.0, 11.609375
1750402521.441799, 0.0, 11.609375
1750402522.452058, 0.0, 11.609375
1750402523.4622972, 0.0, 11.609375
1750402524.471127, 0.0, 11.609375
1750402525.4889338, 0.0, 11.609375
1750402526.50265, 0.0, 11.609375
1750402527.5128808, 0.0, 11.609375
1750402528.523128, 0.0, 11.609375
1750402529.5333939, 0.0, 11.609375
1750402530.534494, 0.0, 11.609375
1750402531.544754, 0.0, 11.609375
1750402532.550879, 0.0, 11.609375
1750402533.561876, 0.0, 11.609375
1750402534.572126, 0.0, 11.609375
1750402535.583856, 0.0, 11.609375
1750402536.597, 0.0, 11.609375
1750402537.606048, 0.0, 11.609375
1750402538.615734, 0.0, 11.609375
1750402539.6189508, 0.0, 11.609375
1750402540.628764, 0.0, 11.609375
1750402541.638185, 0.0, 11.609375
1750402542.65454, 0.0, 11.609375
1750402543.665347, 0.0, 11.609375
1750402544.6700952, 0.0, 11.609375
1750402545.686065, 0.0, 11.609375
1750402546.6980858, 0.0, 11.609375
1750402547.703396, 0.0, 11.609375
1750402548.714705, 0.0, 11.609375
1750402549.7245948, 0.0, 11.609375
1750402550.729613, 0.0, 11.609375
1750402551.740064, 0.0, 11.609375
1750402552.749185, 0.0, 11.609375
1750402553.759434, 0.0, 11.609375
1750402554.764243, 0.0, 11.609375
1750402555.774482, 0.0, 11.609375
1750402556.7847638, 0.0, 11.609375
1750402557.8010292, 0.0, 11.609375
1750402558.813805, 0.0, 11.609375
1750402559.818887, 0.0, 11.609375
1750402560.825176, 0.0, 11.609375
1750402561.833248, 0.0, 11.609375
1750402562.838151, 0.0, 11.609375
1750402563.843862, 0.0, 11.609375
1750402564.84913, 0.0, 11.609375
1750402565.850744, 0.0, 11.609375
1750402566.861008, 0.0, 11.609375
1750402567.864685, 0.0, 11.609375
1750402568.877279, 0.0, 11.609375
1750402569.887723, 0.0, 11.609375
1750402570.89855, 0.0, 11.609375
1750402571.9166138, 0.0, 11.609375
1750402572.923788, 0.0, 11.609375
1750402573.9278378, 0.0, 11.609375
1750402574.9465039, 0.0, 11.609375
1750402575.949707, 0.0, 11.609375
1750402576.9600809, 0.0, 11.578125
1750402577.962757, 0.0, 11.578125
1750402578.968318, 0.0, 11.578125
1750402579.9733279, 0.0, 11.578125
1750402580.983459, 0.0, 11.578125
1750402581.9935691, 0.0, 11.578125
1750402583.003649, 0.0, 11.578125
1750402584.013717, 0.0, 11.59375
